rms,zcr,centroid,rolloff,dominant_freq,band_0_500,band_500_1500,band_1500_3000,band_3000_6000,mfcc_1,mfcc_2,mfcc_3,mfcc_4,mfcc_5,mfcc_6,mfcc_7,mfcc_8,mfcc_9,mfcc_10,mfcc_11,mfcc_12,mfcc_13,activity,filename
0.04673008993268013,0.11169448090505657,844.7423910036861,904.0,553.0,43652.2674021813,69244.06267588836,91.21739581222289,43.277800732132235,-408.1731262207031,98.8389892578125,36.9533805847168,15.806131362915039,-9.1976900100708,-8.247363090515137,2.872344970703125,-5.437629222869873,-0.6500586867332458,3.201112747192383,-0.2651901841163635,-0.3662053644657135,-2.1206374168395996,får,får_A_0.75m_nygaard_001_s01.wav
0.043390899896621704,0.12519532470779424,848.7815086614551,935.0,554.0,42304.56638056013,55146.355700891465,102.06356344339977,45.665800203642796,-416.7484130859375,91.91252899169922,31.084407806396484,15.709863662719727,-10.645440101623535,-9.552251815795898,-2.454463005065918,-5.822049140930176,-5.15185546875,0.25345760583877563,-1.965833067893982,-0.18112772703170776,0.7849990129470825,får,får_A_0.75m_nygaard_001_s02.wav
0.04032433032989502,0.10931933245827864,859.4757208273516,945.0,551.0,37954.43656846776,47725.91878526172,81.93140366457767,44.021804203974376,-399.9154052734375,97.37635040283203,32.7861442565918,24.883426666259766,-12.733280181884766,-15.425939559936523,-1.2469202280044556,-5.470660209655762,-2.808974266052246,-2.360919713973999,-3.5124051570892334,-1.3596811294555664,-4.605402946472168,får,får_A_0.75m_nygaard_001_s03.wav
0.04433247819542885,0.12300768798049878,866.3105973599486,923.0,504.0,52814.558961753326,69525.45831990885,190.43978129358794,98.44900953942029,-411.3260498046875,93.4106216430664,26.273408889770508,13.155595779418945,-16.30360984802246,-6.978643417358398,1.9207422733306885,-4.919580459594727,1.7391397953033447,5.042111396789551,-2.9205069541931152,-1.7024657726287842,-3.2260851860046387,får,får_A_0.75m_nygaard_001_s04.wav
0.04401640221476555,0.1147571723232702,839.8923633272922,867.0,553.0,43095.62149573512,59873.05999458031,130.09626044719639,43.9161073667626,-402.94024658203125,99.75633239746094,22.816137313842773,8.2247896194458,-15.637804985046387,-12.452535629272461,-3.3256843090057373,-6.866606712341309,-0.45656171441078186,7.187413215637207,1.2674258947372437,0.03221118450164795,0.373394638299942,får,får_A_0.75m_nygaard_001_s05.wav
0.031826429069042206,0.14675917244827802,878.932146398169,856.0,502.0,34428.80108390617,25301.841789914204,38.941897889664915,35.40357221970288,-424.77386474609375,87.7264404296875,34.308589935302734,10.313186645507812,-9.062629699707031,-8.511307716369629,-6.254001617431641,-6.422877311706543,2.1310782432556152,5.48883056640625,2.722829818725586,-1.1025145053863525,-3.944709300994873,får,får_A_0.75m_nygaard_001_s06.wav
0.027933260425925255,0.08688043002687668,987.7413419849559,1085.0,399.0,24223.987147283508,18226.736898286355,60.74088163212846,52.106536672567586,-397.31982421875,97.48187255859375,28.638572692871094,22.04039764404297,-0.6191489696502686,-5.540166854858398,0.6444770693778992,-7.55024528503418,-4.0177459716796875,3.7806954383850098,-1.3899569511413574,-1.4013181924819946,-3.46915602684021,får,får_A_0.75m_nygaard_001_s07.wav
0.03498261049389839,0.10769423088943059,944.7408248325874,954.0,525.0,17590.394543996503,40055.3057342558,124.6856095757037,53.788827519126144,-416.0304870605469,94.77137756347656,30.73208236694336,17.972368240356445,-8.380341529846191,-7.860518932342529,-2.767629384994507,-7.182355880737305,-0.48823145031929016,4.510499000549316,-3.0810768604278564,-0.17482680082321167,0.4404446482658386,får,får_A_0.75m_nygaard_001_s08.wav
0.03432433307170868,0.13350834427151698,920.1254232950486,963.0,559.0,21890.698606574228,33179.072377162556,71.21599531536157,33.04689713773182,-424.9902648925781,90.39542388916016,31.601943969726562,13.193033218383789,-9.260685920715332,-8.177995681762695,-2.6328749656677246,-3.3188066482543945,-1.9900095462799072,2.8137729167938232,-6.2266435623168945,-6.149057388305664,-2.1747982501983643,får,får_A_0.75m_nygaard_001_s09.wav
0.03513500466942787,0.11819488718044878,938.165693374262,969.0,530.0,25129.660246763116,39485.99878294677,141.7098093187941,59.687555144155795,-413.4054870605469,92.12743377685547,29.063709259033203,15.383016586303711,-13.79776668548584,-10.669366836547852,-1.956526517868042,-7.892784595489502,-3.912318229675293,2.890528678894043,-5.718413352966309,-3.5182294845581055,-1.5669312477111816,får,får_A_0.75m_nygaard_001_s10.wav
0.04653795436024666,0.12494530908181761,833.9376509380561,868.0,553.0,42935.79960390921,69175.25048126763,82.34953719837449,39.74377392431177,-434.5263366699219,82.51992797851562,33.17638397216797,9.133915901184082,-13.04066276550293,-6.736518383026123,5.80124568939209,-1.47281813621521,1.4469014406204224,3.266969919204712,0.6434809565544128,1.0834460258483887,0.5239373445510864,får,får_A_0.75m_stille_001_s01.wav
0.04323023185133934,0.1825114069629352,839.4555074628497,921.0,554.0,42026.906721480926,55071.66562164093,96.75724733186756,42.198304282917675,-442.27618408203125,79.31095123291016,29.323932647705078,10.388370513916016,-11.190759658813477,-5.994638442993164,0.7331395149230957,-2.4737987518310547,-2.0557730197906494,2.217089891433716,-1.1841542720794678,0.6791427135467529,0.6428712606430054,får,får_A_0.75m_stille_001_s02.wav
0.03995712846517563,0.18001125070316895,823.057656869121,900.0,551.0,36997.879616255086,47483.4043627527,47.387114195029014,29.575851166125574,-442.5328063964844,79.18632507324219,32.82193374633789,9.952876091003418,-11.869751930236816,-6.9380412101745605,0.9361181259155273,-0.9488227963447571,1.7032538652420044,3.265472888946533,-1.6265144348144531,-0.3671134114265442,-0.338273823261261,får,får_A_0.75m_stille_001_s03.wav
0.04424802586436272,0.1498843677729858,842.8378327682959,904.0,504.0,52523.44377009188,69524.46687572521,141.85984062045625,90.53073551966718,-435.5928955078125,82.67636108398438,29.40355682373047,12.001178741455078,-16.591093063354492,-5.835905075073242,3.229978084564209,-3.7418575286865234,2.012552261352539,6.854436874389648,-1.9584441184997559,-0.028194338083267212,0.4859381914138794,får,får_A_0.75m_stille_001_s04.wav
0.04376431554555893,0.1368835552222014,814.1296500966929,850.0,553.0,42755.60874286624,59466.4311909819,101.63740136911186,38.24271730867556,-441.94696044921875,83.35989379882812,32.84938049316406,10.983726501464844,-12.51237678527832,-6.696002960205078,2.036391258239746,-1.4121825695037842,0.9633535742759705,4.728174209594727,-1.8501310348510742,0.7446594834327698,2.373095989227295,får,får_A_0.75m_stille_001_s05.wav
0.03169098123908043,0.16432277017313582,832.2935529666436,836.0,502.0,34227.49440833848,25129.787519327096,29.150989678937286,29.241322645984162,-453.56951904296875,78.16925048828125,34.02840805053711,12.991376876831055,-9.657590866088867,-6.523098468780518,-1.9418137073516846,-1.421160101890564,1.3442714214324951,4.524950981140137,0.3590563237667084,1.4569206237792969,-0.34616655111312866,får,får_A_0.75m_stille_001_s06.wav
0.026858380064368248,0.14463403962747673,861.3645742005957,848.0,399.0,22425.881435894604,18208.788727060077,20.96502840187355,22.25325048075562,-453.420654296875,78.9966812133789,34.11341857910156,15.19740104675293,-4.833831787109375,-3.866206169128418,1.600590467453003,0.49592164158821106,1.1119444370269775,3.3645451068878174,-0.40129727125167847,-1.308670997619629,-2.0472233295440674,får,får_A_0.75m_stille_001_s07.wav
0.034628976136446,0.18169885617851117,919.5103389042625,927.0,525.0,16684.78690669945,39961.76187763214,104.08418226908061,44.52097135753054,-454.63665771484375,73.9756851196289,26.965652465820312,10.65505313873291,-10.199403762817383,-5.034564971923828,3.809821605682373,0.0964120626449585,1.500486969947815,6.296848773956299,-2.6525697708129883,0.11742639541625977,2.5312647819519043,får,får_A_0.75m_stille_001_s08.wav
0.03417254984378815,0.18763672729545597,895.8030159150393,945.0,559.0,21749.753166224313,32996.27459528897,64.2228029031572,29.12020448249585,-453.69189453125,73.80624389648438,27.77004623413086,11.407368659973145,-8.009786605834961,-4.38723087310791,1.1618335247039795,-1.396934986114502,-0.8250746726989746,4.213644981384277,-2.9463160037994385,-1.949315071105957,0.03745684027671814,får,får_A_0.75m_stille_001_s09.wav
0.03485983610153198,0.19988749296831052,908.7300295521022,936.0,529.0,24286.063814169986,39411.01196206709,126.14553923700814,51.05430441430883,-449.2862548828125,74.47335815429688,26.32392120361328,9.812695503234863,-13.15835952758789,-5.893877029418945,3.3570542335510254,0.3075438439846039,1.2406740188598633,3.828615188598633,-4.8017730712890625,-1.2305395603179932,1.051134467124939,får,får_A_0.75m_stille_001_s10.wav
0.04693949222564697,0.11588224264016501,981.8620132795239,1073.0,554.0,44028.86335505925,69501.9059593485,169.51861771996647,150.55085793291855,-382.09814453125,94.13488006591797,27.58029556274414,21.938465118408203,-12.977646827697754,-15.012924194335938,1.3723337650299072,-10.193336486816406,0.8403491973876953,2.348524808883667,-6.25596809387207,0.2946992814540863,1.0078059434890747,får,får_A_0.75m_tmlKlasse_001_s01.wav
0.043345142155885696,0.12013250828176761,859.1364021905932,967.0,554.0,42104.948247743705,55192.725101890486,120.59444955160666,48.949609634978,-404.6864013671875,98.78773498535156,23.317646026611328,11.10335922241211,-11.399517059326172,-9.934587478637695,-4.6780877113342285,-12.169341087341309,-3.7394344806671143,8.054893493652344,-0.7873517274856567,-1.996454119682312,0.14981302618980408,får,får_A_0.75m_tmlKlasse_001_s02.wav
0.04042749106884003,0.11831989499343709,869.7600963102835,957.0,551.0,37554.97437941397,48824.75862153914,77.83124481570577,46.401623721303096,-395.7442932128906,97.02391815185547,25.983402252197266,13.496278762817383,-13.182683944702148,-9.648202896118164,-3.8548810482025146,-10.111000061035156,-2.87074613571167,0.3156304657459259,-1.0818754434585571,-0.39769768714904785,-2.6997344493865967,får,får_A_0.75m_tmlKlasse_001_s03.wav
0.04498171806335449,0.0939433714607163,859.3862739327774,923.0,503.0,55001.83103309303,71143.12279354339,173.33414863966217,101.56718696520458,-390.7254333496094,108.62256622314453,25.04119110107422,9.777536392211914,-20.994495391845703,-11.452800750732422,-3.744696617126465,-13.689618110656738,-2.7992730140686035,4.689739227294922,-3.4080233573913574,0.6241827011108398,0.5314468145370483,får,får_A_0.75m_tmlKlasse_001_s04.wav
0.04423341527581215,0.08625539096193512,821.0582698315798,852.0,553.0,43245.67798295242,60367.76242474315,106.70214789590861,40.85601165704974,-410.47869873046875,104.57807922363281,36.050872802734375,14.882362365722656,-11.038719177246094,-10.144790649414062,-6.794775009155273,-11.145466804504395,-3.483954906463623,2.773132801055908,-2.656599521636963,-1.271172046661377,0.8334528207778931,får,får_A_0.75m_tmlKlasse_001_s05.wav
0.0318988598883152,0.11213200825051566,840.8196600909583,840.0,502.0,34747.36839774989,25175.14093352051,31.441755962151603,31.511757011599112,-428.8805847167969,94.6717300415039,34.4979248046875,10.627401351928711,-11.190677642822266,-9.390609741210938,-6.6099853515625,-6.869406700134277,-1.8017085790634155,2.941115617752075,-0.6081497669219971,1.79618239402771,-1.0082451105117798,får,får_A_0.75m_tmlKlasse_001_s06.wav
0.03070254996418953,0.10019376211013188,1121.4182486431603,2505.0,399.0,35713.932563946226,20177.54441343756,1706.284217590437,137.19878041136442,-357.015380859375,111.0409164428711,1.698264479637146,24.143157958984375,-3.8295915126800537,-13.24417781829834,1.2543962001800537,-18.269102096557617,-13.941808700561523,6.089319705963135,0.8425801396369934,-6.342076301574707,-8.312145233154297,får,får_A_0.75m_tmlKlasse_001_s07.wav
0.03463971987366676,0.17657353584599036,940.2341755712453,935.0,525.0,16726.182244814292,39952.97826903398,108.56796855776466,47.33005881136957,-444.22882080078125,76.32611083984375,25.15287971496582,9.897459983825684,-9.150656700134277,-4.3724284172058105,2.9815406799316406,-0.607160210609436,2.1292991638183594,6.96821403503418,-1.2950869798660278,0.056097179651260376,1.9603712558746338,får,får_A_0.75m_tmlKlasse_001_s08.wav
0.03450721129775047,0.09500593787111694,920.0804502185708,970.0,558.0,22353.707358215015,33740.64878676577,81.27644115389143,35.20799294390643,-417.0003356933594,98.72586059570312,31.949745178222656,14.246664047241211,-9.95585823059082,-8.566728591918945,-2.5679116249084473,-9.255025863647461,-7.153828144073486,-0.022961139678955078,-5.479284286499023,-2.1949660778045654,0.5152899026870728,får,får_A_0.75m_tmlKlasse_001_s09.wav
0.03557872399687767,0.10181886367897994,949.8678553247044,1070.0,529.0,25525.74462160821,40136.860187315164,221.26742425997912,63.03964952435574,-397.67816162109375,100.02000427246094,22.482315063476562,18.873676300048828,-9.134807586669922,-16.14578628540039,-6.138919830322266,-5.23894739151001,-1.6334624290466309,1.3507390022277832,-5.559089183807373,0.5284082293510437,5.0861358642578125,får,får_A_0.75m_tmlKlasse_001_s10.wav
0.021237362176179886,0.13369585599099942,1021.992237021083,1117.0,137.0,16216.680382960349,6180.262753020375,27.1339103010271,23.743778101660684,-433.44482421875,84.6839828491211,35.36520767211914,15.03884220123291,-3.314548969268799,-8.05498218536377,-1.2384443283081055,-3.9224438667297363,-4.808712959289551,-4.742149353027344,-6.0814595222473145,-1.001200556755066,0.7736364603042603,får,får_A_1.5m_nygaard_001_s01.wav
0.011672917753458023,0.11956997312332021,1332.5067050900568,2863.0,136.0,5409.041361768515,1813.4367386763827,61.983524235991666,30.418094434271936,-425.7428283691406,85.27847290039062,21.527254104614258,7.5077128410339355,-5.208056449890137,-4.37117338180542,-1.115830898284912,-0.059101298451423645,-1.231560230255127,-3.483757734298706,-5.847543239593506,-3.123617172241211,-3.6622486114501953,får,får_A_1.5m_nygaard_001_s02.wav
0.011097349226474762,0.13738358647415463,1284.1214607450327,2856.0,136.0,5413.805919159311,1704.5207217346203,23.308112955550705,21.417475456812515,-453.2054443359375,76.71484375,33.574378967285156,16.460834503173828,0.09977734088897705,-4.605288028717041,-3.7191853523254395,-3.4297826290130615,-1.5832350254058838,-1.0858170986175537,-5.915596961975098,-4.181979179382324,-2.7040843963623047,får,får_A_1.5m_nygaard_001_s03.wav
0.008599418215453625,0.11694480905056566,1579.1330738593056,4012.0,135.0,3441.264015112882,979.9295829959359,25.21310983443889,32.34266541833909,-435.56396484375,81.35601806640625,30.05345916748047,15.038715362548828,-0.5951837301254272,-3.36981201171875,-3.7713708877563477,-4.26731014251709,-3.9968554973602295,0.401968777179718,-5.060494422912598,-2.144387722015381,-2.115861415863037,får,får_A_1.5m_nygaard_001_s04.wav
0.014436419121921062,0.12207012938308644,1210.4212055747319,2620.0,389.0,8679.17985683068,3603.910838570315,53.108278148168,34.6922549519676,-438.48626708984375,78.35001373291016,32.845069885253906,23.707557678222656,-4.715432643890381,-9.119894981384277,-5.651134967803955,-8.90747356414795,1.1210136413574219,-2.6162726879119873,-11.511749267578125,-1.805091381072998,-1.776236891746521,får,får_A_1.5m_nygaard_001_s05.wav
0.01450099516659975,0.13025814113382087,2147.4309966846895,4804.0,387.0,7126.401607217074,4389.5892027197915,266.4787048416275,536.7951353622287,-405.674560546875,84.38288879394531,25.08887481689453,9.35184097290039,-8.703047752380371,-5.8692121505737305,0.5787022113800049,-5.004494667053223,-2.924957275390625,-4.18196964263916,-3.901174783706665,0.17927125096321106,-1.3241592645645142,får,får_A_1.5m_nygaard_001_s06.wav
0.015508322976529598,0.10025626601662604,1104.4356144279027,1646.0,386.0,9034.670951608025,4224.516296194208,20.586810127644632,20.955673760485304,-439.05224609375,87.55199432373047,35.70159149169922,18.256771087646484,0.25835728645324707,-3.5025851726531982,-3.3468687534332275,-5.108199596405029,-4.569683074951172,-2.0295729637145996,-4.530757904052734,-4.649050712585449,-3.852222442626953,får,får_A_1.5m_nygaard_001_s07.wav
0.018670858815312386,0.12238264891555722,1130.6592197942246,1783.0,248.0,11676.231145822814,6289.424903138498,56.21248077706262,24.08904743824247,-432.859375,86.55105590820312,29.928043365478516,13.674213409423828,-3.466125965118408,-4.5421833992004395,-3.503997325897217,-6.418444633483887,-7.047999382019043,-3.1013824939727783,-4.096487045288086,-4.5613250732421875,-1.7901229858398438,får,får_A_1.5m_nygaard_001_s08.wav
0.014251245185732841,0.09300581286330396,1249.1080736387792,2578.0,331.0,8215.053979243909,2803.6661596914164,48.87939919310385,38.149341869741704,-406.100341796875,97.06171417236328,23.670669555664062,11.830615997314453,-8.256587982177734,-8.570146560668945,-4.121721267700195,-10.232084274291992,-6.4468913078308105,-0.8441929221153259,-4.823292255401611,-2.36270809173584,-5.591267108917236,får,får_A_1.5m_nygaard_001_s09.wav
0.01585996150970459,0.08894305894118383,1093.8118317767605,1828.0,246.0,8952.375790070339,3618.6900300862826,26.220986471585753,24.256296370085074,-432.61077880859375,90.63078308105469,38.06229019165039,22.760223388671875,0.21361231803894043,-6.185487270355225,-3.2107315063476562,-2.047245502471924,-4.2068586349487305,-3.13437557220459,-6.650290489196777,-3.6419687271118164,-0.9766462445259094,får,får_A_1.5m_nygaard_001_s10.wav
0.02080049365758896,0.2068254265891618,990.5070582592003,1006.0,137.0,15729.30315660074,6036.505056414423,20.062878933291984,18.552199077926648,-461.2379150390625,67.74378204345703,29.39470672607422,8.414950370788574,-2.2395451068878174,-3.1744956970214844,2.2015156745910645,0.3188982903957367,-2.609929084777832,-3.8790364265441895,-5.90580940246582,-2.0009889602661133,0.5644991397857666,får,får_A_1.5m_stille_001_s01.wav
0.010914099402725697,0.1942621413838365,1262.4253191281518,2694.0,136.0,4841.106103788867,1529.9560667179364,11.0428935424996,16.88134026170184,-474.19732666015625,61.957313537597656,28.752397537231445,10.287432670593262,0.3032359480857849,0.6774430274963379,1.6115717887878418,3.210042953491211,-1.635540246963501,-2.82774019241333,-5.607626914978027,-0.9976902008056641,-0.387402206659317,får,får_A_1.5m_stille_001_s02.wav
0.010756575502455235,0.19513719607475466,1255.3179643416552,2769.0,136.0,5118.090706540466,1656.5525779180546,10.91984989079868,16.67268270625244,-477.6194152832031,62.06468200683594,31.15254020690918,13.02107048034668,0.21358036994934082,-0.7743574380874634,-0.19031387567520142,0.30865758657455444,-0.2760639190673828,-1.0424480438232422,-4.597140312194824,-2.76420259475708,-1.2118101119995117,får,får_A_1.5m_stille_001_s03.wav
0.0077024889178574085,0.18419901243827738,1510.0654618571236,3907.0,135.0,2832.6013957134355,864.0141128776685,11.033920630752993,17.230496538605692,-478.73443603515625,60.270713806152344,28.78519058227539,12.169218063354492,2.111887216567993,1.905043363571167,1.5959086418151855,2.568378448486328,-0.7327930927276611,1.2751100063323975,-3.3277063369750977,-1.7036020755767822,-2.017582416534424,får,får_A_1.5m_stille_001_s04.wav
0.013592110015451908,0.20595037189824364,1114.4775708737136,1713.0,389.0,8380.354866141277,3313.4019066653373,11.438973406498393,16.10940886184106,-475.6475830078125,63.53140640258789,30.96634864807129,11.948663711547852,-0.16185271739959717,-2.4929099082946777,-1.313775658607483,0.11207032203674316,-2.0079503059387207,-2.2533116340637207,-3.3712315559387207,-2.9829540252685547,-2.5954835414886475,får,får_A_1.5m_stille_001_s05.wav
0.013213369995355606,0.19557472342021376,1112.3140402661256,1700.0,387.0,6826.104708743544,3049.8759536593184,11.813114273001077,15.831575626922483,-474.4056091308594,64.77328491210938,31.412717819213867,12.618921279907227,-0.2543942928314209,-1.3001606464385986,1.1362202167510986,1.6249098777770996,-1.6664836406707764,-1.6211825609207153,-3.666320323944092,-2.2273809909820557,-1.5914502143859863,får,får_A_1.5m_stille_001_s06.wav
0.0150584876537323,0.18882430151884494,1093.9729450238879,1369.0,387.0,8407.314801468296,4096.083981113798,13.704265226738972,17.43884188971112,-472.82379150390625,66.52030944824219,31.418609619140625,12.566072463989258,-1.8183977603912354,-0.8210606575012207,1.9300442934036255,2.945937395095825,-1.0463405847549438,-1.915038824081421,-4.221067428588867,-3.0367865562438965,-0.6549669504165649,får,får_A_1.5m_stille_001_s07.wav
0.01826658472418785,0.2038877429839365,1073.3172455929591,1240.0,503.0,11219.420148127245,5807.787754783256,14.814638016899368,16.784775523233282,-473.18414306640625,65.2449722290039,30.686725616455078,12.325824737548828,-2.086322069168091,-1.2538349628448486,0.050295114517211914,0.8962372541427612,-2.603633165359497,-2.6299643516540527,-4.003931045532227,-2.250410556793213,-0.5638489723205566,får,får_A_1.5m_stille_001_s08.wav
0.012674113735556602,0.18694918432402025,1177.6337884870077,1985.0,246.0,6812.99774707786,2319.7929985865644,12.99754033520111,17.588180527211325,-473.7174072265625,64.3250732421875,28.865886688232422,11.84585952758789,-0.5579874515533447,-0.2971993684768677,2.468348979949951,2.29695463180542,-3.1243762969970703,-1.9634780883789062,-4.679291725158691,-1.3125799894332886,-0.5346894264221191,får,får_A_1.5m_stille_001_s09.wav
0.014805111102759838,0.18669916869804362,1123.6167932352162,1570.0,386.0,7468.113226603166,3420.640329075221,12.465495977164428,17.466272457775688,-471.68450927734375,65.5259017944336,30.162803649902344,11.830169677734375,-0.4531043767929077,-0.12959587574005127,1.0329543352127075,2.3070263862609863,-1.1818143129348755,-1.7337357997894287,-4.788171768188477,-2.097655773162842,0.2102210372686386,får,får_A_1.5m_stille_001_s10.wav
0.02128678746521473,0.11650728170510657,1049.3972802935834,1571.0,137.0,16687.835051551952,6139.805859070697,46.61599778896252,38.86683208950852,-419.4618225097656,88.5587158203125,31.388973236083984,18.406341552734375,-6.1984639167785645,-8.379261016845703,1.6307587623596191,-5.180566787719727,-3.035792589187622,-4.089980125427246,-8.930814743041992,-1.8213282823562622,-0.004337966442108154,får,får_A_1.5m_tmlKlasse_001_s01.wav
0.013143958523869514,0.09431839489968123,1232.733119722723,2510.0,385.0,8108.078625569284,2066.975056872666,77.29498633227425,29.779492934264436,-419.52874755859375,89.07149505615234,20.021312713623047,13.001930236816406,-1.3939335346221924,-6.606685638427734,-1.707615613937378,-5.212026119232178,-5.871455669403076,0.2533928155899048,-5.549467086791992,-3.0627007484436035,-1.3171987533569336,får,får_A_1.5m_tmlKlasse_001_s02.wav
0.011223631910979748,0.16913557097318582,1221.0518579236686,2586.0,136.0,5989.245896114087,1681.4542596318015,16.819909857147955,19.62659312435354,-461.1395263671875,70.91641235351562,32.71054458618164,16.205184936523438,2.7262604236602783,-0.2354128360748291,0.7196976542472839,-0.13191591203212738,-0.85523521900177,-0.14788760244846344,-3.3623061180114746,-2.958974838256836,-1.832949161529541,får,får_A_1.5m_tmlKlasse_001_s03.wav
0.0091707156971097,0.10063128945559098,1478.0825189628831,3483.0,135.0,3888.3046158916304,929.5802560596251,62.07216984245438,27.778391183952554,-431.8610534667969,81.33255004882812,27.07157325744629,23.508121490478516,-2.0192782878875732,-10.64532470703125,-6.366965293884277,-5.069841384887695,-4.6334991455078125,-5.069088935852051,-4.775527477264404,2.835338830947876,-1.3955992460250854,får,får_A_1.5m_tmlKlasse_001_s04.wav
0.01469019427895546,0.09838114882180136,1297.8668611535093,2969.0,390.0,9394.878170079322,3485.214553440739,97.56502130146308,86.19847148231295,-414.34637451171875,87.45829772949219,23.651540756225586,28.741369247436523,0.7768979072570801,-15.108633041381836,-8.911211013793945,-12.857919692993164,-5.498910427093506,-2.2097489833831787,-7.677481174468994,-3.5128393173217773,-2.046300172805786,får,får_A_1.5m_tmlKlasse_001_s05.wav
0.015041311271488667,0.09525595349709357,1121.0801347729468,1934.0,387.0,8577.806464949132,3749.987358523248,24.145425220920693,23.74553350227694,-422.6941223144531,97.68880462646484,35.339256286621094,14.146480560302734,-7.722224235534668,-10.377655982971191,-4.568475723266602,-7.849414348602295,-7.7740373611450195,-4.787592887878418,-7.238520622253418,-0.7611125707626343,-0.9637693762779236,får,får_A_1.5m_tmlKlasse_001_s06.wav
0.018985068425536156,0.07619226201637602,1196.9594446434712,2161.0,387.0,11855.116301137856,5693.519704570103,119.87518258257583,64.90276158453398,-391.9691162109375,101.82405090332031,30.491748809814453,13.19771671295166,-6.292705059051514,-5.6372904777526855,-14.496833801269531,-8.838903427124023,-8.264941215515137,-9.395751953125,-2.179272174835205,-6.091294288635254,-6.631991386413574,får,får_A_1.5m_tmlKlasse_001_s07.wav
0.019571170210838318,0.09631851990749422,1105.9166206934578,1883.0,501.0,14271.262647909507,6229.8052378112925,80.75175634479888,30.185376500981448,-417.12445068359375,92.65092468261719,21.13772201538086,14.913477897644043,-3.322901725769043,-7.864026069641113,-2.6319072246551514,-5.671788215637207,-5.645774841308594,0.5313670635223389,-3.6526389122009277,-3.140772819519043,-0.6584006547927856,får,får_A_1.5m_tmlKlasse_001_s08.wav
0.014860298484563828,0.08700543783986499,1155.515574272896,2065.0,246.0,9154.480757871366,2750.2544841027056,34.23094608677951,26.74591457197917,-416.896240234375,98.50637817382812,26.408597946166992,10.75332260131836,-4.902438163757324,-4.611086845397949,-1.1885302066802979,-7.16815710067749,-9.559005737304688,-4.35914945602417,-7.5426788330078125,-4.350111961364746,-3.6962409019470215,får,får_A_1.5m_tmlKlasse_001_s09.wav
0.014905275776982307,0.15019688730545658,1141.7982875595565,1777.0,511.0,7586.74869994651,3431.0270974267264,14.746043499052128,19.35002414041741,-456.0749206542969,73.9274673461914,33.259910583496094,17.143951416015625,1.2460808753967285,-2.9433116912841797,-1.155282735824585,0.011970937252044678,-3.580688953399658,-2.8766567707061768,-4.653512001037598,-1.107411503791809,0.7663290500640869,får,får_A_1.5m_tmlKlasse_001_s10.wav
0.0787401795387268,0.1331958247390462,823.3071661337602,841.0,599.0,86100.74194136135,280915.355759081,152.69513597085603,216.81763435866907,-387.5614013671875,97.02284240722656,30.523822784423828,16.13552474975586,-17.91733741760254,-19.508331298828125,-7.438803672790527,-11.2418851852417,0.23056989908218384,-2.2984328269958496,-3.455134630203247,-1.8591914176940918,-4.167562007904053,får,får_C_0.75m_nygaard_001_s01.wav
0.04895329847931862,0.1610725670354397,909.7076570156974,926.0,599.0,39520.859509772665,95837.73126594376,229.3054264903569,105.25529799844003,-400.326171875,81.29139709472656,16.088096618652344,13.035801887512207,-9.922804832458496,-17.418655395507812,-5.401357650756836,-3.4130239486694336,4.255425930023193,-1.8201241493225098,-3.9057774543762207,-1.280110478401184,-4.020182132720947,får,får_C_0.75m_nygaard_001_s02.wav
0.04306768253445625,0.13100818801175074,896.3210224283254,862.0,568.0,19095.84818544226,92720.67807424873,40.94883414331903,60.10955530462259,-409.5491943359375,90.21063232421875,32.161102294921875,20.46269989013672,-11.777585983276367,-14.283698081970215,-6.094898223876953,-7.490496635437012,-1.2540644407272339,-4.054325103759766,-4.688732147216797,2.1667721271514893,-4.666870594024658,får,får_C_0.75m_nygaard_001_s03.wav
0.04296468198299408,0.1435089693105819,879.621109331526,872.0,572.0,25688.483131557365,82866.58337141016,43.040182455392745,56.34754967637507,-422.77362060546875,88.04344940185547,32.05623245239258,11.039326667785645,-10.77419662475586,-12.64250373840332,-6.193127155303955,-3.692680597305298,0.6404058933258057,-0.397037535905838,-3.1059694290161133,1.1040027141571045,-2.215972423553467,får,får_C_0.75m_nygaard_001_s04.wav
0.041635408997535706,0.1683230201887618,955.1456435704605,890.0,437.0,39994.78750470598,59200.341424556325,65.70719788023683,108.07105014698564,-408.05401611328125,89.19273376464844,36.47917556762695,9.467926025390625,-13.517276763916016,-15.788241386413574,-6.253267288208008,-8.576026916503906,4.503119945526123,2.100858211517334,-3.397822856903076,0.8060303926467896,-5.8040313720703125,får,får_C_0.75m_nygaard_001_s05.wav
0.042810942977666855,0.15494718419901243,929.0756701698659,922.0,301.0,33421.33254801086,80280.38786293764,59.29190254346059,138.19738304019805,-405.10369873046875,90.51005554199219,32.15225601196289,11.942201614379883,-15.047203063964844,-19.08368492126465,-6.8622636795043945,-12.813423156738281,-0.33735907077789307,0.20542991161346436,-5.852596282958984,-1.3979870080947876,-2.5929784774780273,får,får_C_0.75m_nygaard_001_s06.wav
0.044703591614961624,0.12125757859866242,930.911261416573,1013.0,288.0,48363.347582904644,73352.37750460603,188.44396549731337,208.99077471569586,-389.27154541015625,96.2183837890625,19.075603485107422,13.841357231140137,-14.712807655334473,-13.48528003692627,-6.667181491851807,-11.942265510559082,1.798731803894043,3.0593061447143555,-2.3166275024414062,0.5111104249954224,-4.338432312011719,får,får_C_0.75m_nygaard_001_s07.wav
0.0479963943362236,0.14388399274954686,889.7455206059875,900.0,301.0,52146.50160754034,87256.69949524618,76.30732240382935,142.64999387496638,-395.8095703125,94.82755279541016,24.13336944580078,11.106391906738281,-8.86051082611084,-13.26313591003418,-9.072554588317871,-13.29098129272461,-0.940147876739502,-1.1078386306762695,-6.010228157043457,-4.155450820922852,-7.428330898284912,får,får_C_0.75m_nygaard_001_s08.wav
0.05243862047791481,0.15094693418338645,885.566659944519,886.0,598.0,40163.812248522234,127112.2202126978,103.94443903758687,177.3677227834553,-406.5429992675781,86.43226623535156,27.853466033935547,13.373666763305664,-14.366856575012207,-17.82929039001465,-2.8408238887786865,-7.156293869018555,-0.2567862868309021,-1.2137587070465088,-4.37864875793457,0.01259756088256836,-5.8023576736450195,får,får_C_0.75m_nygaard_001_s09.wav
0.05314645171165466,0.1488843052690793,864.3109710294792,876.0,527.0,44749.07609777965,137377.02639559697,113.93961922243128,172.42721132846347,-417.80419921875,84.67662048339844,30.959945678710938,11.22403335571289,-16.987934112548828,-15.351335525512695,-6.341503143310547,-11.272327423095703,-2.5904338359832764,-1.797503113746643,-5.790696144104004,1.6749725341796875,-2.606353998184204,får,får_C_0.75m_nygaard_001_s10.wav
0.07855486124753952,0.20395024689043065,807.9847568362078,831.0,599.0,85808.02285909836,280037.52956176945,130.15994066999318,206.37271298831106,-425.3948669433594,80.12271118164062,31.516597747802734,10.699134826660156,-16.196380615234375,-12.413442611694336,-4.412413120269775,-7.650547981262207,1.3469429016113281,-1.8815333843231201,-2.1508235931396484,0.1555367261171341,-3.0479798316955566,får,får_C_0.75m_stille_001_s01.wav
0.04873688891530037,0.1986374148384274,843.1626366579134,870.0,599.0,39094.06118418742,95401.6895507746,50.99531513867178,79.06037482159586,-434.44256591796875,73.16089630126953,24.624351501464844,9.53322696685791,-8.397810935974121,-11.625436782836914,-3.970794200897217,-2.366429090499878,3.4411003589630127,-1.5905119180679321,-3.081735134124756,0.7078789472579956,-3.02970552444458,får,får_C_0.75m_stille_001_s02.wav
0.04277787357568741,0.20420026251640727,868.6173763818406,856.0,568.0,18256.646991742502,92433.62330983045,31.141849899456105,49.08345526291047,-446.65093994140625,74.9243392944336,28.661863327026367,8.16221809387207,-11.070873260498047,-10.811567306518555,-5.2795867919921875,-2.822301149368286,1.1669939756393433,0.42253243923187256,-0.8196264505386353,1.901564121246338,-2.926654100418091,får,får_C_0.75m_stille_001_s03.wav
0.042888566851615906,0.19151196949809363,864.9998825832457,869.0,572.0,25388.52980618577,83150.16186529056,31.378947072812444,52.47811256884346,-442.0644836425781,77.38008117675781,28.203125,8.002021789550781,-11.482002258300781,-11.32911491394043,-4.476631164550781,-1.5082532167434692,2.25901460647583,0.2611389756202698,-2.4912261962890625,1.853423833847046,-2.141486406326294,får,får_C_0.75m_stille_001_s04.wav
0.04140165075659752,0.22932683292705794,927.4699642186552,876.0,437.0,39628.9954749856,58889.251424305985,26.64054966371699,97.86160965692605,-441.4911804199219,72.49170684814453,35.03407287597656,6.42210578918457,-11.951711654663086,-11.960966110229492,-1.214876413345337,-3.2648534774780273,3.817692756652832,0.5714486241340637,-3.5080535411834717,1.980330467224121,-5.194731712341309,får,får_C_0.75m_stille_001_s05.wav
0.042655639350414276,0.2400150009375586,911.0431823642666,909.0,301.0,33008.816960613345,80421.72273181453,35.515310926581286,131.3435695193753,-439.79718017578125,73.11075592041016,33.147239685058594,5.660529613494873,-13.834781646728516,-10.883157730102539,-0.8961281776428223,-7.843755722045898,0.8387616872787476,-0.7246678471565247,-3.599283218383789,1.5519678592681885,-2.6727006435394287,får,får_C_0.75m_stille_001_s06.wav
0.04431562125682831,0.19882492655790987,873.6713050603042,871.0,288.0,46337.22833741513,74015.84941021237,35.493494632050584,176.32044724767698,-443.404541015625,74.3525161743164,29.822147369384766,10.788272857666016,-13.853954315185547,-9.190742492675781,-4.142778396606445,-7.275505065917969,1.8057808876037598,1.7740705013275146,-3.502943992614746,1.744513750076294,-2.0161075592041016,får,får_C_0.75m_stille_001_s07.wav
0.04781719297170639,0.22638914932183263,857.743857777673,877.0,301.0,51492.27295689038,87519.86081642612,28.22325979667343,132.74058561941712,-437.1416015625,76.67750549316406,30.90166664123535,8.599685668945312,-11.472864151000977,-10.152509689331055,-1.456324577331543,-5.754454612731934,0.576887845993042,-1.3222601413726807,-4.0804314613342285,-0.45544859766960144,-4.847836017608643,får,får_C_0.75m_stille_001_s08.wav
0.05230712890625,0.21676354772173262,858.7725677004736,882.0,598.0,39693.018353981555,127031.81879120362,86.22642808084262,166.18591104685206,-436.7200012207031,71.56365966796875,30.459548950195312,14.015969276428223,-11.145895004272461,-12.609381675720215,-1.748014211654663,-5.591455936431885,0.7762290835380554,-0.5011072158813477,-2.2275376319885254,2.7153279781341553,-3.5057098865509033,får,får_C_0.75m_stille_001_s09.wav
0.05300064757466316,0.20757547346709168,856.3080689780297,875.0,527.0,44524.121349660854,137131.48470222854,110.94030811461731,166.29559599252443,-433.5869140625,74.57433319091797,27.569503784179688,7.922877311706543,-16.923969268798828,-12.784380912780762,-2.1502418518066406,-5.275282382965088,2.0707969665527344,0.651482343673706,-4.277806758880615,2.8970937728881836,-2.402561664581299,får,får_C_0.75m_stille_001_s10.wav
0.07853244990110397,0.1758234889680605,814.2250774299267,833.0,599.0,85619.8088680016,279937.9294651367,133.42739342268976,210.99662983029066,-415.29217529296875,84.87564086914062,33.07662582397461,13.133674621582031,-13.707303047180176,-10.587135314941406,-4.150594711303711,-7.8879170417785645,1.5827584266662598,-1.6076128482818604,-2.011819839477539,0.4995058476924896,-2.8051443099975586,får,får_C_0.75m_tmlKlasse_001_s01.wav
0.048873499035835266,0.1626351646977936,889.78658636522,905.0,599.0,39062.76563964632,95495.13743879915,142.1552720871527,94.16580504368254,-392.0109558105469,85.41900634765625,5.853363037109375,9.27825927734375,-7.817514419555664,-14.490325927734375,-2.050576686859131,-2.9194228649139404,4.829202651977539,1.9327521324157715,-3.85369610786438,-2.0236196517944336,-3.5042409896850586,får,får_C_0.75m_tmlKlasse_001_s02.wav
0.042802415788173676,0.16301018813675855,884.5317449740842,860.0,569.0,18311.02424901997,92326.83365367904,40.21472435850437,52.41439350775756,-429.5274658203125,84.22254943847656,29.253314971923828,11.905649185180664,-7.269341468811035,-11.344072341918945,-5.974130630493164,-3.3736438751220703,0.522505521774292,-0.3263683021068573,-1.7832825183868408,1.818215250968933,-1.6487623453140259,får,får_C_0.75m_tmlKlasse_001_s03.wav
0.0432024821639061,0.10713169573098319,881.3991272717946,873.0,572.0,26271.009127971767,83747.99827697739,47.52998514257503,58.13395817416435,-410.9178161621094,98.49064636230469,32.3065185546875,12.128938674926758,-10.74882698059082,-13.203208923339844,-7.306480407714844,-10.046564102172852,-5.3109331130981445,-3.4046311378479004,-4.620765209197998,0.8877286911010742,-2.583096742630005,får,får_C_0.75m_tmlKlasse_001_s04.wav
0.0419311597943306,0.13100818801175074,932.8915462754824,878.0,437.0,40344.46624249567,60707.63695997713,34.322648439502814,101.54471989523641,-415.52484130859375,89.73936462402344,37.99402618408203,11.293204307556152,-8.057514190673828,-11.668221473693848,-4.5703511238098145,-9.442008018493652,-1.9029242992401123,-2.311216115951538,-5.334414005279541,-1.1135910749435425,-7.870011329650879,får,får_C_0.75m_tmlKlasse_001_s05.wav
0.04299764335155487,0.18201137571098194,939.7349667136364,923.0,301.0,34101.32884264075,81575.07342901091,56.64614057873064,138.43787178181978,-412.28875732421875,82.01496887207031,33.244102478027344,11.2560396194458,-9.51623249053955,-11.70089340209961,-5.34983491897583,-10.810518264770508,-1.3208045959472656,-3.36397123336792,-5.320091247558594,-0.6477163434028625,-2.354445457458496,får,får_C_0.75m_tmlKlasse_001_s06.wav
0.044935546815395355,0.09850615663478968,883.6687881370966,888.0,288.0,49202.35705980736,74479.94376241697,58.895662088834335,183.37361138160392,-397.136962890625,100.40833282470703,25.50994110107422,9.966236114501953,-14.841028213500977,-11.541069984436035,-6.0467529296875,-15.585744857788086,-2.353039026260376,4.059120178222656,-1.0571978092193604,0.17444771528244019,-7.1380205154418945,får,får_C_0.75m_tmlKlasse_001_s07.wav
0.048221562057733536,0.16176011000687543,875.0510050598921,889.0,301.0,53655.29333216546,87766.42198445217,72.70119047338268,146.3175501184045,-398.19952392578125,94.11489868164062,24.174909591674805,12.968263626098633,-13.352880477905273,-15.514535903930664,-4.027006149291992,-14.312948226928711,-4.002192497253418,-0.41835352778434753,-3.759572982788086,-0.10518306493759155,-4.452922821044922,får,får_C_0.75m_tmlKlasse_001_s08.wav
0.05368233099579811,0.09519344959059942,907.0730891478402,1009.0,598.0,45182.16006093588,127504.43733254864,232.8385652527065,215.79398824579033,-371.234375,103.275146484375,18.005714416503906,11.578749656677246,-13.170453071594238,-13.544803619384766,-11.97661018371582,-22.371437072753906,-2.6426804065704346,-0.10010635852813721,-1.5112849473953247,2.403367519378662,-4.594130516052246,får,får_C_0.75m_tmlKlasse_001_s09.wav
0.05319632217288017,0.14019626226639165,906.019043808893,960.0,527.0,45702.725025293636,137329.6075834705,300.6146769645137,199.85472239081844,-378.1694641113281,96.97225952148438,14.983561515808105,17.022396087646484,-15.592887878417969,-19.013179779052734,-3.1648919582366943,-10.446786880493164,-1.2291284799575806,0.05682027339935303,-3.0778908729553223,3.93835711479187,-4.781052589416504,får,får_C_0.75m_tmlKlasse_001_s10.wav
0.1162622794508934,0.12575785986624163,843.6079447645059,829.0,806.0,191593.70480099734,637053.5919603005,102.19879679023236,1013.8722307270077,-403.753173828125,98.84635925292969,29.56716537475586,9.24710750579834,-12.058906555175781,-10.193775177001953,0.24966822564601898,-7.3179240226745605,0.19245095551013947,2.602161407470703,-4.400552749633789,-2.611846685409546,-12.106698036193848,får,får_C_1.5m_nygaard_001_s01.wav
0.08502086997032166,0.12788299268704295,805.0822894377912,846.0,457.0,192225.6209404024,262943.3118126479,68.31461511797607,230.72258489756157,-396.0806884765625,101.66419982910156,22.053699493408203,8.178302764892578,-16.88516616821289,-11.58195686340332,-2.720350742340088,-9.065921783447266,-1.8014965057373047,2.0872344970703125,-1.809632420539856,0.8405755758285522,-8.075611114501953,får,får_C_1.5m_nygaard_001_s02.wav
0.08613178879022598,0.11919494968435528,857.1032344464385,889.0,453.0,198260.06342108824,229328.00242130214,182.54572333548822,443.8275967944048,-382.3802490234375,100.94476318359375,21.16244125366211,8.473823547363281,-21.208484649658203,-15.135807037353516,-5.150549411773682,-11.024162292480469,0.8434780240058899,3.666973114013672,-5.17534065246582,-2.7282018661499023,-9.214482307434082,får,får_C_1.5m_nygaard_001_s03.wav
0.06418386846780777,0.15307206700418777,845.2005601500126,874.0,761.0,110296.14900577837,134952.2547214751,44.336481420990665,152.39522541942318,-410.2084045410156,94.15943908691406,26.0587158203125,6.193498611450195,-18.40291404724121,-10.804879188537598,-0.6827684044837952,-7.264261722564697,2.731732130050659,4.907362461090088,-0.33212435245513916,-1.4716167449951172,-6.460142135620117,får,får_C_1.5m_nygaard_001_s04.wav
0.0776519849896431,0.1126320395024689,879.2742771358398,916.0,452.0,166720.99768872524,185141.35141514507,94.51562647543909,417.32899139696576,-390.9788818359375,103.16694641113281,23.757251739501953,8.567343711853027,-17.636327743530273,-10.021005630493164,-2.9018678665161133,-12.684688568115234,0.5577784180641174,5.629101753234863,-2.822295665740967,-1.4867002964019775,-10.621737480163574,får,får_C_1.5m_nygaard_001_s05.wav
0.08864500373601913,0.1265079067441715,851.0131562723113,865.0,463.0,290312.4041926322,183666.98897340024,98.96530637305764,434.1553385623679,-406.2576904296875,96.60598754882812,28.53853988647461,10.114747047424316,-19.190311431884766,-13.737560272216797,-2.3087284564971924,-10.090082168579102,1.0436128377914429,2.0905728340148926,-3.6182761192321777,0.5258536338806152,-5.468597412109375,får,får_C_1.5m_nygaard_001_s06.wav
0.054775357246398926,0.1120695043440215,879.2090079903871,857.0,471.0,137370.20311362366,93829.82165368627,69.45319104667743,144.86544238042953,-400.8235168457031,96.62739562988281,24.766244888305664,7.6317901611328125,-15.473342895507812,-8.025325775146484,-2.7810254096984863,-11.687034606933594,-0.4316646456718445,1.6470866203308105,-4.269887924194336,-1.5334416627883911,-5.0536956787109375,får,får_C_1.5m_nygaard_001_s07.wav
0.10483375191688538,0.1327582973935871,867.8204566794648,843.0,668.0,94568.52837722281,546156.6970457879,124.88135958144605,384.9758524408427,-392.108154296875,97.17607879638672,18.056612014770508,3.275806427001953,-20.99583625793457,-13.64747142791748,-4.070649147033691,-9.491744995117188,3.7002923488616943,3.898817539215088,-6.193204402923584,-6.780052661895752,-10.561944961547852,får,får_C_1.5m_nygaard_001_s08.wav
0.069759801030159,0.12669541846365398,888.2946844103186,888.0,529.0,40511.451223095435,263376.17783660657,107.25576211883345,227.7175580178957,-396.988525390625,96.68449401855469,21.16870880126953,8.784468650817871,-17.59137535095215,-12.22332763671875,-3.3534090518951416,-10.539739608764648,-1.0255143642425537,1.4051685333251953,-2.553129196166992,-4.387158393859863,-9.507015228271484,får,får_C_1.5m_nygaard_001_s09.wav
0.08158980309963226,0.11719482467654228,837.9194795598348,844.0,461.0,214106.90726373516,178788.81546793447,45.91338047922857,276.88819738577456,-397.4939880371094,100.55596923828125,28.769756317138672,8.970340728759766,-17.691478729248047,-10.04307746887207,-3.6821532249450684,-7.48809814453125,3.6591410636901855,2.660404682159424,-4.7722930908203125,-1.4877142906188965,-9.69450569152832,får,får_C_1.5m_nygaard_001_s10.wav
0.1162395179271698,0.20101256328520534,839.1781788412067,828.0,806.0,191427.82040347505,636900.2159038784,94.75028559388073,1013.4860138679492,-421.8398742675781,87.02976989746094,24.63094139099121,3.381903886795044,-15.313282012939453,-9.466691970825195,1.6424202919006348,-4.531569480895996,2.6000142097473145,3.502086639404297,-1.2803105115890503,1.5804322957992554,-9.876830101013184,får,får_C_1.5m_stille_001_s01.wav
0.0849611833691597,0.1732608288018001,795.9779031639284,841.0,457.0,192541.45963437358,262318.37243020494,58.191764270391815,223.63269466953386,-424.713134765625,87.1003189086914,23.431278228759766,6.2539849281311035,-13.674447059631348,-8.725040435791016,-2.1296653747558594,-5.209803581237793,0.6584913730621338,3.44403338432312,-1.569997787475586,-0.5388330221176147,-7.3509721755981445,får,får_C_1.5m_stille_001_s02.wav
0.08598975837230682,0.17857366085380336,835.3980246130903,857.0,453.0,196754.83613843384,229443.98633677562,110.89181163208715,434.3399489319985,-420.88677978515625,85.60494995117188,25.602834701538086,6.185296058654785,-18.9460506439209,-12.007373809814453,-0.7392373085021973,-8.463886260986328,0.7857679724693298,6.192379951477051,-3.915343999862671,-0.9826748371124268,-5.763156414031982,får,får_C_1.5m_stille_001_s03.wav
0.06408527493476868,0.19319957497343584,841.3255611921232,871.0,761.0,109675.00186873395,134887.76519492734,41.19190913666735,151.39360871499647,-425.84552001953125,84.80061340332031,23.75328826904297,3.2206945419311523,-17.990764617919922,-9.39823055267334,-1.085032343864441,-8.012425422668457,2.5187835693359375,3.8442273139953613,-0.46045491099357605,0.11918409168720245,-4.950782775878906,får,får_C_1.5m_stille_001_s04.wav
0.0775085985660553,0.17701106319144946,863.5547168991369,897.0,452.0,165786.05935608636,184697.01840599926,60.28450613273965,395.85510049689015,-429.51068115234375,83.81065368652344,26.987838745117188,5.547387599945068,-19.220069885253906,-9.622049331665039,0.0722053050994873,-5.432520389556885,3.63474702835083,5.540581226348877,-3.551035165786743,0.32762014865875244,-7.770148277282715,får,får_C_1.5m_stille_001_s05.wav
0.088607557117939,0.16901056316019752,847.8103782597325,863.0,463.0,290001.3477835195,183718.7745053684,92.03589885454457,431.9814784555399,-433.2149658203125,82.14623260498047,28.051372528076172,6.686938285827637,-18.110759735107422,-9.351411819458008,0.9855175018310547,-6.91240119934082,4.5860724449157715,5.483403205871582,-2.890331268310547,-0.13267958164215088,-4.3516459465026855,får,får_C_1.5m_stille_001_s06.wav
0.05475009232759476,0.18707419213700857,865.4740327860727,843.0,471.0,137385.86645555994,94050.31862179852,52.34032085734342,138.18408051214283,-430.54315185546875,78.23634338378906,20.387907028198242,4.390044689178467,-15.412772178649902,-5.872163772583008,1.2405569553375244,-6.289279460906982,2.23291277885437,4.006297588348389,-2.40543794631958,-0.489042192697525,-4.420042991638184,får,får_C_1.5m_stille_001_s07.wav
0.10478942096233368,0.18676167260453777,851.1765759666447,841.0,668.0,94200.36837267673,545728.235372818,77.27807696638138,367.22638844418395,-423.5435791015625,82.55145263671875,22.866357803344727,2.432818651199341,-18.723203659057617,-9.727201461791992,-1.4589529037475586,-7.111146926879883,4.046525478363037,6.597793102264404,-2.25718355178833,-2.842574119567871,-9.127754211425781,får,får_C_1.5m_stille_001_s08.wav
0.06968734413385391,0.2081380086255391,853.7281634823115,881.0,529.0,39527.06001093851,263909.42229760264,48.913904791382635,212.52991156643384,-435.9385681152344,82.06181335449219,24.447185516357422,1.114089012145996,-18.861461639404297,-8.398618698120117,0.8687505722045898,-4.466847896575928,3.681199073791504,3.1851534843444824,-3.344977855682373,-1.5966262817382812,-6.240418434143066,får,får_C_1.5m_stille_001_s09.wav
0.08144070208072662,0.17782361397587348,810.4510083239608,839.0,461.0,213927.9950666262,178006.30360137118,32.43162851435916,262.78329578641876,-435.118896484375,81.2940444946289,26.562294006347656,7.591424942016602,-14.599502563476562,-7.171616554260254,-1.2429721355438232,-5.325781345367432,4.01310920715332,2.8220953941345215,-2.629645347595215,0.3358025550842285,-6.582498550415039,får,får_C_1.5m_stille_001_s10.wav
0.11588915437459946,0.09900618788674292,851.9088769953851,835.0,806.0,187438.78168064827,635239.664788153,154.45023353014062,1029.4743074604985,-366.338134765625,110.50206756591797,19.651992797851562,10.54214859008789,-18.04932403564453,-15.719423294067383,-1.4207038879394531,-14.629846572875977,-4.839234828948975,0.22771966457366943,-4.344715595245361,0.8754070997238159,-9.182233810424805,får,får_C_1.5m_tmlKlasse_001_s01.wav
0.08488655090332031,0.14075879742483904,799.9230687792631,842.0,457.0,191120.70150079284,263093.43061377463,60.546481682493706,226.15714446544695,-414.91802978515625,93.29837799072266,25.145183563232422,6.50077486038208,-14.044891357421875,-8.5707368850708,-1.2671613693237305,-5.955208778381348,-0.8235026001930237,1.8790369033813477,-2.216531276702881,0.15586340427398682,-6.115938663482666,får,får_C_1.5m_tmlKlasse_001_s02.wav
0.08603077381849289,0.13744609038064878,838.8444331080333,858.0,453.0,196957.00936762604,229472.24285983577,112.82960852033646,437.1082967667469,-401.9078063964844,99.84840393066406,29.624534606933594,5.464211463928223,-21.694679260253906,-14.88322639465332,-2.377645492553711,-10.007287979125977,-1.6623903512954712,4.033620834350586,-5.427093982696533,-1.8698067665100098,-6.272620677947998,får,får_C_1.5m_tmlKlasse_001_s03.wav
0.06417872756719589,0.17557347334208387,847.3657920082613,875.0,761.0,110189.42224936798,135059.1237268013,46.1677541474604,153.41948485964141,-416.8465576171875,88.62623596191406,23.83293914794922,4.814340591430664,-15.492238998413086,-7.640809059143066,-1.2505825757980347,-8.815328598022461,2.3636913299560547,4.427617073059082,-0.7446935772895813,0.07252691686153412,-4.876870632171631,får,får_C_1.5m_tmlKlasse_001_s04.wav
0.07752232998609543,0.14782173885867866,867.9829989853037,899.0,452.0,165892.22980897047,184628.3868404861,61.33864265948088,397.99840262659876,-415.5727233886719,92.50122833251953,31.238422393798828,7.675299644470215,-19.95338249206543,-10.215417861938477,0.17032670974731445,-7.002620697021484,0.8940128087997437,2.4408159255981445,-5.549029350280762,-1.200764775276184,-8.08003044128418,får,får_C_1.5m_tmlKlasse_001_s05.wav
0.08881613612174988,0.10763172698293644,867.1587751347926,874.0,463.0,291440.57995061105,183902.9220109786,105.01507769864156,441.95844202322775,-397.8072509765625,102.70594787597656,31.274301528930664,7.2989091873168945,-22.605499267578125,-15.75394058227539,-2.032149076461792,-12.58438491821289,-1.1428155899047852,0.843590259552002,-7.539938449859619,1.2040410041809082,-4.12971305847168,får,får_C_1.5m_tmlKlasse_001_s06.wav
0.05478690564632416,0.13888368023001438,872.1755036620601,854.0,471.0,137498.6892214611,93908.00809282667,61.02488944913792,140.2856564669058,-409.6533508300781,93.03166961669922,23.21712875366211,5.99674654006958,-13.994110107421875,-7.446197032928467,-0.7243767976760864,-8.038986206054688,0.2654953896999359,3.3911914825439453,-1.4771225452423096,1.4452126026153564,-3.56253719329834,får,får_C_1.5m_tmlKlasse_001_s07.wav
0.10487473011016846,0.14413400837552348,861.6911320329787,842.0,668.0,94753.31476357664,546007.8726941905,92.17187055309233,377.8552846591381,-399.1923522949219,95.13106536865234,25.482637405395508,6.821877956390381,-18.725322723388672,-11.333836555480957,-2.8569066524505615,-9.265983581542969,3.400273323059082,6.469111442565918,-1.6899657249450684,-1.9523696899414062,-8.953239440917969,får,får_C_1.5m_tmlKlasse_001_s08.wav
0.07066231966018677,0.09894368398024876,878.175205112149,885.0,529.0,40470.96524081253,267839.5241116896,75.04599107555572,237.94937013738863,-387.478759765625,110.10981750488281,25.360116958618164,0.9438869953155518,-22.386476516723633,-12.553021430969238,-9.321324348449707,-18.40304183959961,-0.16390851140022278,4.756714820861816,-3.59674334526062,-4.127450942993164,-11.867940902709961,får,får_C_1.5m_tmlKlasse_001_s09.wav
0.08154480159282684,0.11231951996999813,819.2720882645374,843.0,461.0,214102.97175968083,178383.6616225249,47.12428697569217,263.8323411771986,-399.7864990234375,102.74674224853516,23.57929801940918,8.121095657348633,-12.684935569763184,-13.69746208190918,-10.085976600646973,-11.28172492980957,1.3793730735778809,4.449062347412109,-0.25589221715927124,1.111196756362915,-5.459532737731934,får,får_C_1.5m_tmlKlasse_001_s10.wav
0.050837624818086624,0.08100506281642603,873.4303587168821,785.0,539.0,31280.54930586512,76805.62159120328,84.63729318496857,105.95968606783953,-412.9974365234375,98.74015808105469,42.945980072021484,25.193782806396484,-5.793046951293945,-11.304007530212402,-8.680741310119629,-13.67259407043457,-6.577895164489746,0.3227071762084961,-6.3061981201171875,2.482038974761963,-2.284636974334717,får,får_J_0.75m_nygaard_001_s01.wav
0.04691392928361893,0.09594349646852929,846.6804610051504,793.0,584.0,41301.43898489955,77661.19459165582,96.1322696156956,83.80640774927193,-412.3316955566406,95.01941680908203,32.88837432861328,19.45868492126465,-11.680949211120605,-20.771549224853516,-11.84489917755127,-12.080799102783203,-4.449981689453125,2.5249032974243164,-3.984025478363037,-2.574209213256836,-2.628984212875366,får,får_J_0.75m_nygaard_001_s02.wav
0.04321836307644844,0.08838052378273642,946.166480288786,1169.0,583.0,32623.44015225127,60354.22466280472,155.8250951411385,191.64442600538035,-386.71942138671875,102.82286071777344,26.31411361694336,18.66470718383789,-10.250834465026855,-14.05009651184082,-6.669193267822266,-15.615398406982422,-6.217934608459473,-1.3646700382232666,-4.005295276641846,1.1488876342773438,-5.500876426696777,får,får_J_0.75m_nygaard_001_s03.wav
0.04469798505306244,0.1031314457153572,898.7032355662388,852.0,575.0,30054.666243361466,67987.83835341799,72.15695387791426,151.40051087434028,-419.37060546875,93.24934387207031,38.695556640625,20.78106117248535,-13.474119186401367,-13.537160873413086,-8.999338150024414,-17.4082088470459,-6.663357257843018,3.8150131702423096,-4.587811470031738,3.035421848297119,0.11607268452644348,får,får_J_0.75m_nygaard_001_s04.wav
0.044952359050512314,0.09863116444777799,933.8700104311619,1205.0,554.0,31025.10691273505,73131.97664987746,138.8785854160053,202.3516164203137,-411.03350830078125,91.980224609375,34.07844543457031,31.23413848876953,-6.14365291595459,-15.026556968688965,-12.116376876831055,-17.748109817504883,-6.792954444885254,-2.00830078125,-3.1332178115844727,3.944201946258545,-1.0833396911621094,får,får_J_0.75m_nygaard_001_s05.wav
0.038751304149627686,0.11688230514407151,937.8977771127172,907.0,532.0,20145.555786464203,52363.899559896054,79.7141551594465,123.71668019781976,-422.6778564453125,90.06842803955078,34.70050048828125,22.175945281982422,-10.671422004699707,-13.401092529296875,-8.706136703491211,-17.695446014404297,-2.5815088748931885,6.227592468261719,-1.7959318161010742,4.489845275878906,0.1006399616599083,får,får_J_0.75m_nygaard_001_s06.wav
0.034643083810806274,0.11163197699856241,944.2375803101816,1235.0,583.0,25081.97028312509,41238.66437630125,72.6463997817088,105.4092178877978,-402.35772705078125,100.40904235839844,24.180238723754883,8.749574661254883,-11.403905868530273,-14.414194107055664,-12.718901634216309,-16.433752059936523,2.674325942993164,8.570109367370605,0.8900924921035767,1.1540769338607788,-2.552227258682251,får,får_J_0.75m_nygaard_001_s07.wav
0.050160717219114304,0.11219451215700982,930.1003995996379,896.0,540.0,29965.5248394405,112198.95300897204,187.50636618709126,368.17811290511577,-408.4721374511719,89.39312744140625,32.54994201660156,31.970766067504883,-12.74344539642334,-20.893232345581055,-9.652286529541016,-18.518978118896484,-5.08389139175415,2.5181221961975098,-5.415372371673584,4.179741859436035,-3.6024882793426514,får,får_J_0.75m_nygaard_001_s08.wav
0.04211173951625824,0.1366960435027189,941.4772557290904,934.0,563.0,27772.470395623644,69161.07457724465,71.8913939112787,298.8373724456145,-422.5680236816406,85.69328308105469,33.70838928222656,20.85350227355957,-14.902002334594727,-10.365311622619629,-2.882589340209961,-16.584388732910156,-2.3368961811065674,8.533967971801758,0.12653899192810059,4.915223121643066,-5.28964900970459,får,får_J_0.75m_nygaard_001_s09.wav
0.05044080317020416,0.09569348084255266,941.3554640004525,864.0,551.0,21687.91585535299,112071.13989389187,121.49695218675313,425.05677190666904,-412.0582275390625,95.82278442382812,36.32049560546875,18.746429443359375,-14.8460111618042,-14.934669494628906,-4.19831657409668,-13.29543685913086,-4.81680965423584,1.498083233833313,-6.911984443664551,0.16583238542079926,-6.407159805297852,får,får_J_0.75m_nygaard_001_s10.wav
0.05044008046388626,0.1613850865679105,856.7475489292162,776.0,539.0,29538.32435285188,76555.86969648825,60.716650775520826,97.53789612336293,-458.48443603515625,74.10856628417969,41.50322341918945,20.603702545166016,-10.149386405944824,-12.49669361114502,-7.684139728546143,-9.391353607177734,-2.0477046966552734,7.110577583312988,-0.42343729734420776,3.437056541442871,0.48226669430732727,får,får_J_0.75m_stille_001_s01.wav
0.04663724824786186,0.1655103443965248,818.1008412099602,762.0,584.0,40666.261951530025,77167.14892257094,55.46037012900152,76.44339889063073,-452.47564697265625,75.86276245117188,39.95574188232422,18.754150390625,-11.42883014678955,-15.140868186950684,-6.503371238708496,-10.52332878112793,-2.328784465789795,6.366973400115967,-1.5524661540985107,3.0688912868499756,0.43901851773262024,får,får_J_0.75m_stille_001_s02.wav
0.04252482205629349,0.17838614913432088,912.6080367472739,841.0,583.0,29870.223651777575,59894.95096917058,74.4695697437104,173.94132376992138,-448.002685546875,70.08430480957031,34.46428680419922,19.091474533081055,-8.328414916992188,-11.23835563659668,-3.418668746948242,-10.915447235107422,-1.6229844093322754,6.089229106903076,-1.8448472023010254,4.0441436767578125,0.2141554206609726,får,får_J_0.75m_stille_001_s03.wav
0.044399164617061615,0.17944871554472155,876.8742995731795,784.0,575.0,28670.579682146876,67611.23428397716,57.175582553548054,140.5695434525893,-456.1264953613281,72.86798095703125,38.16368865966797,18.638898849487305,-11.038524627685547,-12.874105453491211,-8.245758056640625,-11.28829288482666,-4.260572910308838,5.368135452270508,-2.1302690505981445,4.5697712898254395,1.3036895990371704,får,får_J_0.75m_stille_001_s04.wav
0.044671256095170975,0.16757297331083193,875.227733054693,778.0,554.0,29054.05002309311,73883.22108492482,26.75664054686393,183.59029852016823,-457.68634033203125,73.06932830810547,41.73649597167969,21.137420654296875,-10.186229705810547,-11.719188690185547,-9.158138275146484,-13.733841896057129,-1.9554493427276611,4.188813209533691,-0.23089230060577393,5.919051170349121,-0.6347253322601318,får,får_J_0.75m_stille_001_s05.wav
0.03849555552005768,0.15763485217826115,913.0942747017918,826.0,532.0,19611.686879777917,51978.876614355686,64.626184625842,116.51896747567454,-452.87066650390625,75.15049743652344,36.42272186279297,19.974544525146484,-9.623053550720215,-11.573657035827637,-6.944026470184326,-12.7752685546875,-2.194192886352539,4.632630348205566,-1.0601862668991089,5.1605658531188965,-0.05890348553657532,får,får_J_0.75m_stille_001_s06.wav
0.034283775836229324,0.17632352022001374,893.146429169448,736.0,583.0,24652.65251754574,40318.38438187089,20.256865094082595,94.69802191500668,-454.1368103027344,74.31124877929688,40.292762756347656,19.880313873291016,-10.37177848815918,-14.013806343078613,-9.26866340637207,-13.769848823547363,-2.3880455493927,3.26639461517334,2.108985185623169,7.362541198730469,-0.207877516746521,får,får_J_0.75m_stille_001_s07.wav
0.049684878438711166,0.17982373898368648,902.3553247328546,829.0,540.0,28370.123583789224,111798.35799964542,149.37415490761438,355.9246080357674,-447.2049560546875,73.94355773925781,33.659088134765625,19.10446548461914,-13.698554992675781,-14.564240455627441,-6.438733100891113,-13.698734283447266,-3.56789493560791,5.9942498207092285,-1.380751371383667,5.211977958679199,-0.09312927722930908,får,får_J_0.75m_stille_001_s08.wav
0.04197218641638756,0.16707294205887868,916.0442946940815,839.0,563.0,27527.911451538414,68851.89149331902,61.068181956500524,282.86259450160094,-455.40228271484375,70.10800170898438,37.803688049316406,22.096193313598633,-11.1192626953125,-11.945992469787598,-5.999021530151367,-12.516992568969727,-0.8857454061508179,6.008492469787598,-1.518613338470459,6.33018159866333,-1.021406650543213,får,får_J_0.75m_stille_001_s09.wav
0.05024237185716629,0.16982311394462155,930.7674793147115,847.0,551.0,20814.079356364717,111999.26817373399,106.63836891010801,421.32824881934897,-449.074951171875,72.25704956054688,35.503387451171875,18.052383422851562,-13.818384170532227,-12.987518310546875,-5.0984601974487305,-11.262862205505371,0.4152950048446655,6.064512252807617,-3.681957960128784,5.068877696990967,-3.1770896911621094,får,får_J_0.75m_stille_001_s10.wav
0.05046505853533745,0.13975873492093255,863.5055489471997,778.0,539.0,29669.12142903749,76501.94970967247,62.690370922431704,98.9404026480134,-444.1760559082031,80.73222351074219,40.16090774536133,22.5412540435791,-6.653456687927246,-13.100715637207031,-10.78122615814209,-11.074762344360352,-2.2944459915161133,6.682470321655273,-1.3160001039505005,2.4246907234191895,0.6113770604133606,får,får_J_0.75m_tmlKlasse_001_s01.wav
0.048928357660770416,0.08219263703981498,950.6526493266138,1597.0,583.0,48461.60084682086,79749.53201605029,615.774992856537,163.59007044982582,-355.9802551269531,109.11528015136719,8.097355842590332,26.624404907226562,-2.900338649749756,-20.77869415283203,-12.680235862731934,-21.468875885009766,-5.642848968505859,2.9411277770996094,-8.03342342376709,2.1964240074157715,-1.7063308954238892,får,får_J_0.75m_tmlKlasse_001_s02.wav
0.042974889278411865,0.1157572348271767,919.7926319252883,861.0,583.0,30848.907532277633,60267.582659709544,82.12449423661621,176.96420940240554,-411.8893737792969,93.72862243652344,38.397247314453125,23.84925651550293,-9.559370040893555,-16.245288848876953,-7.074069976806641,-17.88672637939453,-8.119441986083984,0.9564766883850098,-6.1947736740112305,2.390275001525879,-0.1894139051437378,får,får_J_0.75m_tmlKlasse_001_s03.wav
0.0448426753282547,0.1204450278142384,907.49448241982,980.0,575.0,30219.742721265866,67970.47246242825,90.93452967578989,146.88847437725178,-413.0665283203125,97.55680847167969,32.81166458129883,16.041126251220703,-10.01365852355957,-12.82757568359375,-8.89341926574707,-15.77242374420166,-10.688577651977539,-0.3723442256450653,-5.724772930145264,2.913768768310547,-0.5920947790145874,får,får_J_0.75m_tmlKlasse_001_s04.wav
0.04490068927407265,0.12025751609475592,906.9664545460739,808.0,554.0,29762.27146554178,74156.47494870673,37.8978409138572,194.33375763526652,-428.4124450683594,87.28857421875,41.79777526855469,23.232357025146484,-10.610112190246582,-12.857393264770508,-9.911728858947754,-16.00749969482422,-3.8230810165405273,2.882704257965088,-1.2144719362258911,4.072643280029297,-2.145124673843384,får,får_J_0.75m_tmlKlasse_001_s05.wav
0.040785323828458786,0.08519282455153447,982.5224247550989,1728.0,564.0,22808.976578177142,61339.30614263721,424.7236090887793,135.38848007809983,-390.6107482910156,105.32443237304688,25.562864303588867,23.71832275390625,-8.484769821166992,-20.980064392089844,-17.923492431640625,-20.67871856689453,-2.6761419773101807,5.0211358070373535,-3.0344812870025635,2.1952126026153564,-2.4597010612487793,får,får_J_0.75m_tmlKlasse_001_s06.wav
0.03482815995812416,0.106256641040065,931.2879216786715,1175.0,583.0,24947.195645714244,41246.73759907818,60.57496888085671,97.0208325487698,-399.7733459472656,104.40043640136719,23.735313415527344,8.388923645019531,-8.985479354858398,-12.239238739013672,-12.562479019165039,-23.767711639404297,-11.684305191040039,6.203463554382324,10.445842742919922,4.773706912994385,-5.5883283615112305,får,får_J_0.75m_tmlKlasse_001_s07.wav
0.05049818381667137,0.132320770048128,939.103388861913,1115.0,540.0,30201.676115931106,112957.02125996296,189.11020337932104,372.5081221334745,-404.7983093261719,88.9923095703125,20.574230194091797,15.81020736694336,-10.717672348022461,-11.614627838134766,-6.689659118652344,-18.56875228881836,-8.009040832519531,2.319265842437744,-1.6283451318740845,7.866881370544434,1.9419867992401123,får,får_J_0.75m_tmlKlasse_001_s08.wav
0.04232364520430565,0.10188136758547409,931.3024044278125,928.0,563.0,28999.81689009787,68977.9768172267,78.56380889718342,287.38007840825907,-419.7124328613281,93.85124206542969,39.167259216308594,22.652889251708984,-11.313567161560059,-13.099641799926758,-5.815452575683594,-17.089942932128906,-7.297884941101074,0.04402124881744385,-6.436787128448486,3.340163230895996,-0.9956242442131042,får,får_J_0.75m_tmlKlasse_001_s09.wav
0.05030035972595215,0.13682105131570724,938.611817366075,855.0,551.0,21085.030548255265,112023.71981899926,110.03502717026696,423.6907574314678,-431.20648193359375,83.21621704101562,36.094688415527344,18.690326690673828,-11.304899215698242,-11.523714065551758,-4.576784133911133,-10.950553894042969,1.4823122024536133,8.220967292785645,-1.800307035446167,6.280013084411621,-1.3623420000076294,får,får_J_0.75m_tmlKlasse_001_s10.wav
0.05478614568710327,0.12157009813113319,743.5964434238189,714.0,419.0,70641.60301256046,115740.62834269884,80.94927773616125,37.93951828003149,-427.203857421875,92.68571472167969,39.35152816772461,22.989295959472656,-5.4026618003845215,-15.703180313110352,-8.605332374572754,-12.037696838378906,-7.883818626403809,3.4699811935424805,0.6959036588668823,1.6984572410583496,0.37852010130882263,får,får_J_1.5m_nygaard_001_s01.wav
0.05582040548324585,0.11606975435964748,824.6838934378178,755.0,600.0,61025.87592700592,105043.62108303214,120.13714744867835,41.813624445329154,-400.75518798828125,95.61036682128906,26.846405029296875,15.845322608947754,-8.323310852050781,-16.283836364746094,-8.613654136657715,-10.693708419799805,-2.298496961593628,4.757308483123779,-0.7712157368659973,-0.13637211918830872,-0.08132316172122955,får,får_J_1.5m_nygaard_001_s02.wav
0.05508052930235863,0.10556909806862928,773.0764050600807,769.0,449.0,85519.04221893831,102373.81780165777,130.83549689966657,59.187907873113296,-405.2784423828125,101.72489166259766,29.010055541992188,13.867313385009766,-11.145553588867188,-12.614823341369629,-8.2057466506958,-12.970836639404297,-3.6273059844970703,7.232142448425293,0.9344990849494934,0.09133321046829224,-3.154109001159668,får,får_J_1.5m_nygaard_001_s03.wav
0.05057675391435623,0.0865679104944059,803.939985956873,747.0,447.0,71882.9734746942,63973.700408412216,128.86081896864104,39.96917842395119,-389.00140380859375,110.07672882080078,29.632680892944336,22.110322952270508,-8.934953689575195,-14.092316627502441,-4.793593406677246,-17.011756896972656,-9.706347465515137,1.9468375444412231,-4.479343414306641,3.0513405799865723,-0.4435881972312927,får,får_J_1.5m_nygaard_001_s04.wav
0.062022615224123,0.11325707856741046,765.7879905930714,723.0,422.0,110557.99740676189,93716.65343219682,83.98830469405826,73.10576178060043,-415.17822265625,96.12112426757812,31.47541046142578,16.263137817382812,-6.630711555480957,-14.485647201538086,-8.635170936584473,-13.721101760864258,-6.781430721282959,5.065428256988525,0.5310847163200378,3.273451566696167,-1.9461078643798828,får,får_J_1.5m_nygaard_001_s05.wav
0.06691481173038483,0.11431964497781111,769.0059792720765,728.0,632.0,127149.21997562617,171032.8568423971,181.51322576995608,121.20556797684543,-403.74664306640625,89.6593017578125,27.83321762084961,26.860759735107422,-11.538476943969727,-23.238182067871094,-12.681268692016602,-11.29715633392334,-3.677454710006714,3.365924835205078,-0.8625438213348389,0.05209457129240036,-2.447539806365967,får,får_J_1.5m_nygaard_001_s06.wav
0.050646647810935974,0.13500843802737672,763.064607547163,715.0,592.0,63845.03078615315,86577.64071738315,63.8829349916019,35.39979731261973,-438.30438232421875,87.19082641601562,41.625587463378906,19.202226638793945,-5.24198579788208,-13.163467407226562,-10.118873596191406,-10.047395706176758,-7.6668477058410645,6.513322353363037,1.8840811252593994,3.4622695446014404,0.36244794726371765,får,får_J_1.5m_nygaard_001_s07.wav
0.052397169172763824,0.10238139883742733,754.5164824503756,714.0,420.0,86905.53766822316,92686.792289252,81.23699126279183,69.06190762315761,-413.7730712890625,99.9698715209961,35.20460891723633,23.77640724182129,-4.955517768859863,-19.340578079223633,-14.030517578125,-11.26713752746582,-7.454853534698486,1.6224732398986816,0.6440075635910034,1.662996768951416,-2.220320224761963,får,får_J_1.5m_nygaard_001_s08.wav
0.04115879908204079,0.13500843802737672,773.1719925926012,715.0,421.0,47685.380237249505,58272.07031304725,29.238479033723998,36.86716761148668,-439.5252685546875,87.25827026367188,37.55910110473633,19.92705535888672,-2.308093547821045,-11.496292114257812,-11.979976654052734,-11.542414665222168,-1.793212652206421,5.544315338134766,1.6701878309249878,3.16845440864563,-0.7390303611755371,får,får_J_1.5m_nygaard_001_s09.wav
0.04521697387099266,0.1147571723232702,803.8879123428053,709.0,420.0,62732.07542904936,51279.92375268564,72.02011913698169,29.297635006547843,-418.93011474609375,96.36302185058594,34.294090270996094,21.80537986755371,-4.446516990661621,-14.040704727172852,-10.935301780700684,-12.918893814086914,-3.891050338745117,6.489896774291992,2.230803966522217,2.336660146713257,0.04448448121547699,får,får_J_1.5m_nygaard_001_s10.wav
0.05463489145040512,0.1725732858303644,728.3764957166763,712.0,419.0,70065.72912547762,115392.11991187146,70.31568286827351,33.15714812757486,-451.07196044921875,79.94334411621094,36.77321243286133,18.01473617553711,-5.3694353103637695,-12.516487121582031,-5.556888580322266,-7.613990783691406,-5.087101936340332,5.282422065734863,3.1546144485473633,4.517838954925537,2.2075254917144775,får,får_J_1.5m_stille_001_s01.wav
0.05539564788341522,0.18126132883305207,759.1040105974816,734.0,598.0,59271.696658039524,104248.34813465051,74.10305737048797,21.430584637322774,-448.8382873535156,76.81709289550781,32.949798583984375,16.23694610595703,-1.4586052894592285,-10.42992877960205,-5.655786514282227,-6.508435249328613,-3.2861642837524414,4.8166608810424805,2.586120128631592,3.8204119205474854,1.5746119022369385,får,får_J_1.5m_stille_001_s02.wav
0.05480917543172836,0.1668854303393962,749.6706995542995,748.0,449.0,83660.83850175122,102595.0105810001,105.40936632871609,51.81007591106406,-446.5235290527344,80.91848754882812,32.775814056396484,17.304214477539062,-5.5687456130981445,-11.31265926361084,-6.3087873458862305,-8.27652359008789,-2.9916582107543945,7.313638687133789,1.270920753479004,2.731133222579956,0.19387605786323547,får,får_J_1.5m_stille_001_s03.wav
0.04922584816813469,0.17601100068754297,747.4443918977578,678.0,594.0,66596.95533048132,63097.56373446932,41.74772821073613,23.03192138935087,-456.12615966796875,76.47305297851562,34.69889831542969,17.218063354492188,-1.5176401138305664,-9.04922866821289,-6.577253341674805,-8.143034934997559,-5.86834716796875,4.484748840332031,1.2978051900863647,2.5998165607452393,1.8603880405426025,får,får_J_1.5m_stille_001_s04.wav
0.06185370683670044,0.17594849678104882,742.2315805237455,717.0,422.0,109737.92497029962,93499.77870411906,55.52802235450639,68.71181215814433,-446.9654541015625,78.98931884765625,34.48003387451172,17.64980125427246,-4.589000701904297,-9.782601356506348,-6.775104522705078,-11.698010444641113,-4.507725715637207,5.530346870422363,0.005446095019578934,4.594265460968018,1.3049637079238892,får,får_J_1.5m_stille_001_s05.wav
0.06682765483856201,0.16369773110819427,715.632492204669,713.0,632.0,128262.0052441885,170329.01806992013,100.56997462721469,99.11504610984659,-447.46539306640625,81.10810852050781,37.08161163330078,19.38008689880371,-7.4100565910339355,-12.568197250366211,-6.860980033874512,-10.73763370513916,-3.5630061626434326,5.505481243133545,-0.6811075210571289,3.0819339752197266,-0.124897301197052,får,får_J_1.5m_stille_001_s06.wav
0.050586722791194916,0.18613663353959622,748.0053791233619,713.0,592.0,63706.10780092837,86514.56176527673,59.60750241624631,32.0101264943055,-456.04638671875,78.04776000976562,36.752357482910156,17.787630081176758,-4.597847938537598,-11.221057891845703,-7.108149528503418,-8.193153381347656,-5.2465620040893555,6.900326251983643,2.6838555335998535,3.2358884811401367,2.185237407684326,får,får_J_1.5m_stille_001_s07.wav
0.052163224667310715,0.1772610788174261,727.9858249674859,707.0,419.0,86087.90515947709,92277.70866229098,36.76772483135447,62.76887303745949,-452.8616943359375,79.37361145019531,36.86549377441406,17.72252655029297,-5.576221466064453,-10.528448104858398,-8.208436965942383,-9.916072845458984,-5.804401397705078,4.48171854019165,1.180343508720398,4.02304744720459,0.17378449440002441,får,får_J_1.5m_stille_001_s08.wav
0.04101300612092018,0.15438464904056504,757.8048184054697,713.0,421.0,47151.97436532762,58252.00186440632,26.491067603056543,34.28340329345169,-456.0655822753906,81.19532012939453,37.32868957519531,17.31561851501465,-3.949619770050049,-10.20836067199707,-9.510614395141602,-10.891783714294434,-3.2978062629699707,5.449470520019531,1.936269998550415,2.853315591812134,-0.6175900101661682,får,får_J_1.5m_stille_001_s09.wav
0.045142728835344315,0.15888493030814427,757.1222229697869,700.0,420.0,62463.22290521833,51249.09514994367,52.48898373098075,19.7022831481303,-460.36767578125,77.82745361328125,40.18120574951172,21.452985763549805,-1.532564640045166,-9.503866195678711,-6.633678436279297,-7.305951118469238,-4.259836673736572,7.103457450866699,4.4038286209106445,4.643884658813477,2.406668186187744,får,får_J_1.5m_stille_001_s10.wav
0.055092498660087585,0.1078192387024189,761.4091522023907,715.0,419.0,70134.49635024299,116049.56164502812,79.91334336547956,41.1293601793501,-419.38494873046875,94.27010345458984,37.411903381347656,22.380393981933594,-4.749542236328125,-16.411056518554688,-7.836373329162598,-13.408772468566895,-7.943525314331055,4.759599208831787,-2.648599147796631,1.7504245042800903,2.713374137878418,får,får_J_1.5m_tmlKlasse_001_s01.wav
0.055565644055604935,0.1300706294143384,775.2335802781996,746.0,598.0,59329.225262386026,104164.36794970458,87.13578957161543,24.435417868577638,-419.35040283203125,92.34825134277344,34.354000091552734,23.200668334960938,0.15571343898773193,-17.57377815246582,-14.206243515014648,-13.716943740844727,-7.421836853027344,0.3802463114261627,-0.6796778440475464,4.0818681716918945,1.309981107711792,får,får_J_1.5m_tmlKlasse_001_s02.wav
0.05534087121486664,0.11838239889993124,762.3476747330882,754.0,449.0,86085.67053474065,103481.74818313538,121.97371330839258,56.746405678460114,-420.30108642578125,95.73458862304688,32.72415542602539,16.440853118896484,-7.9266815185546875,-14.920881271362305,-10.030937194824219,-11.148629188537598,-4.81998348236084,4.451157569885254,-0.7063131928443909,2.0923357009887695,-0.5279942750930786,får,får_J_1.5m_tmlKlasse_001_s03.wav
0.04923716560006142,0.14400900056253516,768.6515644952536,699.0,594.0,66524.11971995076,63153.576069983836,52.934012801948434,27.348546934954157,-437.0907897949219,85.55818939208984,34.72767639160156,19.860103607177734,-0.09230589866638184,-10.56162166595459,-9.35237979888916,-9.528389930725098,-4.315021514892578,4.464333534240723,0.060814857482910156,3.6436848640441895,3.600764036178589,får,får_J_1.5m_tmlKlasse_001_s04.wav
0.06227850168943405,0.08050503156447278,781.937475027228,725.0,422.0,112492.2645822311,94087.2210705273,107.05069787534599,88.90904299216375,-393.25927734375,104.27084350585938,31.695796966552734,26.730510711669922,-2.175628900527954,-20.520082473754883,-18.525909423828125,-21.104223251342773,-9.266986846923828,0.8941290378570557,-5.674886703491211,2.743769645690918,1.837087631225586,får,får_J_1.5m_tmlKlasse_001_s05.wav
0.0673661157488823,0.08469279329958122,730.124264072571,718.0,632.0,131857.85728683273,171195.15694901577,132.30713094670185,106.53052979979509,-397.6521911621094,110.55195617675781,33.340179443359375,20.154037475585938,-7.821250915527344,-16.908214569091797,-11.029350280761719,-19.026782989501953,-11.11225700378418,2.3037824630737305,-1.3074084520339966,2.613974094390869,-0.6223330497741699,får,får_J_1.5m_tmlKlasse_001_s06.wav
0.050915077328681946,0.10169385586599163,768.911624392979,720.0,592.0,65273.06807942016,86965.0946368084,103.96254161786888,39.76121227653462,-413.62628173828125,102.47401428222656,33.0907096862793,16.502355575561523,-7.261773109436035,-13.4225492477417,-10.677494049072266,-15.07264232635498,-5.649851322174072,10.007197380065918,1.1951006650924683,-1.5566554069519043,-2.3807268142700195,får,får_J_1.5m_tmlKlasse_001_s07.wav
0.05249803140759468,0.10963185199074942,771.9381181029781,740.0,419.0,87240.05224570884,92649.11543320454,56.77444175898016,81.83708603502538,-401.36773681640625,102.3402099609375,30.907922744750977,15.46035385131836,-8.17349910736084,-8.376105308532715,-16.451799392700195,-22.426538467407227,-9.829689025878906,3.014644145965576,1.379645824432373,0.6079028844833374,-3.5808494091033936,får,får_J_1.5m_tmlKlasse_001_s08.wav
0.04109899327158928,0.13169573098318646,766.8304913050611,715.0,421.0,47390.54024096124,58303.78872336429,28.388362476299893,36.18592106485196,-444.8602294921875,88.00321960449219,41.45922088623047,20.99066925048828,-2.0571694374084473,-10.852405548095703,-10.038814544677734,-10.840368270874023,-3.89583158493042,4.856670379638672,2.2603349685668945,3.0933258533477783,-1.0465162992477417,får,får_J_1.5m_tmlKlasse_001_s09.wav
0.04558570310473442,0.10381898868679293,775.4588419654764,706.0,420.0,63952.699845193725,51981.93022866179,78.82404996684916,23.59143288831742,-423.75341796875,97.9638671875,34.389259338378906,21.940380096435547,2.088193893432617,-12.789848327636719,-13.272988319396973,-12.25169563293457,-7.570079326629639,4.498827934265137,1.7948416471481323,1.8606575727462769,0.6307988166809082,får,får_J_1.5m_tmlKlasse_001_s10.wav
0.02394414134323597,0.12119507469216827,1560.8908528695772,3213.0,269.0,26642.36946013089,2384.9393956681993,607.929540780846,163.50939645691946,-416.487548828125,74.97142028808594,23.384788513183594,23.11327362060547,3.418635368347168,-3.7466156482696533,-0.3723733425140381,-10.086441040039062,-7.746486663818359,-2.3887016773223877,-5.599174499511719,0.6599251627922058,-2.976837158203125,ged,ged_A_0.75m_nygaard_001_s01.wav
0.021901628002524376,0.10363147696731045,1446.8851628744958,3015.0,261.0,22531.36717159892,2207.889828840269,356.4034649221224,82.61246800711302,-411.3028869628906,80.61502075195312,19.35108184814453,18.644878387451172,0.10852885246276855,-2.9270026683807373,-2.3561348915100098,-11.036792755126953,-6.294555187225342,-3.7756834030151367,-6.588599681854248,-1.3821299076080322,-6.1479339599609375,ged,ged_A_0.75m_nygaard_001_s02.wav
0.02062971144914627,0.11569473092068254,1371.2784499364877,2963.0,261.0,21346.254155621384,1979.2078098648976,109.11454163261158,40.037699255118746,-432.6720886230469,78.50332641601562,22.70412826538086,14.096823692321777,3.679654836654663,1.0053274631500244,-0.7984879016876221,-8.729372024536133,-9.460734367370605,-2.1425843238830566,-3.274399518966675,-1.7755072116851807,-6.004415512084961,ged,ged_A_0.75m_nygaard_001_s03.wav
0.01826171763241291,0.11075692230764422,1271.375098799022,2619.0,262.0,16162.739589719664,1082.365139781544,77.75514545278062,32.40239814456265,-426.6136474609375,83.16827392578125,22.703105926513672,15.391368865966797,2.819931745529175,-2.1367645263671875,-0.09744065999984741,-8.45740795135498,-9.449870109558105,-4.628122329711914,-5.088921546936035,-0.9893976449966431,-5.266292572021484,ged,ged_A_0.75m_nygaard_001_s04.wav
0.021527301520109177,0.12107006687917996,1483.3324625277353,2899.0,260.0,24684.741571804352,1793.4369801220953,408.4554637919843,59.37584751900287,-411.99298095703125,76.68646240234375,16.65936279296875,21.672653198242188,1.5740667581558228,-8.593127250671387,-2.940387487411499,-2.461538791656494,-5.388893127441406,-6.311130523681641,-8.162108421325684,-3.3397626876831055,-2.9904263019561768,ged,ged_A_0.75m_nygaard_001_s05.wav
0.015556744299829006,0.12494530908181761,1408.4693608241432,3311.0,261.0,12549.691568686743,852.5524625273553,42.73544968959794,40.15659690462956,-443.76300048828125,72.59527587890625,29.913623809814453,19.27664566040039,5.6410064697265625,1.5326377153396606,-1.0315817594528198,-10.790929794311523,-9.469813346862793,-3.3563613891601562,-4.3261895179748535,0.8079619407653809,-4.580592155456543,ged,ged_A_0.75m_nygaard_001_s06.wav
0.015471347607672215,0.14119632477029814,1419.0240308093282,3218.0,259.0,9073.366138412002,2446.8091768726936,86.48932964423534,40.921946697036475,-434.861328125,76.16297149658203,24.89061164855957,13.092312812805176,0.5212326645851135,-1.7027870416641235,-3.112884521484375,-11.65218734741211,-7.5741167068481445,-2.4943718910217285,-4.22128963470459,0.783515453338623,-4.805615425109863,ged,ged_A_0.75m_nygaard_001_s07.wav
0.016199693083763123,0.089818113632102,1318.2190594934232,2888.0,251.0,11344.017128879554,3807.1282687490534,102.06276878804115,38.40498889200094,-433.8345947265625,82.91108703613281,34.49613952636719,21.945693969726562,3.911891460418701,0.20730793476104736,-3.657024621963501,-9.950111389160156,-6.095303058624268,0.2384183406829834,-4.069924354553223,0.6361609697341919,-4.53265380859375,ged,ged_A_0.75m_nygaard_001_s08.wav
0.01879202574491501,0.10394399649978124,1393.903505890971,3003.0,259.0,14561.605695882892,3194.3165454016435,147.1058256327484,44.22807107699178,-433.525146484375,77.27168273925781,25.26178741455078,13.894203186035156,0.042704105377197266,-4.23888635635376,-4.967470169067383,-7.2120361328125,-7.221345901489258,-2.10737943649292,-8.144935607910156,-4.49706506729126,-5.539590358734131,ged,ged_A_0.75m_nygaard_001_s09.wav
0.017059754580259323,0.13819613725857866,1522.8537283428218,3435.0,250.0,13057.997909269085,1926.1832455535061,185.99366836636122,58.231022289373094,-415.58697509765625,73.92276000976562,19.966915130615234,16.752578735351562,4.425539016723633,-5.070123195648193,-1.191762089729309,-8.823854446411133,-4.946335792541504,-1.750573992729187,-6.483750820159912,-1.5760219097137451,-5.184615612030029,ged,ged_A_0.75m_nygaard_001_s10.wav
0.023775799199938774,0.16657291080692543,1570.9861991214848,3216.0,269.0,26403.666882220696,2356.145983091409,593.9403097950355,154.13845196436114,-452.45477294921875,55.954002380371094,21.786514282226562,21.3803653717041,5.9267120361328125,2.0364556312561035,2.91957426071167,-6.663323402404785,-5.526534080505371,-1.9447535276412964,-6.635273456573486,1.2300376892089844,-1.1250494718551636,ged,ged_A_0.75m_stille_001_s01.wav
0.02117294631898403,0.1785111569473092,1473.1750853262095,3016.0,261.0,21198.250173657245,1778.5117523158408,327.6833722687618,65.46918509379277,-458.98138427734375,59.6400260925293,21.233736038208008,18.050525665283203,6.330354690551758,1.1316298246383667,-0.4058675169944763,-7.785179138183594,-8.025646209716797,-2.652597665786743,-4.5702223777771,1.0613105297088623,-2.883452892303467,ged,ged_A_0.75m_stille_001_s02.wav
0.020392943173646927,0.16382273892118257,1378.0508751103544,2989.0,261.0,21031.362035852802,1864.099501371291,101.36472530329931,35.87426211796049,-466.9561462402344,58.321956634521484,24.75238800048828,17.360200881958008,6.816629886627197,2.8619391918182373,0.6324831247329712,-5.921090126037598,-9.693363189697266,-4.703392028808594,-4.137551307678223,0.5786727666854858,-3.879194736480713,ged,ged_A_0.75m_stille_001_s03.wav
0.0179293230175972,0.17363585224076505,1268.8576492512518,2671.0,262.0,15937.122148553253,827.1063671996886,66.23265949174848,24.407716677216612,-469.1058044433594,59.59337615966797,26.61681365966797,17.11707878112793,7.965956687927246,2.4742307662963867,1.4106041193008423,-4.301477909088135,-8.504508972167969,-5.320095062255859,-5.615545272827148,0.14264154434204102,-1.6882227659225464,ged,ged_A_0.75m_stille_001_s04.wav
0.02111382596194744,0.1663228951809488,1430.8787848822233,2970.0,260.0,24350.786284255828,1155.3927888078597,204.47011700277665,41.02159566766312,-462.6850891113281,57.511566162109375,25.586223602294922,17.91218376159668,8.732884407043457,3.2650179862976074,2.0031585693359375,-2.2561421394348145,-6.227574348449707,-3.389085292816162,-4.703551292419434,2.0758795738220215,-2.02713680267334,ged,ged_A_0.75m_stille_001_s05.wav
0.015169074758887291,0.2014500906306644,1429.9817239347171,3357.0,261.0,11868.21934926745,805.8721060709731,38.97532697136555,32.52644388506681,-472.817138671875,54.793575286865234,26.10870933532715,16.617584228515625,8.168111801147461,3.141148328781128,-1.6352521181106567,-6.64340877532959,-6.373671531677246,-2.043705701828003,-3.7045483589172363,0.6178210377693176,-3.068495273590088,ged,ged_A_0.75m_stille_001_s06.wav
0.015122298151254654,0.19376211013188324,1409.503763841428,3225.0,259.0,8632.225601546605,2269.8115414425006,71.58507775552246,32.63585599985677,-469.07196044921875,56.732627868652344,25.8909912109375,16.99959945678711,6.205777168273926,2.5510005950927734,-0.5313836932182312,-7.9528303146362305,-7.129929542541504,-2.7189226150512695,-4.864990234375,2.140282392501831,-2.3974761962890625,ged,ged_A_0.75m_stille_001_s07.wav
0.01531586330384016,0.18438652415775986,1383.5856266561457,3046.0,251.0,9720.075706749158,3428.050556134493,88.61328474725778,32.31885589527476,-470.61407470703125,55.4818000793457,26.867206573486328,16.924163818359375,5.271648406982422,2.0256192684173584,-1.080750823020935,-4.063705921173096,-5.998778820037842,-2.1728198528289795,-4.20877742767334,1.5997930765151978,-2.5158729553222656,ged,ged_A_0.75m_stille_001_s08.wav
0.01846126839518547,0.18338646165385336,1407.0217369335508,3051.0,259.0,14251.064006424796,3114.827295373743,141.76852642457652,40.56079713919252,-467.08612060546875,54.90949630737305,24.697425842285156,17.901473999023438,7.384958267211914,1.5447545051574707,-2.723200559616089,-6.257887840270996,-8.342120170593262,-2.799401044845581,-5.668612003326416,0.17958611249923706,-1.9480931758880615,ged,ged_A_0.75m_stille_001_s09.wav
0.016730371862649918,0.18607412963310208,1370.5276896774726,2945.0,250.0,12611.84962501109,1777.5007868047392,136.98831450483084,36.097887622573424,-466.94281005859375,56.58882522583008,24.211292266845703,17.396377563476562,7.381749153137207,0.45241260528564453,0.1760832667350769,-4.195873260498047,-7.610111236572266,-3.892380714416504,-5.3851518630981445,1.7018711566925049,-2.1102294921875,ged,ged_A_0.75m_stille_001_s10.wav
0.024663135409355164,0.1470716919807488,1560.406282761159,3298.0,269.0,27983.42972368056,3838.136539021823,742.1672842060036,228.32954082461953,-385.8371887207031,73.3521957397461,17.96753692626953,26.276384353637695,-2.9388842582702637,-1.2635009288787842,-6.903202533721924,-21.65732192993164,-4.869118690490723,-1.6248149871826172,-2.288170337677002,0.05638885498046875,-0.673941969871521,ged,ged_A_0.75m_tmlKlasse_001_s01.wav
0.022358205169439316,0.10406900431276955,1428.742316560826,2998.0,262.0,22700.42741503977,2079.7552814368846,356.97206612137745,84.58861383796793,-408.8592529296875,86.00801086425781,18.587223052978516,21.913795471191406,2.5344505310058594,-6.342955589294434,-6.411686420440674,-13.602547645568848,-10.617219924926758,-5.34050989151001,-9.009954452514648,-2.1058549880981445,-4.990093231201172,ged,ged_A_0.75m_tmlKlasse_001_s02.wav
0.021259376779198647,0.09256828551784486,1263.9509054320636,2438.0,261.0,22272.530184972267,3872.54992732551,170.93991895619237,44.42222554924074,-413.1629943847656,93.57424926757812,19.027904510498047,9.449077606201172,1.7482551336288452,-4.537190914154053,-7.315452575683594,-14.264713287353516,-11.348663330078125,2.4509007930755615,2.534350872039795,3.2568466663360596,-3.0044188499450684,ged,ged_A_0.75m_tmlKlasse_001_s03.wav
0.01851033978164196,0.11613225826614164,1317.6520409236973,2830.0,262.0,16745.054451766362,873.2034216719853,95.83812231686082,35.07646751903074,-437.68670654296875,75.820068359375,25.555997848510742,18.320587158203125,4.918754577636719,-1.0660827159881592,-2.2423863410949707,-8.795364379882812,-11.704906463623047,-8.966167449951172,-6.960046291351318,0.5888900756835938,-3.0026185512542725,ged,ged_A_0.75m_tmlKlasse_001_s04.wav
0.021166156977415085,0.14644665291580725,1435.3299741929109,2996.0,260.0,24425.311559625072,1182.8707934098672,206.29343537638618,43.17438229190624,-446.09381103515625,66.08726501464844,25.01871109008789,18.239246368408203,8.843074798583984,2.9278125762939453,2.3375346660614014,-2.2270545959472656,-5.074556350708008,-3.078765392303467,-4.7059326171875,3.1467249393463135,-0.9775024652481079,ged,ged_A_0.75m_tmlKlasse_001_s05.wav
0.019241126254200935,0.08619288705544097,1293.1371281738236,2683.0,395.0,16944.640451506348,3387.0491595915764,188.53641350848395,80.00037963617362,-390.69952392578125,96.87547302246094,14.081164360046387,14.536117553710938,-2.3280792236328125,-4.164802551269531,-12.094614028930664,-22.27860450744629,-7.671252727508545,-0.15149402618408203,-2.22487473487854,2.3792483806610107,-2.458595037460327,ged,ged_A_0.75m_tmlKlasse_001_s06.wav
0.01864638552069664,0.09494343396462279,1329.5220444577853,2900.0,259.0,9451.176900925986,3327.6100545894783,98.3916644908714,45.19784698197558,-393.06329345703125,94.73219299316406,15.937108993530273,9.070919036865234,-6.784690856933594,-5.057833194732666,-12.512430191040039,-18.355731964111328,-4.265892505645752,-0.5730527639389038,-3.945219039916992,1.6047348976135254,-7.31718635559082,ged,ged_A_0.75m_tmlKlasse_001_s07.wav
0.015366584993898869,0.1678854928433027,1394.9916003293665,3111.0,251.0,9780.696578798386,3433.696706777726,90.24137706772913,33.87073851210219,-461.5517272949219,60.28976058959961,29.09850311279297,18.530887603759766,5.804593086242676,2.6491103172302246,-0.09329402446746826,-3.9562172889709473,-6.366011619567871,-2.2642905712127686,-4.1985673904418945,1.6795822381973267,-2.8558342456817627,ged,ged_A_0.75m_tmlKlasse_001_s08.wav
0.019337885081768036,0.08900556284767798,1362.0672487651807,2970.0,259.0,15215.973592289134,3213.6026227396874,145.52819900460804,43.51456229614891,-429.41241455078125,81.72037506103516,30.03278350830078,21.63119888305664,7.941536903381348,-0.9454786777496338,-10.171919822692871,-15.342996597290039,-12.2954683303833,-4.2169013023376465,-6.204002857208252,-0.9233489632606506,-2.791719913482666,ged,ged_A_0.75m_tmlKlasse_001_s09.wav
0.01863577589392662,0.09369335583473967,1280.7753461338566,2586.0,250.0,15468.187194912853,3153.0067015812206,234.5081214828561,54.198857298895625,-394.37127685546875,96.92115020751953,18.979713439941406,16.383651733398438,-4.538722991943359,-11.702710151672363,-1.633364200592041,-10.198447227478027,-13.618127822875977,-2.8862805366516113,-4.479034900665283,2.801419258117676,0.6993885636329651,ged,ged_A_0.75m_tmlKlasse_001_s10.wav
0.022528883069753647,0.12913307081692607,1447.5110918008718,3126.0,387.0,32479.53069474936,870.1506097346037,336.878074002429,94.78666237772649,-409.94183349609375,72.83680725097656,21.099515914916992,19.74253273010254,7.09066104888916,-4.30360221862793,0.7881169319152832,-9.467297554016113,-5.631974220275879,-4.086451530456543,-10.390226364135742,-3.6009631156921387,-6.3150811195373535,ged,ged_A_1.5m_nygaard_001_s01.wav
0.03248264640569687,0.125507844240265,1229.3765790878883,2686.0,387.0,65774.00404840457,3377.1695279019614,598.0128061789987,127.76231802512561,-412.15972900390625,78.0902328491211,24.001007080078125,19.91788101196289,5.19488525390625,-1.0993424654006958,2.9386324882507324,-9.083776473999023,-11.61050033569336,-7.76401424407959,-11.322132110595703,-1.9390840530395508,-2.681736469268799,ged,ged_A_1.5m_nygaard_001_s02.wav
0.026889363303780556,0.08463028939308707,1262.5471696853247,2852.0,248.0,36908.62891456192,629.3268103172737,306.53548610219667,114.92906277621131,-392.36322021484375,93.789306640625,30.06051254272461,25.33596420288086,0.18484961986541748,-4.60720157623291,-2.3220157623291016,-13.759294509887695,-11.794148445129395,-8.989524841308594,-9.367759704589844,2.761610269546509,-4.0638041496276855,ged,ged_A_1.5m_nygaard_001_s03.wav
0.02495148405432701,0.09669354334645916,1444.818748712689,3199.0,468.0,33829.54495235707,424.1867155297452,209.27084537701288,71.76079021910896,-414.636962890625,83.92402648925781,26.12602996826172,26.959129333496094,7.09778356552124,-4.036691665649414,-5.444195747375488,-11.481040954589844,-7.539361953735352,0.1509707272052765,-2.9301767349243164,1.0201671123504639,-0.4605081081390381,ged,ged_A_1.5m_nygaard_001_s04.wav
0.01930307038128376,0.11413213325832865,1438.790851323963,3188.0,345.0,18222.071722077915,365.56543256213894,169.88205788028984,52.69218134993993,-427.6817932128906,78.28279113769531,22.854602813720703,14.552541732788086,4.3775763511657715,-2.600440263748169,-4.989562034606934,-9.155678749084473,-6.793306350708008,-1.2982635498046875,-4.999512195587158,0.9578416347503662,-0.03693479299545288,ged,ged_A_1.5m_nygaard_001_s05.wav
0.02291816845536232,0.14282142633914618,1157.8791786564025,2292.0,248.0,29913.678616114812,2307.682255582753,168.35293292048345,69.42988911823569,-435.68731689453125,71.44346618652344,26.454872131347656,19.236318588256836,6.575125217437744,0.395219087600708,-5.012588024139404,-9.444244384765625,-9.197500228881836,-5.207584857940674,-7.169511318206787,1.3322265148162842,-1.1208326816558838,ged,ged_A_1.5m_nygaard_001_s06.wav
0.01701189950108528,0.15269704356522282,1405.997314142704,3319.0,354.0,14917.71895741091,270.7938325228434,41.424310417483724,37.48696711787221,-440.3005065917969,70.01925659179688,27.61317253112793,14.419622421264648,5.6574859619140625,0.8718579411506653,-4.948868751525879,-9.783092498779297,-6.627865314483643,-4.119731426239014,-4.8708367347717285,-0.6045948266983032,-3.527010440826416,ged,ged_A_1.5m_nygaard_001_s07.wav
0.02129208669066429,0.11288205512844553,1281.098075564567,2739.0,354.0,23198.039289627028,800.1418835996451,156.08479741964808,50.66168709496785,-416.2046203613281,85.35928344726562,19.223648071289062,14.157319068908691,3.669285297393799,-0.4293975830078125,-3.406827449798584,-8.603107452392578,-7.229034423828125,-4.640566825866699,-9.362217903137207,-2.1198980808258057,-0.7518150806427002,ged,ged_A_1.5m_nygaard_001_s08.wav
0.015768641605973244,0.10350646915432214,1388.7160404711924,3138.0,448.0,13036.789079383758,350.7823970409752,81.3538527376128,36.231119793135655,-442.39727783203125,76.65023040771484,29.346206665039062,19.711301803588867,8.232389450073242,0.9511038064956665,-5.912974834442139,-11.725924491882324,-9.861547470092773,-3.86966872215271,-8.77739429473877,-4.64418888092041,-5.039719104766846,ged,ged_A_1.5m_nygaard_001_s09.wav
0.01598062552511692,0.09950621913869617,1398.4193518274146,3223.0,361.0,12534.563339129916,168.71454042866668,65.4862099373482,33.29472889730501,-430.88458251953125,77.99993896484375,26.362815856933594,27.012041091918945,9.153383255004883,-3.27901291847229,-9.119682312011719,-13.802543640136719,-9.195416450500488,-3.807101249694824,-10.19974136352539,-4.442900657653809,-2.858025074005127,ged,ged_A_1.5m_nygaard_001_s10.wav
0.022051680833101273,0.16044752797049816,1368.6866746639976,2951.0,387.0,31497.72266397961,679.6003766763463,291.0796284475842,73.18745124290822,-457.0628967285156,58.34856414794922,28.60711669921875,23.70328140258789,12.818473815917969,3.549837112426758,0.8824405074119568,-6.529876708984375,-9.288032531738281,-7.033084869384766,-10.03221607208252,-2.3924779891967773,-4.703827381134033,ged,ged_A_1.5m_stille_001_s01.wav
0.032428354024887085,0.18026126632914558,1193.8861799337762,2605.0,387.0,66007.12784582283,3177.562941766527,556.2104380947028,108.8465185714417,-447.9881896972656,61.945098876953125,27.509052276611328,19.39815902709961,10.132072448730469,4.427372932434082,4.065062999725342,-6.793637275695801,-11.150753021240234,-7.247628211975098,-9.76113510131836,1.2689337730407715,-1.3050044775009155,ged,ged_A_1.5m_stille_001_s02.wav
0.023824378848075867,0.17057316082255142,1254.565047084946,2791.0,247.0,34395.561674967605,286.1791114446121,256.48146768962204,62.83560147626898,-457.1235656738281,57.496246337890625,29.471406936645508,21.878549575805664,13.57600212097168,5.764554500579834,2.5153088569641113,-6.461753845214844,-11.249380111694336,-7.592240810394287,-8.604499816894531,-0.18940410017967224,-2.0034682750701904,ged,ged_A_1.5m_stille_001_s03.wav
0.02451135404407978,0.16488530533158322,1457.5860256375304,3264.0,469.0,32995.57414825509,178.7390836730898,165.11845984922286,58.80483751817252,-465.5495300292969,55.79517364501953,26.837249755859375,21.56090545654297,12.069059371948242,6.720901966094971,2.9061331748962402,-3.2374660968780518,-7.455987930297852,-3.9166417121887207,-6.434658050537109,1.9525694847106934,2.4747660160064697,ged,ged_A_1.5m_stille_001_s04.wav
0.018988126888871193,0.19319957497343584,1425.1727328832021,3164.0,345.0,17841.945020501003,218.64417752548013,155.4956890911461,46.60955667605718,-468.22393798828125,55.33940887451172,25.971939086914062,19.62149429321289,10.459632873535156,4.815522193908691,0.23268380761146545,-4.283157825469971,-6.914824485778809,-5.830346584320068,-9.074504852294922,0.3954707682132721,0.4231734573841095,ged,ged_A_1.5m_stille_001_s05.wav
0.02283453941345215,0.18363647727982998,1139.6179249676402,2168.0,248.0,29836.778362843605,2226.632754346803,156.23616369722666,64.72900743870835,-460.728515625,59.36627197265625,26.94880485534668,17.67754364013672,7.9709038734436035,5.215212821960449,-1.0417366027832031,-6.36663293838501,-8.735343933105469,-6.24631929397583,-8.022822380065918,0.7315598726272583,-1.715532660484314,ged,ged_A_1.5m_stille_001_s06.wav
0.01675214245915413,0.20845052815800988,1359.1330065169363,3249.0,353.0,14657.495307793357,160.02952108969365,30.850588320665018,31.518128129050417,-475.7835693359375,53.369571685791016,25.132944107055664,17.218109130859375,7.816511154174805,5.49639892578125,1.2694711685180664,-6.361998558044434,-10.535242080688477,-7.1262617111206055,-8.387293815612793,0.49894219636917114,-0.8116603493690491,ged,ged_A_1.5m_stille_001_s07.wav
0.020844031125307083,0.19688730545659103,1279.409030520794,2902.0,354.0,22978.24990144556,543.1017977444278,97.54748521659778,44.80316817819396,-469.5503845214844,55.35075759887695,26.13983154296875,17.830490112304688,9.657758712768555,4.983921051025391,-1.5789389610290527,-7.041687965393066,-8.772079467773438,-5.5681233406066895,-8.577341079711914,1.0941526889801025,1.3586909770965576,ged,ged_A_1.5m_stille_001_s08.wav
0.0153250303119421,0.20370023126445402,1403.1457489536108,3182.0,448.0,12374.91287834544,301.97657185365176,76.1580734964108,33.59042778489591,-473.8988037109375,54.770477294921875,25.43756103515625,18.613882064819336,8.912664413452148,4.162746429443359,-0.6003344058990479,-5.823202610015869,-8.311028480529785,-4.402597904205322,-7.254156112670898,-0.42345529794692993,-1.5301620960235596,ged,ged_A_1.5m_stille_001_s09.wav
0.015387902036309242,0.20032502031376961,1401.87292906487,3325.0,361.0,11711.462654635301,75.50197508536124,44.25557120149186,26.272649669833605,-477.9076843261719,53.12321472167969,24.90266990661621,19.686508178710938,11.130815505981445,6.101414203643799,-0.41010069847106934,-5.403618335723877,-8.84478759765625,-6.1923909187316895,-7.062680721282959,-0.5391721725463867,-0.4771665334701538,ged,ged_A_1.5m_stille_001_s10.wav
0.022573363035917282,0.0919432464529033,1337.3034233129436,2924.0,388.0,32472.32111066441,707.6406006884043,301.8502773480678,77.24156497307553,-432.2901916503906,78.42521667480469,36.594688415527344,27.896690368652344,13.054098129272461,1.1979111433029175,-2.2971181869506836,-10.87289047241211,-12.742079734802246,-8.286396980285645,-9.535947799682617,-2.1079506874084473,-3.4154112339019775,ged,ged_A_1.5m_tmlKlasse_001_s01.wav
0.03516346961259842,0.07794237139821239,1159.6639424342256,2375.0,387.0,71396.01434499121,6923.487411912533,811.3182754646582,140.77798654157797,-360.280517578125,106.28427124023438,14.59686279296875,16.31304931640625,-1.0394697189331055,-9.775907516479492,-9.899303436279297,-16.140974044799805,-11.560688018798828,-4.83931303024292,-2.2016406059265137,3.146296739578247,-1.417277216911316,ged,ged_A_1.5m_tmlKlasse_001_s02.wav
0.023790713399648666,0.1221326332895806,1254.8760806758776,2783.0,247.0,34310.74415403338,374.18568863160954,265.80215564446365,65.55209543204884,-427.6509094238281,77.80952453613281,29.75334358215332,19.77143096923828,10.038060188293457,-0.13405346870422363,-1.04305100440979,-8.643844604492188,-11.209548950195312,-4.602047920227051,-4.73391056060791,3.2753987312316895,0.8299844264984131,ged,ged_A_1.5m_tmlKlasse_001_s03.wav
0.0245100986212492,0.09806862928933058,1425.1696585034624,3145.0,353.0,32723.101856407247,491.1180646526597,184.5359224975359,69.50587231133736,-417.36419677734375,84.09622192382812,22.613492965698242,21.031524658203125,10.930986404418945,-2.3261561393737793,-6.647795677185059,-13.930418014526367,-14.056230545043945,-4.7516632080078125,-5.911746501922607,0.4121437072753906,2.022226095199585,ged,ged_A_1.5m_tmlKlasse_001_s04.wav
0.01948515512049198,0.1347584224014001,1407.2760162084655,3136.0,345.0,18704.898836940367,245.57625433170747,161.40587556033756,49.88704953174205,-435.1361083984375,70.97468566894531,31.49365234375,23.853038787841797,13.221240043640137,4.3408331871032715,-5.632212162017822,-10.19117546081543,-9.83381462097168,-7.736977577209473,-10.430980682373047,-0.6448832750320435,-0.5211942195892334,ged,ged_A_1.5m_tmlKlasse_001_s05.wav
0.023650644347071648,0.09088068004250266,1138.5216753067646,2183.0,248.0,30618.74346572008,2920.1206014992854,184.6593920263317,71.85314460638537,-398.3822326660156,96.31369018554688,21.852783203125,12.792656898498535,-3.2288098335266113,-7.7315168380737305,-6.923977851867676,-16.01454734802246,-12.891058921813965,-0.6976304054260254,-2.8226261138916016,3.3154754638671875,0.24667763710021973,ged,ged_A_1.5m_tmlKlasse_001_s06.wav
0.01765439659357071,0.11725732858303645,1362.7551655411419,3249.0,354.0,15061.322188459035,199.80968374950112,42.42275908913042,37.699229962410485,-425.684326171875,78.0987319946289,21.07651710510254,20.30536460876465,2.991690158843994,-3.339578866958618,-4.149667263031006,-10.799816131591797,-10.936346054077148,-6.9757843017578125,-5.397683143615723,4.6357622146606445,-0.3989008069038391,ged,ged_A_1.5m_tmlKlasse_001_s07.wav
0.020948827266693115,0.15419713732108256,1281.9204640916403,2901.0,354.0,23155.67767177598,600.5610065779276,101.51441686696943,47.46057943087483,-454.0947265625,63.928932189941406,26.705774307250977,19.22136688232422,11.129016876220703,6.518611431121826,-0.7517342567443848,-8.006524085998535,-8.815149307250977,-4.288741588592529,-7.792612075805664,1.1244962215423584,1.1962063312530518,ged,ged_A_1.5m_tmlKlasse_001_s08.wav
0.016319166868925095,0.09594349646852929,1381.2035748738551,3024.0,448.0,13044.753994155542,887.3668422640649,105.28520640080393,46.29667815752781,-421.20196533203125,86.2288818359375,21.435104370117188,15.772305488586426,0.7619149684906006,-2.331172466278076,-1.3807177543640137,-12.060968399047852,-14.970181465148926,-4.646757125854492,-7.123871803283691,-0.6973488926887512,0.3934208154678345,ged,ged_A_1.5m_tmlKlasse_001_s09.wav
0.01544238906353712,0.17651103193949622,1410.3741711083426,3356.0,361.0,11790.151801516071,78.20173260178929,45.802317620353506,28.253219064019213,-467.994873046875,58.34419250488281,26.537803649902344,21.619579315185547,12.831534385681152,8.27056884765625,2.1095032691955566,-4.151126861572266,-7.652050971984863,-5.142970561981201,-6.219061851501465,0.5423351526260376,-0.5532082915306091,ged,ged_A_1.5m_tmlKlasse_001_s10.wav
0.056942034512758255,0.09838114882180136,1252.3860085050396,2601.0,313.0,187484.87157396175,3348.159327431838,2019.6511683918466,439.7088355080271,-412.32354736328125,79.02198791503906,19.805757522583008,20.547815322875977,2.7202041149139404,-1.6439104080200195,-4.873378753662109,-15.853251457214355,-10.037696838378906,-2.1027426719665527,-8.98633098602295,-5.044841766357422,-7.778167724609375,ged,ged_C_0.75m_nygaard_001_s01.wav
0.0709967240691185,0.1248203012688293,1247.8999652469972,2666.0,302.0,184248.6834833143,116030.09351111163,3034.677871858974,1277.036624040373,-397.519775390625,76.26266479492188,14.262935638427734,17.60516357421875,-2.0828309059143066,-8.96741008758545,-6.443140506744385,-14.660356521606445,-7.178187370300293,-2.696673631668091,-9.844632148742676,0.3316212296485901,-2.6814165115356445,ged,ged_C_0.75m_nygaard_001_s02.wav
0.06852052360773087,0.1061316332270767,1203.639690307282,2593.0,301.0,236334.14309381045,16141.306080726748,4790.748743522132,635.3872942435447,-415.74395751953125,75.8446273803711,24.210994720458984,28.045608520507812,9.22760009765625,-5.309865951538086,-5.7802839279174805,-9.912166595458984,-7.929292678833008,-4.586979866027832,-11.948076248168945,-3.0993220806121826,-3.0222229957580566,ged,ged_C_0.75m_nygaard_001_s03.wav
0.05930386483669281,0.12088255515969748,1241.2828514812459,2611.0,301.0,179086.46460883826,12171.45576675326,1772.637098296095,586.6338341279973,-405.6893310546875,77.98133850097656,17.746564865112305,15.820009231567383,1.0426688194274902,-3.4536373615264893,-1.4151244163513184,-12.682988166809082,-6.770317554473877,1.5320301055908203,-6.7350850105285645,-2.0017542839050293,-6.903835296630859,ged,ged_C_0.75m_nygaard_001_s04.wav
0.06151843070983887,0.0983186449153072,1253.6897533659267,2686.0,301.0,218914.9683899311,3844.8884127125802,2609.4226215581657,800.8091425234752,-398.1209411621094,84.96617889404297,17.08127784729004,23.587467193603516,3.354473114013672,-3.4064316749572754,-3.6071853637695312,-19.555566787719727,-11.002801895141602,-2.7905054092407227,-7.764590263366699,-2.924422264099121,-7.624414443969727,ged,ged_C_0.75m_nygaard_001_s05.wav
0.046246808022260666,0.11200700043752734,1207.5663201567604,2580.0,313.0,105901.44088426384,6236.35939221192,1197.7223479043832,330.28941853177037,-416.9726257324219,79.21888732910156,22.647050857543945,21.692480087280273,6.491972923278809,-2.3576266765594482,-7.195283889770508,-18.55298614501953,-10.71109390258789,-3.2364840507507324,-11.931373596191406,-4.4167280197143555,-3.9391870498657227,ged,ged_C_0.75m_nygaard_001_s06.wav
0.045842379331588745,0.11125695355959747,1245.935746352969,2700.0,301.0,97236.34715779095,3691.7730845889955,978.9429783335629,367.70474898467995,-423.73138427734375,76.61579132080078,23.361125946044922,20.514801025390625,4.9502668380737305,-1.2945691347122192,-2.9514012336730957,-12.604110717773438,-9.814083099365234,-2.1463732719421387,-7.263294219970703,-3.561615228652954,-4.388815879821777,ged,ged_C_0.75m_nygaard_001_s07.wav
0.053136926144361496,0.10838177386086631,1215.5521424806577,2484.0,312.0,113986.52421673443,22861.53017802628,1203.46640726951,395.0750571084001,-386.99505615234375,86.11345672607422,5.903098106384277,12.524107933044434,-3.3046929836273193,-7.925670623779297,-5.9689836502075195,-14.600013732910156,-10.360174179077148,-4.984106063842773,-9.095880508422852,-3.1671135425567627,-7.057487487792969,ged,ged_C_0.75m_nygaard_001_s08.wav
0.05602618306875229,0.0987561722607663,1259.5176140559477,2631.0,301.0,133391.82211725705,22177.567060101133,2353.2349700954555,711.0797680495915,-376.12799072265625,87.8307876586914,9.720379829406738,25.066373825073242,-3.458411693572998,-10.942594528198242,-6.838624477386475,-17.52836036682129,-8.75295352935791,-9.625467300415039,-13.816312789916992,-4.508298873901367,-6.131702423095703,ged,ged_C_0.75m_nygaard_001_s09.wav
0.0647675096988678,0.10575660978811176,1316.868064075099,2750.0,313.0,172227.45449542074,20242.540119778947,1902.9135432704725,819.4524906579896,-399.2999572753906,80.7341079711914,20.841312408447266,21.412704467773438,1.738868236541748,-4.624560356140137,-4.398742198944092,-19.136608123779297,-11.108652114868164,-3.226435422897339,-9.700738906860352,-1.9965406656265259,-5.189971923828125,ged,ged_C_0.75m_nygaard_001_s10.wav
0.056833334267139435,0.16288518032377022,1244.7790630221652,2590.0,313.0,187338.25479440615,3163.4617761586933,1998.3602298210608,431.3977645721046,-441.353759765625,62.16280746459961,17.505796432495117,18.800716400146484,4.354622840881348,1.2050340175628662,-1.1566158533096313,-11.381526947021484,-9.03797435760498,-2.9210619926452637,-10.001642227172852,-3.2636380195617676,-6.0662431716918945,ged,ged_C_0.75m_stille_001_s01.wav
0.07086991518735886,0.16319769985624102,1245.4357273343037,2663.0,302.0,183988.26489570542,115936.04803316074,3014.2393512036824,1266.3396562897972,-428.29559326171875,64.87977600097656,17.91847801208496,13.841144561767578,2.8784449100494385,-2.108694553375244,-3.859720230102539,-14.132547378540039,-9.19290542602539,-2.401151180267334,-10.205516815185547,0.8478436470031738,-1.238603115081787,ged,ged_C_0.75m_stille_001_s02.wav
0.06846898794174194,0.16419776236014752,1204.2053906818278,2593.0,301.0,235989.94825549115,16302.405792246895,4781.498870270694,630.5410710499681,-441.9461975097656,58.95549774169922,18.889362335205078,23.801822662353516,8.024128913879395,-3.896623134613037,-4.712986946105957,-11.258965492248535,-10.829776763916016,-5.62281608581543,-11.306344032287598,-2.8334267139434814,-3.8887476921081543,ged,ged_C_0.75m_stille_001_s03.wav
0.05919644236564636,0.15975998499906244,1245.7101338176608,2624.0,301.0,178619.0714112804,11869.127667423787,1757.6732241551354,579.3468130050642,-438.775390625,59.00511169433594,19.609983444213867,19.475078582763672,6.015523910522461,0.5471282601356506,-0.8722808361053467,-12.986100196838379,-10.027402877807617,-1.672951102256775,-8.547731399536133,-1.4556910991668701,-4.263091087341309,ged,ged_C_0.75m_stille_001_s04.wav
0.06137851998209953,0.16794799674979685,1267.0816758064407,2692.0,301.0,218480.78926988808,3542.2289914466883,2544.4136181520207,778.1819328529574,-440.50640869140625,61.1510009765625,17.85083770751953,20.28208351135254,3.810054302215576,-1.6563045978546143,-1.846482753753662,-14.393449783325195,-10.25469970703125,-5.345200538635254,-9.272533416748047,-0.2475925087928772,-3.9898014068603516,ged,ged_C_0.75m_stille_001_s05.wav
0.04591949284076691,0.1880117507344209,1214.7515975199804,2603.0,313.0,104304.75218246494,6156.711673277705,1152.8094581260607,326.34873705115,-447.6810302734375,59.5372314453125,18.196380615234375,16.346233367919922,4.161222457885742,1.4387565851211548,-1.636460304260254,-15.449368476867676,-10.770143508911133,-0.1191333532333374,-6.585089683532715,-1.4640988111495972,-3.842576265335083,ged,ged_C_0.75m_stille_001_s06.wav
0.04574323073029518,0.14007125445340335,1257.5374057340152,2712.0,301.0,96872.73396464677,3645.774543232523,970.9923273554992,365.4960529721804,-446.293212890625,61.05186462402344,20.034893035888672,17.90815544128418,5.716180801391602,3.1591272354125977,0.13951563835144043,-11.769451141357422,-8.272337913513184,-0.954780101776123,-7.496551513671875,-2.7860023975372314,-3.5289647579193115,ged,ged_C_0.75m_stille_001_s07.wav
0.05284041166305542,0.17763610225639104,1207.2394465578132,2491.0,312.0,113545.26124411618,21801.717265739717,1033.930938735224,378.53748232860033,-446.7264404296875,60.483619689941406,20.994426727294922,15.990510940551758,2.492741346359253,-0.09137487411499023,-2.665304183959961,-11.701091766357422,-9.767221450805664,-4.926218509674072,-9.125406265258789,-2.578495502471924,-3.971376419067383,ged,ged_C_0.75m_stille_001_s08.wav
0.05485403165221214,0.1708856803550222,1246.0978007351523,2579.0,301.0,129154.71389106201,21057.14531157722,2069.5732328144773,623.6309363426625,-442.6368408203125,58.621421813964844,18.625377655029297,18.560970306396484,5.039641857147217,-0.8839279413223267,-2.4812397956848145,-13.376705169677734,-9.195531845092773,-3.99147891998291,-9.240499496459961,-3.2181107997894287,-3.582663059234619,ged,ged_C_0.75m_stille_001_s09.wav
0.06458794325590134,0.1776986061628852,1327.7141436227585,2771.0,313.0,171410.94133750026,20113.864335749175,1874.0769771790237,804.4354702484154,-439.66497802734375,58.06726837158203,21.274843215942383,17.850250244140625,5.23162841796875,0.20517849922180176,-2.0364882946014404,-13.800758361816406,-10.355981826782227,-3.0669679641723633,-7.700684070587158,-0.8534755110740662,-2.957150459289551,ged,ged_C_0.75m_stille_001_s10.wav
0.057309482246637344,0.09850615663478968,1237.4173427978353,2575.0,313.0,189850.27402528975,3857.57590903132,2082.704318103306,451.2701391221277,-400.57672119140625,83.0918197631836,13.0955810546875,20.355323791503906,2.8999791145324707,-5.16423225402832,-7.17405366897583,-16.66370391845703,-10.990760803222656,-4.258792400360107,-8.922222137451172,-1.4704252481460571,-4.170666694641113,ged,ged_C_0.75m_tmlKlasse_001_s01.wav
0.07098080962896347,0.0956309769360585,1240.4305649547905,2654.0,302.0,184166.22267511612,116125.84570250801,3068.5220648148934,1272.821903009005,-389.7677001953125,86.71973419189453,15.366193771362305,19.663368225097656,3.2562122344970703,-12.557413101196289,-13.701451301574707,-20.525463104248047,-11.533605575561523,-3.9088499546051025,-10.584104537963867,3.218308210372925,2.373361110687256,ged,ged_C_0.75m_tmlKlasse_001_s02.wav
0.06847803294658661,0.13200825051565723,1207.008248513344,2594.0,301.0,236007.83926897057,16306.484812570068,4784.249783396199,632.6634865402356,-430.3583068847656,65.68132019042969,21.73311996459961,25.673927307128906,9.846368789672852,-2.634263753890991,-3.9629299640655518,-11.022993087768555,-10.631640434265137,-5.226977348327637,-11.455177307128906,-2.4486210346221924,-2.986130714416504,ged,ged_C_0.75m_tmlKlasse_001_s03.wav
0.05923014134168625,0.11719482467654228,1245.00913700747,2626.0,301.0,178571.37389780697,11894.353522572092,1772.9182677533342,584.1848061469739,-409.23883056640625,79.23469543457031,21.135101318359375,17.63980484008789,1.1190404891967773,-3.2682385444641113,-4.297740936279297,-19.289844512939453,-12.095252990722656,1.9484302997589111,-5.006075382232666,1.1187827587127686,-1.5644770860671997,ged,ged_C_0.75m_tmlKlasse_001_s04.wav
0.061628397554159164,0.08706794174635915,1261.4962004325762,2687.0,301.0,219277.1552447741,4102.044063905247,2573.068438411675,796.2704025088988,-396.19970703125,87.13174438476562,14.227503776550293,19.020633697509766,-1.2509721517562866,-7.13762092590332,-2.0888214111328125,-18.337575912475586,-16.27125358581543,-5.984346389770508,-9.286551475524902,-0.5369969010353088,-2.120249032974243,ged,ged_C_0.75m_tmlKlasse_001_s05.wav
0.045980025082826614,0.14969685605350336,1220.6643502891288,2623.0,313.0,104504.02892701287,6198.611127031066,1157.3560170861438,328.39052389151954,-429.4311828613281,69.48516845703125,23.41514015197754,20.239980697631836,7.820011138916016,0.12367534637451172,-3.7397313117980957,-17.55097007751465,-10.201197624206543,-1.5801804065704346,-6.72461462020874,-1.2418768405914307,-2.318979024887085,ged,ged_C_0.75m_tmlKlasse_001_s06.wav
0.04601053148508072,0.09206825426589162,1207.9499193705458,2638.0,301.0,98159.31462009458,4230.343707438023,1011.573374397992,376.5196453167324,-401.6869812011719,89.83647155761719,21.580745697021484,21.35184669494629,4.792647361755371,-1.068340539932251,-2.979597568511963,-18.655282974243164,-13.824737548828125,-5.363748073577881,-11.35078239440918,-2.587934970855713,-1.4138211011886597,ged,ged_C_0.75m_tmlKlasse_001_s07.wav
0.05331825464963913,0.108256766047878,1181.0746170447603,2467.0,312.0,116566.99331596818,22405.546657994943,1080.0172879631466,399.90650454834525,-400.88409423828125,83.16820526123047,16.831830978393555,23.544559478759766,1.60919189453125,-8.751206398010254,-9.932480812072754,-19.974559783935547,-9.926036834716797,-4.920647621154785,-10.615901947021484,1.7715266942977905,-1.6365058422088623,ged,ged_C_0.75m_tmlKlasse_001_s08.wav
0.05531869828701019,0.11781986374148384,1229.304936283279,2545.0,301.0,134310.39784027098,21267.534247759148,2305.6460452452557,634.2918753096337,-403.47515869140625,79.6231460571289,15.77462387084961,21.735862731933594,5.771082401275635,-7.888385772705078,-12.941642761230469,-20.93393325805664,-9.558540344238281,-2.8264946937561035,-12.35670280456543,-4.124824047088623,1.942665457725525,ged,ged_C_0.75m_tmlKlasse_001_s09.wav
0.06481080502271652,0.12494530908181761,1301.1541448132791,2681.0,313.0,172096.800021369,21679.088541644614,1914.284537115324,811.5090713194759,-407.7579650878906,76.19166564941406,18.703956604003906,17.112796783447266,1.6521809101104736,-4.908295631408691,-6.2859086990356445,-20.294681549072266,-13.826366424560547,-1.8877286911010742,-5.386041164398193,-0.9994897842407227,-2.3622074127197266,ged,ged_C_0.75m_tmlKlasse_001_s10.wav
0.030612347647547722,0.09631851990749422,1427.4984839586184,2872.0,157.0,42651.495772197726,2115.9001345959646,1174.196183805379,245.93398648244562,-419.839599609375,80.01792907714844,21.633573532104492,15.236251831054688,1.2868984937667847,-1.6262571811676025,-1.1071425676345825,-5.982180118560791,-5.906599521636963,-1.644269347190857,-9.215548515319824,-5.775266170501709,-8.090429306030273,ged,ged_C_1.5m_nygaard_001_s01.wav
0.02896554209291935,0.07362960185011563,1322.199432371205,2578.0,304.0,35883.23092975359,2764.0751724142647,1128.6105050545777,188.49206355247244,-394.25201416015625,89.44107055664062,16.229799270629883,23.55953025817871,3.6934492588043213,-6.234853267669678,-8.17966365814209,-13.693279266357422,-8.553462982177734,-2.6802380084991455,-10.363911628723145,-6.649051666259766,-9.10791015625,ged,ged_C_1.5m_nygaard_001_s02.wav
0.06018245220184326,0.09575598474904681,1207.550825818219,2446.0,353.0,185115.91195523462,11964.19500213587,2844.169280791558,388.9786701122335,-407.0831298828125,81.90104675292969,22.574228286743164,23.950458526611328,5.256950855255127,-1.5236256122589111,-3.3095502853393555,-10.837821960449219,-9.28640365600586,-1.1162753105163574,-6.125934600830078,-3.185703992843628,-4.10799503326416,ged,ged_C_1.5m_nygaard_001_s03.wav
0.04718855023384094,0.12932058253640852,1361.850736302297,2655.0,452.0,112300.49590345124,2864.010598352593,2767.2127153589213,485.765523326375,-380.33197021484375,80.73116302490234,4.433150768280029,28.771438598632812,8.195430755615234,-0.8279932737350464,-3.244075298309326,-15.288249969482422,-8.945854187011719,-0.9580938816070557,-6.184849739074707,-5.659287452697754,-7.607722759246826,ged,ged_C_1.5m_nygaard_001_s04.wav
0.03333638608455658,0.11519469966872929,1318.3874420901557,2509.0,304.0,55756.03864104342,1047.317867340584,1408.0529475104572,142.19649965591776,-433.5160827636719,72.7096939086914,24.071979522705078,29.220439910888672,11.116070747375488,0.5333446264266968,-1.1556296348571777,-10.223400115966797,-9.024399757385254,-2.7088217735290527,-6.0045366287231445,-2.852860450744629,-2.8666837215423584,ged,ged_C_1.5m_nygaard_001_s05.wav
0.03149225190281868,0.11556972310769423,1290.267583770946,2528.0,451.0,47166.33501027802,2816.3482921958916,945.3302623833586,142.88374084943533,-427.2431335449219,77.06779479980469,26.79604148864746,27.81137466430664,9.913614273071289,3.7601590156555176,-1.8291656970977783,-10.665369033813477,-5.795353412628174,1.3127119541168213,-3.6369664669036865,1.2168443202972412,-1.5824159383773804,ged,ged_C_1.5m_nygaard_001_s06.wav
0.0327945239841938,0.13025814113382087,1448.6601791130483,2896.0,158.0,56497.344468881915,3069.4266957395866,1943.7617938113153,449.5219804595211,-386.525634765625,80.765380859375,4.570816516876221,25.258541107177734,6.384432792663574,1.0374959707260132,-2.85856556892395,-13.660370826721191,-5.127344131469727,-0.03545176982879639,-5.734273910522461,-7.135944843292236,-9.086261749267578,ged,ged_C_1.5m_nygaard_001_s07.wav
0.03934735804796219,0.11494468404275267,1295.805941868982,2492.0,156.0,75411.69322975076,3225.9650557630484,1923.5034365680785,237.39723403926976,-402.69342041015625,82.7499771118164,16.510793685913086,19.00617790222168,2.5056114196777344,-0.9802418351173401,-3.664585590362549,-10.053092956542969,-8.464849472045898,0.27110111713409424,-3.4861762523651123,-2.548499584197998,-4.120663166046143,ged,ged_C_1.5m_nygaard_001_s08.wav
0.03804514929652214,0.12613288330520658,1402.6016460802705,2768.0,156.0,61034.73323260971,1615.03807837474,1794.37264060694,320.3627250189284,-423.1463623046875,70.15049743652344,22.701717376708984,30.41952896118164,10.013833999633789,0.07352489233016968,-4.387076377868652,-11.335090637207031,-6.913719654083252,-3.7465054988861084,-9.317879676818848,-2.3631763458251953,-5.701169967651367,ged,ged_C_1.5m_nygaard_001_s09.wav
0.03548059239983559,0.09938121132570786,1435.1695640382725,2793.0,157.0,67258.13161484984,3530.9395590239756,2073.468284471235,294.75247825478687,-406.33135986328125,83.65645599365234,21.967456817626953,21.460487365722656,4.815182209014893,0.7494505047798157,-3.071241855621338,-15.637378692626953,-10.06341552734375,-2.3998067378997803,-10.80718994140625,-9.782020568847656,-8.256349563598633,ged,ged_C_1.5m_nygaard_001_s10.wav
0.030264703556895256,0.16163510219388713,1452.6228247115223,2896.0,157.0,41797.52266628969,1990.6104442498186,1159.4100727781536,246.60814565733253,-451.1518249511719,58.51399230957031,21.1175479888916,19.988563537597656,8.431916236877441,4.055481910705566,2.048819065093994,-3.92767596244812,-6.136425971984863,-1.1626417636871338,-6.447519779205322,-1.0775216817855835,-4.7017974853515625,ged,ged_C_1.5m_stille_001_s01.wav
0.02780393324792385,0.16663541471341958,1382.1869245070948,2727.0,304.0,34218.86323889905,1057.7132111614617,888.9946106882062,164.09780962870585,-451.86187744140625,59.721275329589844,22.537006378173828,19.44469451904297,7.7287445068359375,3.17353892326355,-1.8287298679351807,-8.142190933227539,-7.866303443908691,-1.9461045265197754,-8.735990524291992,-1.6652653217315674,-2.5106256008148193,ged,ged_C_1.5m_stille_001_s02.wav
0.06010647490620613,0.11869491843240203,1198.361216095743,2431.0,353.0,184664.40525640082,11888.8626286988,2825.7275604216866,360.7932965487661,-438.314208984375,65.70631408691406,21.613483428955078,19.734134674072266,9.217253684997559,5.127307891845703,1.1480512619018555,-7.233952522277832,-7.76686954498291,1.4529317617416382,-4.221965789794922,-2.451935052871704,-2.0934834480285645,ged,ged_C_1.5m_stille_001_s03.wav
0.04689042642712593,0.1353209575598475,1330.6283604702205,2603.0,452.0,112463.01611926933,2254.074119701844,2569.2011094005475,449.6208581538265,-430.7889404296875,64.14195251464844,16.54107666015625,25.756824493408203,10.909964561462402,4.992790222167969,0.5454333424568176,-9.369569778442383,-8.136507034301758,-1.0297319889068604,-5.724987030029297,-1.7264063358306885,-4.073601245880127,ged,ged_C_1.5m_stille_001_s04.wav
0.033185139298439026,0.14500906306644165,1316.807677431215,2492.0,304.0,55147.457587313496,1031.0842944056485,1395.8005556667345,136.59231160542356,-453.29296875,62.538665771484375,20.482948303222656,25.011741638183594,12.655994415283203,3.7473273277282715,-0.26258495450019836,-6.776731014251709,-5.885275840759277,-2.1054887771606445,-5.05403470993042,-1.7008028030395508,-2.860136032104492,ged,ged_C_1.5m_stille_001_s05.wav
0.03135791793465614,0.13994624664041502,1287.344463544787,2513.0,451.0,46794.71033501808,2689.2073695785866,941.8581598427173,131.1182095526148,-449.0198974609375,66.65282440185547,22.87755584716797,24.0329647064209,10.856285095214844,4.507909297943115,-2.5175211429595947,-10.347748756408691,-10.87475299835205,-3.6136958599090576,-5.50999116897583,-2.4074225425720215,-4.133938789367676,ged,ged_C_1.5m_stille_001_s06.wav
0.03221583738923073,0.15182198887430465,1426.2938598873639,2876.0,158.0,55507.59892732414,2425.974742961467,1756.699876006754,415.1994104242229,-436.4808349609375,66.30760955810547,18.06818199157715,21.035417556762695,7.82707405090332,5.039707183837891,-2.3426120281219482,-10.44262409210205,-6.514549255371094,-2.0990004539489746,-5.502774238586426,-4.803031921386719,-6.728916645050049,ged,ged_C_1.5m_stille_001_s07.wav
0.039107754826545715,0.1655103443965248,1305.3606393703665,2490.0,156.0,74592.36708409362,2892.763730212517,1887.2301944568842,222.27200983531137,-441.87127685546875,64.07762145996094,19.857044219970703,20.47134780883789,8.596464157104492,3.0615482330322266,-5.125321865081787,-11.134316444396973,-9.031570434570312,-1.9019372463226318,-6.676875591278076,-3.641352415084839,-4.539917469024658,ged,ged_C_1.5m_stille_001_s08.wav
0.03795960173010826,0.16001000062503906,1398.0849020728697,2722.0,156.0,60954.165060285246,1608.001863117534,1783.6250890473889,308.92672264646205,-444.7056579589844,61.52961730957031,19.021207809448242,21.77318000793457,8.579460144042969,1.0216623544692993,-3.9923644065856934,-9.660099029541016,-7.53154993057251,-3.0479001998901367,-9.049277305603027,-4.4058451652526855,-5.612887859344482,ged,ged_C_1.5m_stille_001_s09.wav
0.03508593142032623,0.18301143821488844,1463.9662475965317,2853.0,157.0,66473.15540627752,3394.5755920738343,2048.599962626501,286.8046312714298,-445.24615478515625,57.89164733886719,16.92572784423828,18.878536224365234,8.297819137573242,4.41990852355957,-2.651897668838501,-11.835569381713867,-7.657107353210449,-0.6673291325569153,-6.77851676940918,-5.840664863586426,-5.4676103591918945,ged,ged_C_1.5m_stille_001_s10.wav
0.03053690493106842,0.09800612538283643,1436.4078658982417,2887.0,158.0,42225.97696444113,2148.580668255778,1234.658287823786,262.18909683883595,-413.47998046875,81.41000366210938,21.248367309570312,23.882837295532227,10.314005851745605,0.3167661428451538,-6.161703109741211,-14.864898681640625,-10.265390396118164,-1.7133021354675293,-8.26124382019043,-2.1268768310546875,-4.2436604499816895,ged,ged_C_1.5m_tmlKlasse_001_s01.wav
0.02793080545961857,0.1308831801987624,1375.5449380891457,2730.0,304.0,34534.075310339016,1176.1831564524705,897.7272727353431,171.82916518538764,-433.22540283203125,72.0144271850586,25.358781814575195,19.9082088470459,4.1623311042785645,-0.13180118799209595,-3.5337347984313965,-9.61082935333252,-6.2669572830200195,-0.3565172255039215,-8.227238655090332,-1.5965425968170166,-2.9185359477996826,ged,ged_C_1.5m_tmlKlasse_001_s02.wav
0.06031980738043785,0.0919432464529033,1199.398478325458,2433.0,353.0,185264.60893756425,11960.10935004399,2829.857533696534,363.44524262213764,-404.64019775390625,84.56464385986328,20.592758178710938,24.23641014099121,9.542837142944336,0.1254292130470276,-5.422887802124023,-13.117313385009766,-8.141706466674805,1.4222965240478516,-4.76649284362793,-2.627192497253418,-2.7843637466430664,ged,ged_C_1.5m_tmlKlasse_001_s03.wav
0.047352734953165054,0.10431901993874618,1326.6979784873172,2609.0,452.0,113813.6904653935,2368.901819673013,2629.409181259395,461.9250101941957,-391.70440673828125,86.08808135986328,18.049800872802734,27.403839111328125,1.8815209865570068,-2.2630839347839355,-4.543099880218506,-15.409246444702148,-8.502850532531738,-2.890979766845703,-5.612149715423584,0.4591418504714966,-2.697061061859131,ged,ged_C_1.5m_tmlKlasse_001_s04.wav
0.034847162663936615,0.07944246515407213,1256.4230467800771,2449.0,304.0,61304.99157166802,2317.7322390863465,1567.1132854899035,166.832656761422,-401.10833740234375,92.80731964111328,14.555402755737305,23.065780639648438,9.746245384216309,-2.4792232513427734,-4.492680549621582,-13.536002159118652,-9.966222763061523,-3.318324089050293,-6.101797103881836,-2.4191136360168457,-5.714223861694336,ged,ged_C_1.5m_tmlKlasse_001_s05.wav
0.031655870378017426,0.09944371523220201,1260.757762490613,2462.0,451.0,47134.41304294334,3054.7114155688405,957.4084120427167,133.5838208030819,-411.9095764160156,88.34066009521484,17.660268783569336,22.855003356933594,11.352788925170898,-2.5661606788635254,-9.390279769897461,-13.250755310058594,-9.951522827148438,2.238755226135254,0.7125824093818665,0.11473843455314636,-2.665243148803711,ged,ged_C_1.5m_tmlKlasse_001_s06.wav
0.032308418303728104,0.12744546534158385,1419.6909689047234,2873.0,158.0,55584.70919299683,2652.6988155232484,1775.7110166211419,422.3982503063786,-418.5179443359375,75.49110412597656,18.217384338378906,21.69385528564453,8.061728477478027,3.1441550254821777,-4.3950347900390625,-10.41185188293457,-5.715640068054199,-1.4680976867675781,-5.14638614654541,-2.9218833446502686,-4.533647060394287,ged,ged_C_1.5m_tmlKlasse_001_s07.wav
0.03918091952800751,0.1280705044065254,1303.9552002989637,2490.0,156.0,74830.72579367767,2907.6622594777846,1895.129234245599,224.7551259834382,-423.67529296875,75.23725891113281,20.347455978393555,20.015968322753906,8.130699157714844,1.619894027709961,-3.240995168685913,-8.27916431427002,-8.654491424560547,-3.0345420837402344,-7.527726173400879,-3.1124002933502197,-4.4087419509887695,ged,ged_C_1.5m_tmlKlasse_001_s08.wav
0.040096595883369446,0.09006812925807862,1330.05272775735,2586.0,156.0,66252.4377387346,7140.961707994758,2137.016430083676,375.8462835832747,-380.21893310546875,94.20732879638672,14.492040634155273,20.09944725036621,-0.8700666427612305,-9.64202880859375,-8.629840850830078,-17.294151306152344,-8.473724365234375,-1.5585204362869263,-8.29307746887207,-3.3716142177581787,-10.207843780517578,ged,ged_C_1.5m_tmlKlasse_001_s09.wav
0.03546634316444397,0.11425714107131696,1411.7294309933297,2760.0,157.0,68137.37442880587,3927.343122980692,2100.611579838433,304.8890368205807,-402.7181701660156,78.93482971191406,15.27519416809082,27.33163833618164,6.96096134185791,-4.336524963378906,-8.599882125854492,-18.104827880859375,-8.47539234161377,-2.088852882385254,-9.655428886413574,-2.652634620666504,-3.9246466159820557,ged,ged_C_1.5m_tmlKlasse_001_s10.wav
0.058804892003536224,0.10263141446340396,1371.1966602475286,3028.0,352.0,179996.0561577931,9758.952695293352,1098.2697049063365,580.994449754608,-373.0277099609375,86.50311279296875,17.970169067382812,18.974035263061523,-6.776064395904541,-6.47837495803833,-4.055480003356934,-15.630926132202148,-0.4003763198852539,2.58298921585083,-9.456170082092285,2.020120620727539,-3.136342763900757,ged,ged_J_0.75m_nygaard_001_s01.wav
0.03803540766239166,0.1253828364272767,1473.917863798355,3130.0,314.0,64540.84086178244,2646.0537012712707,937.3655670185618,374.32782174462704,-384.89776611328125,78.62236785888672,8.900693893432617,20.19039535522461,-9.10248851776123,-5.5424394607543945,-1.868187665939331,-18.801589965820312,-6.1673784255981445,-0.5627221465110779,-12.382024765014648,-5.810929298400879,-4.036487102508545,ged,ged_J_0.75m_nygaard_001_s02.wav
0.03770654276013374,0.10163135195949746,1499.1771662482577,3354.0,313.0,67683.17825967321,1440.1151969540213,513.1100464804113,201.7035002134461,-416.04376220703125,73.06352233886719,24.91465950012207,21.512617111206055,2.660982847213745,-3.9593911170959473,-5.8839921951293945,-13.26956558227539,-11.801513671875,-4.830993175506592,-9.495529174804688,-1.7247928380966187,-3.7738921642303467,ged,ged_J_0.75m_nygaard_001_s03.wav
0.03598843887448311,0.1068191761985124,1353.28035527929,2931.0,312.0,65275.36537452432,1161.9083123910857,539.6165640808704,186.94772304551574,-413.52520751953125,78.69331359863281,23.278640747070312,19.094987869262695,-0.8178938627243042,-3.7739036083221436,-6.306097030639648,-14.616567611694336,-9.116567611694336,-3.1412060260772705,-8.489663124084473,-5.415890693664551,-6.682544708251953,ged,ged_J_0.75m_nygaard_001_s04.wav
0.042551521211862564,0.08650540658791174,1218.9941778954494,2599.0,312.0,94919.90515427066,2505.0060570043224,594.5560853356585,192.93355672567225,-398.3875732421875,87.77845764160156,27.553199768066406,21.062610626220703,3.0995936393737793,-2.2588348388671875,-5.6204962730407715,-15.97852611541748,-14.447561264038086,-5.329421043395996,-5.924137592315674,0.2151731550693512,-3.7497615814208984,ged,ged_J_0.75m_nygaard_001_s05.wav
0.040873777121305466,0.09244327770485655,1258.211137601963,2636.0,312.0,82062.4555143331,1924.9476762706884,559.9297937427191,175.1422685713171,-396.9261169433594,88.98078918457031,26.921741485595703,18.208423614501953,0.5127465128898621,-1.9885445833206177,-4.3643269538879395,-13.473529815673828,-12.822308540344238,-7.744122505187988,-10.91200065612793,-3.4376139640808105,-4.71543025970459,ged,ged_J_0.75m_nygaard_001_s06.wav
0.03286118805408478,0.10944434027126695,1274.7063332106911,2691.0,401.0,53806.60154930006,2546.9166990531276,391.37902131647445,128.34690136574608,-417.70587158203125,75.8082504272461,24.84883689880371,23.964527130126953,1.7725656032562256,-3.202463150024414,-5.800144195556641,-16.65085220336914,-5.880980491638184,-1.3520711660385132,-10.773933410644531,-1.4770289659500122,-1.8780608177185059,ged,ged_J_0.75m_nygaard_001_s07.wav
0.04532558470964432,0.12157009813113319,1295.344542799816,2708.0,301.0,119718.60571638306,2953.833589405953,878.3652537419769,219.87387870591297,-421.43975830078125,69.65933227539062,22.567777633666992,22.275104522705078,5.689682960510254,-4.133408069610596,-6.961052417755127,-11.346803665161133,-7.248202323913574,-3.6438474655151367,-8.600927352905273,-0.05492234230041504,-2.248905897140503,ged,ged_J_0.75m_nygaard_001_s08.wav
0.03781842440366745,0.11375710981936371,1285.2617830127942,2710.0,302.0,73405.8516245517,1910.1824787602045,626.561026065018,197.4069114011957,-413.00335693359375,73.20059967041016,21.36328125,22.347915649414062,2.694211006164551,-4.593377113342285,-8.129354476928711,-11.103580474853516,-7.457013130187988,-1.9293917417526245,-5.344230651855469,-1.7907401323318481,-4.435234069824219,ged,ged_J_0.75m_nygaard_001_s09.wav
0.03943461924791336,0.09675604725295331,1342.5827813455992,2916.0,301.0,86865.91514065719,1918.7679551135702,680.7665773903914,305.8453904503953,-400.4217529296875,77.77003479003906,13.259937286376953,22.12955093383789,7.863609313964844,-3.361668586730957,-8.568065643310547,-13.465965270996094,-11.308516502380371,-7.097082614898682,-9.80394172668457,-4.183722972869873,-7.992097854614258,ged,ged_J_0.75m_nygaard_001_s10.wav
0.05819746479392052,0.1382586411650728,1386.9239893533247,3056.0,352.0,178927.478945203,8394.456725307402,1042.02503746706,531.1965669991368,-432.0849609375,61.33080291748047,25.431232452392578,14.582334518432617,3.4503893852233887,-0.37568289041519165,-3.3466148376464844,-10.857779502868652,-8.562323570251465,0.23522883653640747,-6.611083030700684,-0.49653613567352295,-2.132715940475464,ged,ged_J_0.75m_stille_001_s01.wav
0.03751862421631813,0.13850865679104943,1442.6966282277967,3075.0,314.0,63444.82765803345,2241.2865024331986,741.7998883868648,255.4016483431157,-440.89569091796875,59.42898941040039,21.536725997924805,14.793744087219238,2.595705986022949,-0.5487948656082153,-4.358666896820068,-9.146018981933594,-8.487951278686523,-3.4435274600982666,-5.767068862915039,-1.5902423858642578,-1.5881989002227783,ged,ged_J_0.75m_stille_001_s02.wav
0.037484120577573776,0.1386961685105319,1502.9470083657354,3372.0,313.0,67010.8912503974,1275.082683919325,483.1906601784415,175.53102221070407,-446.9996337890625,56.619667053222656,24.25991439819336,17.142297744750977,5.017243385314941,0.6233975887298584,-3.810263156890869,-9.958073616027832,-9.673467636108398,-1.6778149604797363,-6.280890464782715,0.5813764333724976,-1.7859854698181152,ged,ged_J_0.75m_stille_001_s03.wav
0.03567534685134888,0.14369648103006438,1340.0860813951265,2846.0,312.0,64673.0775322744,1031.9267267275745,528.4100971250267,151.79692393765936,-448.5003356933594,60.33143997192383,24.12286376953125,18.686674118041992,4.662858009338379,-0.3563048541545868,-3.06119704246521,-9.849906921386719,-9.556893348693848,-2.024031162261963,-6.612646102905273,-1.6118695735931396,-4.461165904998779,ged,ged_J_0.75m_stille_001_s04.wav
0.042186394333839417,0.14569660603787737,1244.9999560959052,2624.0,312.0,93654.19342072192,2070.1772252171854,571.6081237602439,183.4982839563167,-442.4964599609375,60.122501373291016,23.484851837158203,16.554792404174805,5.077561378479004,0.00022688508033752441,-4.350896835327148,-10.298458099365234,-10.265007972717285,-3.4485085010528564,-6.578395843505859,0.05471271276473999,-1.4830687046051025,ged,ged_J_0.75m_stille_001_s05.wav
0.040404267609119415,0.1485092818301144,1270.7119779378183,2647.0,312.0,81066.36446447654,1776.2926451542457,543.2231174064189,169.37892259292644,-443.2830505371094,60.75150680541992,23.77147674560547,16.826152801513672,4.757308006286621,0.516743540763855,-5.287135601043701,-11.434261322021484,-10.134350776672363,-1.6679973602294922,-4.754550457000732,-2.5170352458953857,-4.238809585571289,ged,ged_J_0.75m_stille_001_s06.wav
0.032299336045980453,0.13988374273392087,1263.48386850951,2638.0,401.0,52917.11309697863,2304.2504787910107,345.91882827509664,110.93769451049572,-444.74493408203125,64.07125854492188,22.754188537597656,15.916046142578125,3.9474639892578125,0.3489585816860199,-4.1828460693359375,-11.351534843444824,-8.017208099365234,-2.062389612197876,-5.45408821105957,-1.3254886865615845,-2.547075033187866,ged,ged_J_0.75m_stille_001_s07.wav
0.04533056542277336,0.1357584849053066,1295.1987896181656,2707.0,301.0,119839.04817986459,2873.968933119718,868.4062814615431,218.31451280244238,-440.9569396972656,62.13427734375,24.97258758544922,18.99342918395996,5.234351634979248,-1.5151259899139404,-5.351465702056885,-11.166299819946289,-8.61431884765625,-3.074125051498413,-7.101875305175781,-0.9008305668830872,-1.8897199630737305,ged,ged_J_0.75m_stille_001_s08.wav
0.03765393793582916,0.13819613725857866,1282.360665551918,2693.0,302.0,73007.84028732823,1754.206074496072,580.7929365254608,189.31526314198882,-444.8292236328125,58.937408447265625,24.58641242980957,19.979047775268555,4.4792327880859375,-0.7224735021591187,-6.144896984100342,-9.508974075317383,-8.4403076171875,-2.492719888687134,-5.729432106018066,-1.8120794296264648,-4.66102409362793,ged,ged_J_0.75m_stille_001_s09.wav
0.03923250362277031,0.14094630914432152,1320.0230516019287,2902.0,301.0,86633.24942676706,1750.663783993076,563.0864735403492,286.10744630576204,-444.7642822265625,59.658260345458984,21.103843688964844,18.54341697692871,5.515750885009766,0.06290590763092041,-8.855611801147461,-11.784926414489746,-7.622469902038574,-4.096824645996094,-8.235092163085938,-1.7047055959701538,-2.5906615257263184,ged,ged_J_0.75m_stille_001_s10.wav
0.06038589030504227,0.08325520345021564,1305.605182024758,2834.0,351.0,187755.1492523479,13955.18617752697,1277.9596317979654,570.384741214957,-342.1873779296875,100.8858413696289,6.466424465179443,15.07663345336914,1.1121554374694824,-8.72536849975586,-3.8630709648132324,-17.970483779907227,-18.561689376831055,-2.0448005199432373,-7.908816337585449,-2.931757688522339,-1.8508739471435547,ged,ged_J_0.75m_tmlKlasse_001_s01.wav
0.04136170819401741,0.07031689480592537,1391.5758007661807,2952.0,314.0,69058.28421821447,2417.9099218402766,821.5882948751516,270.72281149324874,-380.123291015625,92.50325012207031,21.55726432800293,22.117389678955078,3.7372446060180664,-9.2139310836792,-12.79249382019043,-20.396766662597656,-18.614559173583984,-11.583502769470215,-13.327495574951172,-6.848711013793945,-3.9046130180358887,ged,ged_J_0.75m_tmlKlasse_001_s02.wav
0.037588171660900116,0.11494468404275267,1487.9017855378777,3331.0,313.0,67283.8833547737,1321.925792159499,485.79728638229057,178.14501019884787,-433.0775146484375,67.38776397705078,30.739826202392578,22.153488159179688,8.12174129486084,2.5229220390319824,-3.0739710330963135,-11.858397483825684,-12.226936340332031,-3.0635671615600586,-7.102075099945068,-0.4996047616004944,-2.8632383346557617,ged,ged_J_0.75m_tmlKlasse_001_s03.wav
0.03571275621652603,0.1328833052065754,1342.3993481344694,2856.0,312.0,64852.64822276924,1045.974885864749,532.1643982959183,154.60139776015785,-435.8811950683594,67.45110321044922,24.774452209472656,19.69031524658203,5.044747352600098,-0.5376922488212585,-3.6892590522766113,-11.176445007324219,-10.110492706298828,-3.2591238021850586,-6.601310729980469,-0.4297279715538025,-3.292185068130493,ged,ged_J_0.75m_tmlKlasse_001_s04.wav
0.042647216469049454,0.11113194574660916,1244.31545209311,2626.0,312.0,95396.97679017586,2173.044290857934,622.843727222062,194.17905970710427,-401.60760498046875,76.86320495605469,21.192806243896484,21.36752700805664,4.763400554656982,-2.9748919010162354,-6.786672115325928,-16.162181854248047,-14.727937698364258,-8.4405517578125,-9.33178424835205,0.3453281819820404,-1.9989289045333862,ged,ged_J_0.75m_tmlKlasse_001_s05.wav
0.040449097752571106,0.1318832427026689,1298.9778672770192,2691.0,312.0,81066.48999925547,1809.6030655684863,559.8853940485801,180.6598824332367,-419.2818603515625,73.16881561279297,24.78890609741211,15.862020492553711,4.630188941955566,-1.593895673751831,-6.166860103607178,-11.176292419433594,-9.293359756469727,-1.881073236465454,-4.070272445678711,0.6106236577033997,-3.254286527633667,ged,ged_J_0.75m_tmlKlasse_001_s06.wav
0.03269124776124954,0.10875679729983125,1261.6924581740611,2634.0,401.0,53399.425379255095,3517.4550930683304,391.69426413908576,132.2357814154296,-406.16302490234375,79.14427185058594,18.160585403442383,20.85861587524414,-0.4134567975997925,-3.7074971199035645,-10.304872512817383,-20.00400161743164,-7.404566764831543,-0.7219601273536682,-2.3877804279327393,4.251348972320557,0.35052400827407837,ged,ged_J_0.75m_tmlKlasse_001_s07.wav
0.045400768518447876,0.10969435589724358,1300.4036631530096,2710.0,301.0,119917.71806270113,3037.3698975075404,930.0547755323303,225.0151828746569,-416.09588623046875,72.04100036621094,21.077699661254883,24.327430725097656,6.968338966369629,-6.800955295562744,-10.080025672912598,-15.249332427978516,-9.94265365600586,-4.396193504333496,-8.289453506469727,-0.3048797845840454,-0.7938731908798218,ged,ged_J_0.75m_tmlKlasse_001_s08.wav
0.03839044272899628,0.08000500031251953,1260.4320431388924,2644.0,302.0,75874.8992997583,2017.335557700244,601.3306881093356,196.11287046513976,-398.52691650390625,90.45854187011719,26.161319732666016,17.176862716674805,2.1608119010925293,-3.2853641510009766,-8.907724380493164,-15.816015243530273,-15.206720352172852,-5.771862506866455,-8.253491401672363,-5.172145843505859,-6.980871200561523,ged,ged_J_0.75m_tmlKlasse_001_s09.wav
0.0420982800424099,0.0848803050190637,1301.9866731390807,2834.0,301.0,91259.92632872035,7375.886620464951,1144.6308743899122,557.5626558144229,-337.96295166015625,106.9952163696289,0.14822450280189514,17.246482849121094,-17.303882598876953,-12.731118202209473,-5.596043586730957,-19.523767471313477,-6.885672092437744,-4.584280967712402,-10.2656888961792,1.1563372611999512,-6.092041969299316,ged,ged_J_0.75m_tmlKlasse_001_s10.wav
0.03652757778763771,0.11438214888430527,1162.1461304742675,2695.0,416.0,67751.70329249109,1078.4123414251433,248.47708470743555,173.02999288783482,-427.98065185546875,75.77904510498047,26.51707649230957,24.845720291137695,3.4702415466308594,0.9536283612251282,-4.5871686935424805,-13.200906753540039,-6.917089462280273,-2.6278154850006104,-5.9509358406066895,-1.9990564584732056,-6.590824127197266,ged,ged_J_1.5m_nygaard_001_s01.wav
0.03410203382372856,0.10694418401150071,1074.4813175444383,2187.0,383.0,70244.87624934854,1550.5585382183172,262.92000454603954,202.2923024102559,-425.6094970703125,77.2363510131836,22.544147491455078,22.214929580688477,0.5829569101333618,-4.9701690673828125,-9.811153411865234,-13.25018310546875,-8.36147689819336,-6.022167682647705,-7.865401744842529,-1.5942450761795044,-4.483512878417969,ged,ged_J_1.5m_nygaard_001_s02.wav
0.0396062470972538,0.11588224264016501,1096.1734630822812,2526.0,357.0,84875.21856183022,1073.2703253705167,480.18860790113973,354.33490990617895,-402.27581787109375,85.69767761230469,18.071779251098633,19.801511764526367,-3.216820240020752,-1.3451614379882812,-2.9160513877868652,-11.640402793884277,-6.298799514770508,-4.608709335327148,-7.7634196281433105,-1.6957859992980957,-8.69019889831543,ged,ged_J_1.5m_nygaard_001_s03.wav
0.042971957474946976,0.122695168448028,1107.151977393386,2555.0,415.0,110726.99554314619,1069.9926759006607,631.406780946266,541.0777994638742,-411.3457336425781,74.58787536621094,17.951416015625,34.6756706237793,3.83396053314209,-8.047189712524414,-3.202575206756592,-12.867431640625,-8.976314544677734,-6.248804569244385,-11.106258392333984,-1.861884593963623,-6.6965155601501465,ged,ged_J_1.5m_nygaard_001_s04.wav
0.03547857329249382,0.09788111756984812,1127.3577077128625,2492.0,415.0,69958.25615604402,1349.588427727259,352.7101064423271,254.58653318682343,-409.083251953125,81.22914123535156,26.976469039916992,27.87322235107422,3.6807541847229004,-0.2099078893661499,-2.429795503616333,-14.818571090698242,-11.635719299316406,-6.926151752471924,-8.774409294128418,-0.4173245429992676,-4.044057846069336,ged,ged_J_1.5m_nygaard_001_s05.wav
0.029998689889907837,0.10988186761672604,1264.7919435754645,2941.0,384.0,49031.96918259643,997.7801825154187,378.40517214554075,263.3046624876911,-410.1336975097656,78.62430572509766,25.154144287109375,28.153614044189453,4.327981948852539,-1.1418821811676025,-2.8335278034210205,-15.541709899902344,-10.088406562805176,-6.489096164703369,-9.757650375366211,-1.3801934719085693,-2.2955245971679688,ged,ged_J_1.5m_nygaard_001_s06.wav
0.026453429833054543,0.1357584849053066,1445.051841004497,3474.0,415.0,37120.05923967558,843.301998136593,457.31430072976053,544.1906182078683,-411.6802062988281,67.49295806884766,12.07302474975586,32.02530288696289,4.951929092407227,-3.8577616214752197,-7.251999855041504,-15.490999221801758,-7.783731460571289,-6.2459611892700195,-5.641120910644531,0.4838293194770813,-4.551779747009277,ged,ged_J_1.5m_nygaard_001_s07.wav
0.034523144364356995,0.11525720357522345,1108.579370317629,2439.0,321.0,66326.74835477657,1362.9066954389561,351.753469925879,215.63148226831368,-417.7748718261719,76.02183532714844,18.663808822631836,22.536212921142578,2.126089334487915,-1.4319477081298828,-4.345478057861328,-12.06071662902832,-6.387580871582031,-4.409056663513184,-8.142046928405762,-5.169708728790283,-9.605669021606445,ged,ged_J_1.5m_nygaard_001_s08.wav
0.03713133931159973,0.09638102381398837,1030.5132153060845,1851.0,416.0,72508.13162882239,1113.9655218077787,228.58659961676395,125.2311478787827,-424.2751159667969,78.20802307128906,24.387351989746094,23.834346771240234,3.7912817001342773,-2.3506312370300293,-8.837394714355469,-14.802639961242676,-7.614398002624512,-5.600325584411621,-10.173137664794922,-8.173954010009766,-12.816438674926758,ged,ged_J_1.5m_nygaard_001_s09.wav
0.03916902095079422,0.12488280517532346,1109.5871357290398,2418.0,415.0,87003.71946628277,1512.7360589185405,243.85970858111244,329.13232305238205,-420.2406311035156,76.70381164550781,26.03476333618164,24.669315338134766,-2.4454405307769775,-0.985359787940979,-4.72378396987915,-19.320575714111328,-8.183080673217773,-2.5750436782836914,-6.794565200805664,0.02300858497619629,-5.006530284881592,ged,ged_J_1.5m_nygaard_001_s10.wav
0.036126598715782166,0.15350959434964687,1145.3453575821432,2662.0,415.0,66949.68668850888,860.9334416371531,233.35695399058764,163.37623380067117,-459.85357666015625,58.370399475097656,25.20260238647461,25.68784523010254,8.208063125610352,4.783904075622559,0.06424057483673096,-6.71470308303833,-4.384984970092773,-3.25888729095459,-7.037705421447754,-0.4469186067581177,-3.76245379447937,ged,ged_J_1.5m_stille_001_s01.wav
0.033876486122608185,0.17619851240702544,1070.044189419788,2232.0,383.0,69891.31338380404,869.8011452712665,204.98645845432313,195.31208748057597,-457.70013427734375,58.377685546875,23.289356231689453,22.446943283081055,6.163820266723633,3.206630229949951,-3.1602070331573486,-8.6439847946167,-6.597635269165039,-4.8460493087768555,-7.660811424255371,-1.2621313333511353,-5.091254234313965,ged,ged_J_1.5m_stille_001_s02.wav
0.039396192878484726,0.16982311394462155,1087.235619388773,2540.0,357.0,84627.29879216052,763.8514041930564,445.307866626114,341.9789155894623,-452.407958984375,59.698081970214844,24.17174530029297,24.919761657714844,5.3711748123168945,1.191620111465454,-2.1185948848724365,-7.914348602294922,-9.177980422973633,-7.164412975311279,-9.749266624450684,-2.287548065185547,-6.73426628112793,ged,ged_J_1.5m_stille_001_s03.wav
0.04279131069779396,0.17051065691605724,1101.8283142977527,2543.0,415.0,110320.35824880895,996.3815006692029,600.2871201452657,527.0331512842861,-448.6977844238281,58.99583435058594,21.633487701416016,27.085039138793945,6.983785152435303,-0.43155360221862793,-3.3305187225341797,-10.297718048095703,-8.913102149963379,-6.589188575744629,-9.410475730895996,-2.0145556926727295,-5.970001220703125,ged,ged_J_1.5m_stille_001_s04.wav
0.03508836776018143,0.16132258266141633,1090.776166415109,2307.0,415.0,69659.46521884664,1030.4025425721234,324.0087247555234,233.44509586899565,-454.53204345703125,59.608558654785156,23.001529693603516,22.816375732421875,8.250936508178711,4.148801803588867,-2.21236515045166,-7.681600093841553,-6.263915061950684,-4.556022644042969,-7.95112419128418,-0.6155228018760681,-5.3629350662231445,ged,ged_J_1.5m_stille_001_s05.wav
0.02956642396748066,0.1906994187136696,1224.94411787695,2782.0,383.0,48609.925149971044,712.3285150288975,356.1233075531047,248.69149737733352,-457.2899169921875,56.12947082519531,20.53824234008789,22.464046478271484,8.185179710388184,3.697199583053589,-1.8535410165786743,-7.4571051597595215,-4.395414352416992,-5.255496501922607,-8.533095359802246,-1.305489182472229,-4.1414337158203125,ged,ged_J_1.5m_stille_001_s06.wav
0.026115782558918,0.18951184449028063,1361.0176372138571,3467.0,415.0,36703.345606958275,632.8366788348005,290.2243639268828,475.86794302638253,-458.656494140625,55.469512939453125,20.604854583740234,22.44571876525879,7.7733330726623535,3.5256600379943848,-3.139413595199585,-7.710527420043945,-4.405368804931641,-3.4792542457580566,-5.568235397338867,-1.1327297687530518,-5.172731399536133,ged,ged_J_1.5m_stille_001_s07.wav
0.034295182675123215,0.17151071941996374,1070.620331659734,2241.0,322.0,65637.16318280394,1004.6203070315119,283.2124017285245,197.58243501755976,-456.46270751953125,59.168670654296875,23.28078842163086,23.175613403320312,6.427379131317139,1.803476095199585,-2.48245906829834,-8.464012145996094,-7.3923258781433105,-5.527946472167969,-7.89892578125,-1.8902398347854614,-4.84481954574585,ged,ged_J_1.5m_stille_001_s08.wav
0.03666754439473152,0.17219826239139946,1020.7386867139496,1797.0,416.0,70610.35872719926,930.1837384033335,213.14581890237747,115.03311231113605,-459.68646240234375,59.34391784667969,23.703947067260742,20.49765396118164,6.507993698120117,2.7639598846435547,-4.658599376678467,-8.15894889831543,-5.030143737792969,-4.736701488494873,-5.611526966094971,-0.879804253578186,-5.830346584320068,ged,ged_J_1.5m_stille_001_s09.wav
0.03893224522471428,0.1773860866304144,1075.2440812789755,2152.0,415.0,86400.61150169678,1135.5265424979705,223.60978218574456,299.4343288912018,-457.572265625,58.13725280761719,23.90843963623047,22.274023056030273,6.095541477203369,4.042802810668945,-4.839310646057129,-9.810543060302734,-5.384401321411133,-5.586884498596191,-6.429924011230469,-2.2714109420776367,-5.237074851989746,ged,ged_J_1.5m_stille_001_s10.wav
0.03613029047846794,0.11688230514407151,1149.3557376616097,2661.0,415.0,66897.91529613886,927.4271906437625,234.7463605809141,164.07660527723192,-439.52288818359375,75.29749298095703,30.542490005493164,26.150115966796875,7.9966139793396,3.0595247745513916,-3.5133371353149414,-11.292943954467773,-7.216186046600342,-2.751892566680908,-5.5903706550598145,-0.38803309202194214,-4.605100154876709,ged,ged_J_1.5m_tmlKlasse_001_s01.wav
0.03416062518954277,0.113069566847928,1076.0313744874954,2255.0,383.0,70547.11953007834,903.1504284008493,227.46013629099883,199.75411550474809,-427.4510192871094,76.89668273925781,26.495338439941406,26.78271484375,6.913120746612549,0.7049926519393921,-6.6215105056762695,-12.844827651977539,-9.15325927734375,-7.8844194412231445,-8.477716445922852,-1.2962520122528076,-6.692739486694336,ged,ged_J_1.5m_tmlKlasse_001_s02.wav
0.03948412463068962,0.13413338333645852,1086.0816004277665,2539.0,357.0,84918.1466324036,767.1324375382765,445.9573415060688,341.87145568342004,-436.09283447265625,71.10901641845703,29.024017333984375,28.246742248535156,7.32086706161499,-0.9543617367744446,-3.908505439758301,-7.220832824707031,-8.260538101196289,-5.867583274841309,-7.712967872619629,-1.8247780799865723,-6.695099830627441,ged,ged_J_1.5m_tmlKlasse_001_s03.wav
0.04303114116191864,0.12057003562722671,1106.3712412458535,2546.0,415.0,111456.69890312642,1271.574643099324,614.4047055147421,534.6134086785994,-423.6717529296875,74.62913513183594,26.479167938232422,28.277008056640625,6.644981384277344,0.5011059045791626,-6.277154445648193,-13.403425216674805,-9.071969032287598,-6.691982746124268,-7.786874771118164,-2.44821834564209,-5.02702522277832,ged,ged_J_1.5m_tmlKlasse_001_s04.wav
0.037805769592523575,0.07781736358522408,1100.7937947141686,2308.0,415.0,79058.18585138366,2362.4285112674766,516.54423696848,319.9079645154418,-368.455810546875,98.76809692382812,8.01148796081543,24.654184341430664,3.5696921348571777,-8.518821716308594,-10.760544776916504,-15.293828964233398,-7.824785232543945,-6.208895206451416,-7.800216197967529,2.2965831756591797,-9.127989768981934,ged,ged_J_1.5m_tmlKlasse_001_s05.wav
0.029998136684298515,0.1402587661728858,1232.1055731026188,2793.0,383.0,49975.37484373063,866.2649198461335,390.8889536509921,259.32490730529076,-423.53594970703125,71.81803131103516,23.456666946411133,26.734819412231445,6.055423259735107,-0.7825387120246887,-7.956006050109863,-14.391241073608398,-6.09349250793457,-6.116683006286621,-6.866241931915283,-0.4323827624320984,-4.831375598907471,ged,ged_J_1.5m_tmlKlasse_001_s06.wav
0.02672194130718708,0.09894368398024876,1322.3212534209101,3398.0,415.0,38054.70957526688,933.5099711292246,298.0496519616402,481.133024983557,-416.1263122558594,83.93621063232422,21.698392868041992,24.26270866394043,8.826504707336426,2.276956081390381,-6.543371200561523,-16.903549194335938,-12.642724990844727,-4.927347183227539,-3.2234342098236084,-0.12596943974494934,-5.960016250610352,ged,ged_J_1.5m_tmlKlasse_001_s07.wav
0.034862298518419266,0.10081880117507344,1089.8183552848202,2263.0,323.0,67863.48578247055,1752.2321664155836,467.4964618470967,208.7114677960869,-406.17779541015625,85.70899200439453,18.778785705566406,24.495832443237305,6.6222243309021,-9.635052680969238,-14.996665000915527,-13.882891654968262,-7.425169944763184,-3.5813844203948975,-6.663100242614746,-2.0261096954345703,-2.7554149627685547,ged,ged_J_1.5m_tmlKlasse_001_s08.wav
0.03674251213669777,0.1386961685105319,1029.0323355057812,1815.0,415.0,70834.36529894565,1030.8408534080231,223.29401530401051,117.27064281744076,-439.58154296875,71.73351287841797,25.068140029907227,21.33492660522461,5.280040740966797,-0.634229838848114,-7.639463901519775,-11.666194915771484,-6.138047695159912,-2.944632053375244,-3.213153839111328,1.468029499053955,-3.9762070178985596,ged,ged_J_1.5m_tmlKlasse_001_s09.wav
0.03962062671780586,0.08563035189699356,1061.484515538411,1981.0,415.0,87705.9683743547,2923.2115648824424,255.6964833251451,308.9803868580884,-401.015625,92.42062377929688,22.264301300048828,21.205270767211914,0.47259682416915894,-1.418578028678894,-10.605342864990234,-23.763038635253906,-13.034460067749023,-3.7616429328918457,-1.7849358320236206,-0.9131051898002625,-4.857999801635742,ged,ged_J_1.5m_tmlKlasse_001_s10.wav
0.020127270370721817,0.1513219576223514,2589.585901490624,6079.0,411.0,13901.582153493113,1731.1514188151777,794.5592159497892,469.4394777851477,-399.540771484375,66.14146423339844,14.838556289672852,22.54945945739746,8.703174591064453,-4.055284023284912,-6.715129852294922,-9.823896408081055,-5.527100086212158,-1.3653838634490967,-6.6005539894104,0.027538210153579712,-3.342550754547119,hest,hest_A_0.75m_nygaard_001_s01.wav
0.017710622400045395,0.22701418838677417,2834.49538820705,6173.0,487.0,9485.042900687251,1980.8557335158057,677.5695082337667,635.8522314368747,-420.85137939453125,55.531524658203125,24.809879302978516,15.976359367370605,2.1191024780273438,0.25559544563293457,-4.170458793640137,-6.729261875152588,-3.4339444637298584,1.062230110168457,-5.63608455657959,-0.17512446641921997,-1.1434048414230347,hest,hest_A_0.75m_nygaard_001_s02.wav
0.031715214252471924,0.16857303581473843,2748.4895817114925,5990.0,133.0,9783.199735515625,3137.925561790374,692.2337587723537,791.5783357393298,-382.852294921875,69.15702819824219,23.395713806152344,19.663658142089844,1.5565117597579956,-8.210477828979492,-8.869545936584473,-7.153331756591797,-5.897521018981934,-1.305408000946045,-10.1800537109375,-0.907260000705719,1.423964023590088,hest,hest_A_0.75m_nygaard_001_s03.wav
0.01634625904262066,0.21532595787236702,2838.087284209287,6418.0,495.0,8778.914673983587,1580.8447412901933,400.2997331326262,499.9197714986295,-392.20318603515625,64.5576171875,15.842774391174316,14.45901870727539,-2.397399425506592,-3.086238384246826,-5.284826278686523,-3.5654234886169434,3.437497138977051,3.027298927307129,-3.987185001373291,-1.3879644870758057,-4.283448219299316,hest,hest_A_0.75m_nygaard_001_s04.wav
0.022740438580513,0.09431839489968123,2001.5020501088143,5273.0,250.0,20511.483385522384,5969.574533705349,428.4323626971766,467.41788962832203,-373.3768005371094,104.29780578613281,31.997196197509766,11.052267074584961,-7.587630271911621,-10.34216022491455,-8.63235855102539,-7.276551246643066,-8.833165168762207,-2.4714016914367676,-8.359820365905762,-2.836897373199463,-4.826441287994385,hest,hest_A_0.75m_nygaard_001_s05.wav
0.013185402378439903,0.15575973498343645,2758.079240313894,6288.0,249.0,5765.204326296967,1105.2679868449145,151.87448356136107,352.2744957439538,-423.2668762207031,65.17362976074219,32.3739013671875,26.52471160888672,8.418806076049805,-1.4725546836853027,-5.763542652130127,-10.881683349609375,-6.375227451324463,1.3269833326339722,-7.7035231590271,-0.08067870140075684,0.24708034098148346,hest,hest_A_0.75m_nygaard_001_s06.wav
0.013416081666946411,0.19744984061503845,2818.568593926244,6148.0,503.0,4590.787572590089,2287.5371304135706,124.84046830833013,318.1688896182576,-439.67926025390625,54.50851821899414,27.360563278198242,20.360504150390625,6.938272953033447,-2.878401756286621,-7.569975852966309,-3.0382630825042725,-3.4564709663391113,0.7584215402603149,-6.20143985748291,3.6804962158203125,1.3576250076293945,hest,hest_A_0.75m_nygaard_001_s07.wav
0.0147783812135458,0.19276204762797675,2580.113367443843,5923.0,460.0,7174.581000005544,883.5880429691936,262.7689577274579,356.8536780604981,-394.544677734375,64.09443664550781,11.91512680053711,17.324934005737305,-2.1511623859405518,-5.756531715393066,-4.141223430633545,-9.054299354553223,0.6474955677986145,2.6032402515411377,-8.802884101867676,3.2086195945739746,-2.0247802734375,hest,hest_A_0.75m_nygaard_001_s08.wav
0.01309624407440424,0.17432339521220075,2663.0812818187455,6068.0,132.0,5580.534951626939,717.1739525764001,145.88417360037835,267.6551800150852,-421.48150634765625,64.75653076171875,26.456464767456055,16.40290069580078,2.8343465328216553,-4.955970764160156,-4.8464155197143555,-2.250490188598633,-3.5398614406585693,3.4290685653686523,-1.6926568746566772,-0.4390983581542969,-3.044435977935791,hest,hest_A_0.75m_nygaard_001_s09.wav
0.01727013662457466,0.15588474279642478,2444.610929408269,5820.0,251.0,9225.670207193896,1698.1406036875837,352.70228692044753,313.5933780176228,-401.3373718261719,71.51943969726562,26.710506439208984,26.05023956298828,2.9497132301330566,-7.463513374328613,-7.0002899169921875,-9.947870254516602,-2.731473922729492,-1.6558856964111328,-9.35615348815918,-0.3066229820251465,-1.927611231803894,hest,hest_A_0.75m_nygaard_001_s10.wav
0.019108138978481293,0.26457903618976186,2802.7471478995926,6423.0,135.0,11425.192765885133,1449.8453769447963,676.9431363162523,429.4397413734463,-448.8275451660156,40.135398864746094,18.207536697387695,15.698644638061523,6.619153022766113,1.2059340476989746,-0.6542513370513916,-2.086167812347412,-1.0691168308258057,2.016685962677002,-4.17104959487915,3.229403495788574,2.2466259002685547,hest,hest_A_0.75m_stille_001_s01.wav
0.01760842837393284,0.2844552784549034,2857.0622266341607,6198.0,487.0,9486.018753820244,1978.3925675195062,671.6045911026599,625.0699880180399,-447.3760070800781,40.387454986572266,21.237138748168945,15.099740982055664,5.146100044250488,0.9503028988838196,-1.7737936973571777,-0.3039117753505707,-0.8863168954849243,0.636808454990387,-5.611407279968262,2.232672691345215,2.3021812438964844,hest,hest_A_0.75m_stille_001_s02.wav
0.017651032656431198,0.26770423151446965,2860.9016766929394,6079.0,133.0,9457.380956223255,2881.237212609224,675.1591735484018,782.2635983284647,-445.5223388671875,40.557518005371094,20.86611557006836,14.675025939941406,5.055093288421631,-0.8932373523712158,-4.830661296844482,-0.42223024368286133,-1.5700350999832153,3.1733689308166504,-6.129626274108887,2.5941970348358154,4.459148406982422,hest,hest_A_0.75m_stille_001_s03.wav
0.01566091924905777,0.29476842302643913,2920.2796865529635,6541.0,495.0,8497.808717890577,1414.2747323410574,358.0126750749324,472.8155665433783,-450.92633056640625,39.850669860839844,22.986480712890625,12.594537734985352,6.876204490661621,-0.01355522871017456,-3.5602834224700928,-1.429947853088379,-1.6154682636260986,2.6006243228912354,-5.1907243728637695,2.515549898147583,2.7002711296081543,hest,hest_A_0.75m_stille_001_s04.wav
0.017293371260166168,0.24251515719732483,2604.7051232460713,5977.0,512.0,8861.390658392203,3119.622813427082,372.4866813695194,446.0818850219505,-452.2928466796875,45.897003173828125,24.931806564331055,15.92563247680664,5.435817718505859,0.4697425365447998,-4.811234951019287,-1.6079615354537964,-2.510310649871826,1.2322022914886475,-5.337037086486816,1.4517415761947632,2.2070109844207764,hest,hest_A_0.75m_stille_001_s05.wav
0.012190795503556728,0.2557034814675917,3009.835568096988,6486.0,250.0,4862.2348891848815,901.2425947499534,120.27031825740085,331.28513435948673,-463.3251953125,42.30695343017578,25.462684631347656,15.422050476074219,8.91303539276123,1.9260647296905518,-2.9951441287994385,-1.5922268629074097,-2.8493716716766357,1.640614628791809,-5.26417350769043,1.1718719005584717,2.725694417953491,hest,hest_A_0.75m_stille_001_s06.wav
0.013207918033003807,0.24689043065191574,2919.5369816672223,6220.0,378.0,4426.897921563498,2192.0627249780036,114.36967117876972,313.67314865297334,-462.6337890625,41.977638244628906,27.227962493896484,17.587247848510742,7.2095136642456055,1.613980770111084,-2.9519190788269043,-0.37693682312965393,-3.38812518119812,2.211582660675049,-4.755411624908447,2.3691413402557373,1.2866926193237305,hest,hest_A_0.75m_stille_001_s07.wav
0.01369060855358839,0.2703293955872242,2802.3288412420693,6235.0,460.0,6818.549980094227,431.6897112694177,128.0366508090512,319.7050668342027,-459.50079345703125,42.496456146240234,25.72208595275879,16.7092342376709,6.614751815795898,1.1637864112854004,-3.2472176551818848,-2.116030216217041,-2.840214967727661,2.3919811248779297,-4.9599080085754395,1.9542286396026611,2.0439679622650146,hest,hest_A_0.75m_stille_001_s08.wav
0.012692536227405071,0.26914182136383524,2837.6383664293444,6233.0,132.0,5236.0231112279,554.5040724880525,123.9140772798648,263.1072764835558,-461.40728759765625,38.9786491394043,25.857223510742188,17.59414291381836,8.590360641479492,2.2570853233337402,-1.8083100318908691,0.7451553344726562,-0.3529128432273865,2.8825390338897705,-4.075512409210205,2.9184696674346924,3.9114527702331543,hest,hest_A_0.75m_stille_001_s09.wav
0.01569247990846634,0.2560160010000625,2603.8006371514143,5996.0,250.0,8277.289634327983,1352.4994667778467,276.3880786453659,291.70473731212945,-457.4837646484375,42.235191345214844,23.64923095703125,17.029766082763672,7.658670425415039,-0.6889469623565674,-3.184739351272583,-2.253443479537964,-1.6374441385269165,1.538679838180542,-5.760904312133789,1.5932024717330933,2.6048760414123535,hest,hest_A_0.75m_stille_001_s10.wav
0.01921016536653042,0.19432464529033064,2749.379221714902,6335.0,136.0,11556.440304931382,1483.5647564275782,684.4866908420612,431.4488113916397,-428.63946533203125,54.89595031738281,24.10845375061035,20.585338592529297,8.629968643188477,1.411870002746582,-0.5020235776901245,-2.1341636180877686,-1.2645399570465088,2.0442113876342773,-2.677412986755371,5.2288312911987305,3.3531858921051025,hest,hest_A_0.75m_tmlKlasse_001_s01.wav
0.018528297543525696,0.16807300456278518,2657.436938690436,6060.0,484.0,10432.06011412435,2860.138747964449,704.5741138968897,629.3621210365988,-401.02728271484375,71.48362731933594,25.455549240112305,15.531352996826172,1.74568510055542,-7.6281280517578125,-9.400712013244629,-8.174237251281738,-6.0991315841674805,-1.8526731729507446,-7.406554222106934,1.189579963684082,2.908405303955078,hest,hest_A_0.75m_tmlKlasse_001_s02.wav
0.018017152324318886,0.19813738358647415,2820.379109529396,6048.0,132.0,10320.53192108206,2897.9175755186425,675.5503808642179,784.3112343840172,-427.034423828125,53.89099884033203,25.958351135253906,19.072418212890625,8.204046249389648,-0.25815558433532715,-5.724292755126953,-2.5358664989471436,-3.367710590362549,1.6866236925125122,-7.370877265930176,1.5240960121154785,3.212179183959961,hest,hest_A_0.75m_tmlKlasse_001_s03.wav
0.015784453600645065,0.2175135945996625,2863.707435839531,6503.0,495.0,8585.630428307948,1507.9939798301923,364.5627400621697,476.85447935487093,-420.4953308105469,62.42920684814453,26.268239974975586,12.605329513549805,5.587061405181885,-3.141418933868408,-4.834982872009277,-2.066248893737793,-2.411696195602417,3.509286880493164,-3.6762120723724365,3.868656873703003,3.8293471336364746,hest,hest_A_0.75m_tmlKlasse_001_s04.wav
0.017574641853570938,0.18019876242265143,2558.3513990119336,5948.0,512.0,9151.711330855915,3143.4903603297885,371.9531865226388,447.6552615830581,-429.9734191894531,64.70634460449219,32.26845932006836,18.354061126708984,6.083992004394531,0.12827134132385254,-6.282100200653076,-5.652061939239502,-8.932805061340332,-4.4689178466796875,-8.53557014465332,0.8051882386207581,2.702192783355713,hest,hest_A_0.75m_tmlKlasse_001_s05.wav
0.01340450718998909,0.1595099693730858,2663.7662988488846,6260.0,251.0,5984.253436252457,1726.9805221975514,125.14053432993701,333.43638010566235,-429.39263916015625,71.30500793457031,34.08073425292969,14.848631858825684,3.0865235328674316,-3.8846991062164307,-5.9639387130737305,-6.518519401550293,-9.46481990814209,-1.8475807905197144,-4.997218608856201,2.2319722175598145,3.2459685802459717,hest,hest_A_0.75m_tmlKlasse_001_s06.wav
0.014773091301321983,0.12869554347146697,2338.3834932231453,5758.0,379.0,7276.267963411947,2689.8997789746722,142.19165110626835,322.87526637808537,-410.5831604003906,78.98675537109375,30.401336669921875,19.322391510009766,6.339028835296631,-2.117292881011963,-6.361865997314453,-8.798606872558594,-11.764370918273926,-3.9142708778381348,-10.008021354675293,-0.7200590372085571,0.8911454677581787,hest,hest_A_0.75m_tmlKlasse_001_s07.wav
0.014159198850393295,0.2184511531970748,2704.03078699923,6153.0,460.0,7383.035791971975,448.49874128521293,141.15918974665175,352.8452812143491,-437.3827209472656,51.716426849365234,32.16168212890625,23.962142944335938,7.648735046386719,3.232534408569336,-2.466599941253662,-6.065524101257324,-5.545389652252197,-2.9021406173706055,-6.324193477630615,2.0998599529266357,-1.3588831424713135,hest,hest_A_0.75m_tmlKlasse_001_s08.wav
0.012988275848329067,0.2004500281267579,2650.8378913249085,6056.0,132.0,5615.676192497809,695.5826877076837,133.36959217233766,272.6723874791925,-431.41845703125,60.929176330566406,30.95746612548828,17.60865020751953,5.425163269042969,0.6985920667648315,-1.3051848411560059,-2.916886329650879,-4.5438008308410645,0.13943803310394287,-5.370747089385986,2.61619234085083,2.7847466468811035,hest,hest_A_0.75m_tmlKlasse_001_s09.wav
0.016752023249864578,0.16426026626664167,2444.7993292140236,5794.0,500.0,9146.976274275727,2665.1520919525656,332.7828072878292,312.66344618086197,-414.9309997558594,64.95475006103516,23.183876037597656,21.153392791748047,2.3044209480285645,-6.93934440612793,-10.658540725708008,-12.955394744873047,-3.888049602508545,3.234729766845703,-1.9500375986099243,6.631309509277344,5.063586235046387,hest,hest_A_0.75m_tmlKlasse_001_s10.wav
0.015128210186958313,0.1825114069629352,2757.875390453291,6123.0,512.0,5342.044183880074,4653.828430195334,242.18925412216373,395.30052820358816,-410.08514404296875,62.83351516723633,22.17925262451172,17.661836624145508,10.315886497497559,-4.472135543823242,-5.457578659057617,-3.0020599365234375,-3.0257556438446045,-0.3445914685726166,-7.287347793579102,-2.175938606262207,-0.6321905851364136,hest,hest_A_1.5m_nygaard_001_s01.wav
0.013073639012873173,0.1959497468591787,3062.9217580689005,6897.0,353.0,6732.127927772333,263.0018731784618,253.64581332665392,311.86095029781353,-428.8203125,58.477657318115234,20.688982009887695,16.609073638916016,8.021966934204102,-1.0724170207977295,-6.0801215171813965,-7.695748329162598,-4.908915996551514,-0.518162190914154,-2.1187944412231445,-2.9525904655456543,0.7422081232070923,hest,hest_A_1.5m_nygaard_001_s02.wav
0.014563770033419132,0.16438527407962997,2662.7687909422298,6264.0,468.0,8050.59628002267,219.30489405522462,130.00043318164407,145.0591908861971,-409.54638671875,72.73109436035156,20.14697265625,21.805377960205078,8.533331871032715,-2.398909091949463,-7.760116100311279,-5.192095756530762,0.8672545552253723,-1.8191901445388794,-7.947568893432617,0.5526071786880493,0.39535200595855713,hest,hest_A_1.5m_nygaard_001_s03.wav
0.01298576034605503,0.1928245515344709,2721.091938547454,6199.0,499.0,5666.152323113644,1202.7241714640284,84.76441815447653,216.38532843132663,-448.0265808105469,55.54595184326172,30.21660614013672,20.124805450439453,10.303539276123047,4.576597213745117,-4.464513301849365,-4.940713882446289,-3.7195751667022705,-1.2520477771759033,-7.1122236251831055,-1.8900226354599,3.1851108074188232,hest,hest_A_1.5m_nygaard_001_s04.wav
0.013666782528162003,0.12063253953372086,2426.0311009236098,5953.0,499.0,6227.118563979155,1794.0940150907488,68.40448470701693,227.42834814775756,-420.5069580078125,75.83268737792969,34.27015686035156,20.821542739868164,4.792638778686523,-0.5541787147521973,-3.6939024925231934,-1.362682580947876,-3.096160411834717,-0.037280142307281494,-4.414875030517578,-2.4383833408355713,-3.0465102195739746,hest,hest_A_1.5m_nygaard_001_s05.wav
0.014363132417201996,0.15269704356522282,2601.7976120970693,6150.0,500.0,6208.169919654654,1521.4610561770564,139.00910240159624,219.6518446782303,-424.0731201171875,62.66762161254883,25.748762130737305,29.593494415283203,12.036853790283203,-0.7895429134368896,-4.448873519897461,-4.993478775024414,-3.673768997192383,-0.8839846849441528,-8.381629943847656,-1.7375483512878418,0.5213421583175659,hest,hest_A_1.5m_nygaard_001_s06.wav
0.013981260359287262,0.16276017251078193,2279.729963100977,5008.0,489.0,6693.023648453163,648.9018784571759,346.030875916013,263.6534428610025,-403.01898193359375,70.41191101074219,13.040708541870117,21.00493812561035,-5.165879726409912,-2.8095593452453613,-2.075683832168579,-11.278223037719727,-0.0554962158203125,2.5503506660461426,-12.124385833740234,-4.230276584625244,-0.9241557121276855,hest,hest_A_1.5m_nygaard_001_s07.wav
0.011673642322421074,0.17913619601225075,2906.1007140720194,6061.0,448.0,4724.919724121946,447.7692080733277,234.80499914573466,482.19273115357373,-421.60760498046875,64.44542694091797,27.493953704833984,14.938957214355469,3.1149396896362305,-1.025165319442749,-6.064633369445801,-3.4984536170959473,-4.2572431564331055,0.45159828662872314,-9.090278625488281,-2.8647775650024414,-4.165760040283203,hest,hest_A_1.5m_nygaard_001_s08.wav
0.014764981344342232,0.17763610225639104,2607.028768322979,5837.0,256.0,7094.524994546355,1874.0932805628997,400.17222927634737,307.7600351196439,-432.66259765625,56.59636688232422,27.685504913330078,30.503799438476562,11.899404525756836,-1.6203792095184326,-6.390854835510254,-4.438263893127441,-2.106383800506592,0.5031105279922485,-8.096341133117676,2.337367057800293,1.731030821800232,hest,hest_A_1.5m_nygaard_001_s09.wav
0.014330102130770683,0.17519844990311895,2547.7006043487218,5956.0,510.0,5081.386095396422,3270.550763744434,249.7538060403822,237.82822620873625,-398.832275390625,68.58543395996094,14.423213958740234,17.439010620117188,-2.251795530319214,-1.49700927734375,-6.185050010681152,-4.7211198806762695,4.748842716217041,4.920687675476074,-2.716052532196045,-3.375710964202881,-4.61796760559082,hest,hest_A_1.5m_nygaard_001_s10.wav
0.014594832435250282,0.24176511031939496,2964.8817048317205,6322.0,512.0,4964.223516622604,4539.041540794722,179.10815709120192,383.5617111918649,-452.738525390625,45.40247344970703,23.149017333984375,15.417998313903809,10.912519454956055,3.5151071548461914,-4.156072616577148,-2.2255759239196777,-3.4091925621032715,0.5579427480697632,-5.8419084548950195,-0.1703842580318451,0.8945432901382446,hest,hest_A_1.5m_stille_001_s01.wav
0.012837659567594528,0.24814050878179886,3220.0224107664185,7007.0,354.0,6553.619790050878,138.88767838553034,228.17227337669027,302.99752693292396,-459.1565856933594,41.70166015625,24.631589889526367,19.953815460205078,10.237245559692383,2.6880035400390625,-2.7374658584594727,-4.330450057983398,-3.240454912185669,-2.3298568725585938,-6.2525811195373535,-2.814311981201172,3.4425048828125,hest,hest_A_1.5m_stille_001_s02.wav
0.013681631535291672,0.23095193449590598,2915.9704180167137,6617.0,468.0,7599.9069392843385,101.12212915035941,105.05752793028692,137.3811462049923,-463.7452087402344,43.801612854003906,23.35418128967285,17.13306427001953,11.998184204101562,4.747426986694336,-1.3852742910385132,-0.9864295125007629,-0.7342743873596191,1.226690649986267,-6.186305046081543,-1.026977777481079,2.145141839981079,hest,hest_A_1.5m_stille_001_s03.wav
0.012658626772463322,0.2306394149634352,2820.500316065958,6246.0,498.0,5356.568199823613,1139.2150309411797,79.68996375152383,213.6285349155284,-462.779541015625,45.08598327636719,24.905460357666016,15.518745422363281,9.191067695617676,6.526423931121826,-3.150127410888672,-2.7252559661865234,-0.6794592142105103,1.4330723285675049,-4.8838911056518555,0.31010761857032776,4.567056655883789,hest,hest_A_1.5m_stille_001_s04.wav
0.012758015654981136,0.21176323520220014,2812.1193848612284,6207.0,500.0,4689.554682243337,1575.960916113937,50.09462085954278,217.1954198297964,-467.2895812988281,45.201297760009766,30.07998275756836,18.443283081054688,11.394454956054688,6.837469577789307,-2.500143527984619,1.0809800624847412,-1.844433307647705,0.44234344363212585,-4.174470901489258,-0.15474438667297363,3.278681516647339,hest,hest_A_1.5m_stille_001_s05.wav
0.013775483705103397,0.2358897431089443,2811.862139588337,6293.0,500.0,5504.072508842184,1420.594667581473,103.61953801907819,206.12307322404894,-461.60186767578125,46.1650390625,27.325756072998047,18.705352783203125,11.859077453613281,4.670188903808594,-1.765188217163086,-0.24008971452713013,-2.432077407836914,-0.12424194812774658,-5.143675327301025,1.5048298835754395,1.616542100906372,hest,hest_A_1.5m_stille_001_s06.wav
0.01285355444997549,0.23470216888555534,2534.575306665446,5861.0,489.0,5700.606425474318,215.67418654292726,152.1825218097409,141.1905337741337,-462.1784973144531,47.79460525512695,22.927627563476562,15.87551498413086,9.976722717285156,4.138763427734375,-5.022170066833496,-0.1999710202217102,-0.7140781879425049,0.330481618642807,-5.688526630401611,-0.3969515860080719,1.5447547435760498,hest,hest_A_1.5m_stille_001_s07.wav
0.010963035747408867,0.27214200887555473,3105.4798041200665,6170.0,448.0,3932.5290869689243,384.8209879374956,222.6731579663359,479.75312012279767,-455.2052001953125,41.632041931152344,24.715442657470703,16.223892211914062,9.217700958251953,2.833527088165283,-6.004788398742676,-0.5757421255111694,-1.184728741645813,4.513465881347656,-4.529043674468994,1.7711403369903564,-0.32610249519348145,hest,hest_A_1.5m_stille_001_s08.wav
0.014608778059482574,0.23551471966997936,2682.013745006244,5890.0,256.0,6902.3247222775135,1887.425039645171,394.24235299730003,297.21140723716434,-455.22314453125,45.345726013183594,22.451326370239258,21.543725967407227,10.603824615478516,0.5385870337486267,-4.036032676696777,-1.4814019203186035,-1.9505677223205566,2.219433069229126,-5.73043155670166,2.097886085510254,2.7750890254974365,hest,hest_A_1.5m_stille_001_s09.wav
0.013544375076889992,0.22207637977373587,2711.6583431262984,6114.0,510.0,4742.520218976342,3095.6022836994257,215.9282118276899,210.5844887894045,-455.8642578125,46.53675079345703,22.646381378173828,16.492698669433594,9.421226501464844,2.8423991203308105,-3.6885275840759277,-2.0286712646484375,-1.092909574508667,3.033289670944214,-5.012333869934082,-0.2503177523612976,1.8468624353408813,hest,hest_A_1.5m_stille_001_s10.wav
0.015436653047800064,0.15894743421463842,2772.9421998825674,6144.0,513.0,5652.266253348085,4683.104841937233,247.78026175095317,395.37520167125655,-414.9439697265625,66.82109832763672,22.73200798034668,17.5957088470459,4.907007217407227,-5.254644870758057,-7.025516510009766,-6.354209899902344,-8.337348937988281,0.742302656173706,-3.7827775478363037,1.0432393550872803,1.9704829454421997,hest,hest_A_1.5m_tmlKlasse_001_s01.wav
0.0130354268476367,0.21701356334770924,3142.76632505737,6973.0,354.0,6748.189908960762,180.66917071351358,233.8503864797791,307.75976440310137,-440.2984313964844,50.45875549316406,24.288818359375,21.48540496826172,10.771523475646973,2.376866340637207,-3.361192464828491,-6.679378032684326,-4.518016815185547,-0.8870347142219543,-3.596465587615967,-1.8894563913345337,2.619260549545288,hest,hest_A_1.5m_tmlKlasse_001_s02.wav
0.013741163536906242,0.21151321957622352,2882.464558261934,6565.0,468.0,7643.987549595438,106.56368815906202,108.66360046594446,140.66318954615474,-450.5053405761719,50.648921966552734,25.37984275817871,18.558637619018555,11.487720489501953,4.5602264404296875,-1.9329802989959717,-1.7322590351104736,-0.45960676670074463,0.38872307538986206,-6.266894817352295,-0.24491780996322632,1.55876624584198,hest,hest_A_1.5m_tmlKlasse_001_s03.wav
0.013101590797305107,0.19826239139946247,2790.7412993938165,6210.0,499.0,5444.916721743188,1152.7107056369775,88.13197608848768,225.10024155833028,-435.82818603515625,54.49140930175781,28.502845764160156,24.80168914794922,11.138507843017578,3.712219715118408,-5.8001508712768555,-7.856329441070557,-2.465251922607422,-1.3619375228881836,-6.824169635772705,0.4716409146785736,5.895422458648682,hest,hest_A_1.5m_tmlKlasse_001_s04.wav
0.01732989214360714,0.10838177386086631,2106.009106803699,5174.0,501.0,9837.743251056781,2543.0763900505144,320.0362336720261,273.2989749142447,-380.22735595703125,85.65113067626953,18.897207260131836,30.6861572265625,7.682448387145996,-7.92296028137207,-13.46924877166748,-12.173967361450195,-6.073722839355469,-2.7363121509552,-8.73568058013916,-2.251235008239746,-0.3008342981338501,hest,hest_A_1.5m_tmlKlasse_001_s05.wav
0.014293395914137363,0.1545721607600475,2587.6300287834906,6169.0,249.0,6813.798562461101,1469.121523919432,105.42523322851196,213.45897627788048,-441.27197265625,61.34419631958008,33.663818359375,21.473896026611328,11.446183204650879,4.899576187133789,-4.592272758483887,-5.693367004394531,-5.818262100219727,-2.167633056640625,-5.117866516113281,1.8221300840377808,-0.49871012568473816,hest,hest_A_1.5m_tmlKlasse_001_s06.wav
0.02358495444059372,0.10519407462966436,1701.1303328789797,4093.0,372.0,13840.596724704608,5618.329637204267,362.1609852951183,189.87828829357034,-351.29150390625,94.29692077636719,11.577888488769531,22.211029052734375,-0.7270473837852478,-10.123971939086914,-9.696578025817871,-8.35539436340332,-8.197436332702637,-5.052950382232666,-2.3790478706359863,-0.4182974696159363,-9.7660551071167,hest,hest_A_1.5m_tmlKlasse_001_s07.wav
0.011200230568647385,0.20526282892680792,3041.1637330951603,6140.0,448.0,4074.7184809026985,414.88383700569665,226.7661282140721,483.282856240316,-431.072021484375,59.11287307739258,28.868513107299805,19.822513580322266,10.28589916229248,1.4534714221954346,-8.057161331176758,-5.2207183837890625,-5.86821174621582,0.4454851746559143,-7.58403205871582,0.8884700536727905,0.28337743878364563,hest,hest_A_1.5m_tmlKlasse_001_s08.wav
0.014823025092482567,0.1880117507344209,2579.720903573222,5834.0,256.0,7229.352782003855,1898.0014528085567,396.5450075537349,298.6500429779592,-444.6071472167969,53.69407653808594,27.51637077331543,24.47455596923828,12.284603118896484,1.3513216972351074,-4.381335735321045,-2.354872226715088,-4.118104934692383,0.06467664241790771,-6.751110076904297,1.136907696723938,0.780431866645813,hest,hest_A_1.5m_tmlKlasse_001_s09.wav
0.01458609290421009,0.13338333645852865,2371.4356676386424,5817.0,257.0,5479.637409694174,3564.953831800621,247.2127717850149,216.69272762343206,-396.54986572265625,82.9930648803711,19.855438232421875,10.427664756774902,1.0369466543197632,-2.4895358085632324,-9.704386711120605,-12.634817123413086,-5.03004264831543,4.064506530761719,-3.6190171241760254,-2.0325510501861572,-1.9811782836914062,hest,hest_A_1.5m_tmlKlasse_001_s10.wav
0.03702574223279953,0.20657541096318519,3229.1626762832407,6407.0,297.0,48808.91768982781,2336.7596276758354,1433.151817563747,5009.071767759557,-362.0693359375,62.01988983154297,15.836999893188477,11.788145065307617,-0.9870621562004089,-2.1456127166748047,-13.021024703979492,-4.228662490844727,-5.235877990722656,-4.916733741760254,-3.6519923210144043,-10.023208618164062,-4.807002067565918,hest,hest_C_0.75m_nygaard_001_s01.wav
0.029022367671132088,0.25395337208575536,3422.8416981682103,6461.0,298.0,25826.453316517633,1012.1862014864151,715.6698116876421,5717.525049896912,-400.89056396484375,43.370967864990234,37.227813720703125,26.196880340576172,4.641476154327393,1.6342190504074097,-15.271068572998047,-5.2716064453125,-6.619950294494629,-7.6037397384643555,-1.87129807472229,-6.911642074584961,0.4363418519496918,hest,hest_C_0.75m_nygaard_001_s02.wav
0.022570567205548286,0.2581411338208638,3848.003783391736,6789.0,283.0,17513.79592884116,500.985637051487,161.75858401481622,4024.217530198781,-414.788330078125,43.98712158203125,39.04578399658203,21.31092643737793,5.294949531555176,3.0410923957824707,-10.22314167022705,-3.245643138885498,-7.387538909912109,-2.9212985038757324,-2.788638114929199,-7.995281219482422,0.29673004150390625,hest,hest_C_0.75m_nygaard_001_s03.wav
0.022312140092253685,0.2170760672542034,2980.6292507623957,5911.0,277.0,15175.88315391895,1009.0967380717093,372.43736858725686,2039.402302042341,-397.01806640625,58.30394744873047,23.83236312866211,15.038578033447266,-0.4931022524833679,0.3724650740623474,-15.242610931396484,-6.6133341789245605,-2.371323347091675,-0.05879056453704834,-2.2453842163085938,-8.180183410644531,-3.245774507522583,hest,hest_C_0.75m_nygaard_001_s04.wav
0.028279371559619904,0.23113944621538846,3327.7611379829036,6609.0,396.0,26433.509987997033,2538.4999289251646,835.257647125119,4307.53844424197,-381.018310546875,57.982845306396484,22.439130783081055,14.248279571533203,3.1737060546875,-6.523533821105957,-15.116854667663574,-4.153918266296387,-2.3647866249084473,0.6367006897926331,-3.393223762512207,-7.554733753204346,-2.225144624710083,hest,hest_C_0.75m_nygaard_001_s05.wav
0.03163304552435875,0.24389024314019625,3792.9572608026015,6822.0,428.0,32653.65623521159,1766.3672696902063,523.7216853969237,6184.214913213181,-378.69390869140625,51.47941589355469,32.178672790527344,13.855659484863281,4.812229156494141,-1.4720027446746826,-15.102813720703125,-6.539506912231445,-7.4632697105407715,-6.950374603271484,-8.352751731872559,-10.512206077575684,-1.5586602687835693,hest,hest_C_0.75m_nygaard_001_s06.wav
0.04127085581421852,0.2688918057378586,2993.7646877501616,6262.0,403.0,63360.689165424556,6984.549191799456,2374.6885275563427,4483.872483346037,-378.72064208984375,49.3558349609375,24.22260856628418,19.591163635253906,4.818839073181152,-4.351738929748535,-14.11600112915039,-6.011590957641602,-1.6937334537506104,-0.6698773503303528,-6.400542259216309,-4.40782356262207,-0.723214328289032,hest,hest_C_0.75m_nygaard_001_s07.wav
0.027459552511572838,0.23738983686480405,3505.9494655724493,6675.0,282.0,25247.99516271131,1072.9646656218642,504.8307776105444,3314.4971883278336,-401.1220703125,51.062644958496094,35.59623336791992,20.255970001220703,3.911963939666748,-1.026281714439392,-12.846392631530762,-2.685464859008789,-2.899282455444336,-1.9973506927490234,-4.524969577789307,-8.130374908447266,-2.6171393394470215,hest,hest_C_0.75m_nygaard_001_s08.wav
0.021576253697276115,0.21007562972685792,3741.1622419176633,6776.0,282.0,12668.512200260702,2430.817282377205,895.3320653013296,5009.2403326701315,-353.59002685546875,59.69773864746094,20.828357696533203,15.951888084411621,-1.598719835281372,-8.033866882324219,-19.56065559387207,-14.401030540466309,-3.45999813079834,-0.3944582939147949,-7.181145668029785,-9.81163215637207,-4.159759521484375,hest,hest_C_0.75m_nygaard_001_s09.wav
0.02331334911286831,0.22851428214263392,3924.480081648446,6882.0,397.0,16607.534983757534,985.2375552688084,252.6556036421976,5251.767124087547,-367.52789306640625,53.10327911376953,39.164146423339844,22.452770233154297,4.426044464111328,-2.7012410163879395,-10.813016891479492,-3.390514612197876,-3.796131134033203,-2.726714611053467,-3.6839332580566406,-6.269155979156494,-4.881992340087891,hest,hest_C_0.75m_nygaard_001_s10.wav
0.036366455256938934,0.29520595037189823,3484.3417311208614,6582.0,297.0,47725.750534661536,1348.5744083884572,1098.554321334855,4993.991444029007,-419.04803466796875,31.0622615814209,28.420583724975586,17.741622924804688,1.4430875778198242,-0.34287357330322266,-15.341721534729004,-4.547488689422607,-4.173378944396973,-4.1299591064453125,-1.206870436668396,-5.42606782913208,-0.6848399639129639,hest,hest_C_0.75m_stille_001_s01.wav
0.028817344456911087,0.2942683917744859,3457.597076100208,6483.0,298.0,25641.434865921685,986.5709095858203,712.0317161821821,5711.530925494616,-424.549072265625,29.526615142822266,33.86724853515625,19.782379150390625,3.4952402114868164,4.055350303649902,-13.962056159973145,-3.885435104370117,-5.10239315032959,-6.138731479644775,-1.690500020980835,-7.146566390991211,-0.18405717611312866,hest,hest_C_0.75m_stille_001_s02.wav
0.022368507459759712,0.2962685167822989,3939.2474770950366,6834.0,283.0,17008.266316644254,483.0204644671907,153.31102371795188,4017.0316757648743,-432.5378112792969,31.29132080078125,33.33380126953125,16.172260284423828,5.074810981750488,4.865690231323242,-9.604546546936035,-0.9129080772399902,-3.923926830291748,-1.1175732612609863,-0.6243764758110046,-6.2984161376953125,0.9676730632781982,hest,hest_C_0.75m_stille_001_s03.wav
0.021976226940751076,0.2717669854365898,3092.4069632866476,6008.0,277.0,14757.823332427244,843.1565566551556,350.54397284670165,2028.3528369368962,-437.9222106933594,35.42707824707031,29.539892196655273,18.329296112060547,2.453434467315674,3.5981855392456055,-12.21216869354248,-2.7179441452026367,-4.95867919921875,-3.9455745220184326,-1.8166958093643188,-5.422694206237793,0.7051911354064941,hest,hest_C_0.75m_stille_001_s04.wav
0.027644885703921318,0.292705794112132,3463.650842649818,6664.0,396.0,25599.5924425203,1950.8949134158597,739.3129676195381,4286.786838230191,-424.54376220703125,34.34883117675781,31.102191925048828,17.148460388183594,5.801056861877441,1.076537847518921,-12.046667098999023,-3.6271309852600098,-4.310171604156494,-1.7228012084960938,-2.816720485687256,-3.6938798427581787,1.4028297662734985,hest,hest_C_0.75m_stille_001_s05.wav
0.031251661479473114,0.3208950559409963,3976.627382656664,6894.0,428.0,31952.616198102194,1453.9831264721947,360.2387084452463,6167.907723763085,-415.867919921875,27.64548683166504,33.80483627319336,13.731569290161133,4.25417423248291,1.3693673610687256,-11.7545166015625,-1.6613472700119019,-3.4320783615112305,-1.905280590057373,-3.00618839263916,-6.846011638641357,0.23097440600395203,hest,hest_C_0.75m_stille_001_s06.wav
0.04112735018134117,0.30158134883430215,3046.792351047191,6308.0,403.0,63229.577479837346,6705.886397432971,2256.7155898289802,4455.560005782009,-412.59710693359375,35.83724594116211,29.218021392822266,17.72154998779297,5.8705949783325195,-0.29051411151885986,-15.429220199584961,-4.322297096252441,-4.6127166748046875,-3.372366428375244,-3.7995333671569824,-3.5284223556518555,0.9929248094558716,hest,hest_C_0.75m_stille_001_s07.wav
0.02733847312629223,0.2845177823613976,3565.0251978010683,6692.0,282.0,25019.25228749467,1057.4302015754847,498.47382378469047,3305.326156721746,-425.40679931640625,34.4506721496582,30.800020217895508,18.290668487548828,4.336397171020508,0.5537163019180298,-12.46444034576416,-3.689333915710449,-3.1791257858276367,-0.46723008155822754,-1.9345521926879883,-5.314130783081055,-0.35665321350097656,hest,hest_C_0.75m_stille_001_s08.wav
0.018956728279590607,0.31820738796174763,4288.650797466393,6984.0,281.0,9947.812653629266,526.3267334067839,148.12923044856012,4836.448331027522,-424.640625,28.201370239257812,34.467735290527344,14.346774101257324,3.4637949466705322,1.752501368522644,-12.470603942871094,-4.107057571411133,-5.705514907836914,-1.6072841882705688,-1.8558515310287476,-5.899829864501953,0.4173699617385864,hest,hest_C_0.75m_stille_001_s09.wav
0.022127289324998856,0.31758234889680603,4193.901601662591,6969.0,397.0,14657.146214621082,723.1948430489176,204.60789093520393,5234.776128566611,-420.9249267578125,30.019014358520508,32.59577560424805,15.600264549255371,4.082198143005371,1.3707141876220703,-11.566886901855469,-2.701448678970337,-4.656780242919922,-1.0996214151382446,-1.8907073736190796,-4.026837348937988,0.5895818471908569,hest,hest_C_0.75m_stille_001_s10.wav
0.03637121990323067,0.2897056066004125,3477.180895348237,6572.0,297.0,47735.252144444574,1350.3734735800529,1100.7188301024653,4993.066248985606,-413.33734130859375,33.11849594116211,28.90240478515625,19.128211975097656,2.8149404525756836,1.0302116870880127,-12.76366138458252,-2.332838535308838,-1.8981413841247559,-2.1273422241210938,0.30946218967437744,-3.899364471435547,0.2714223861694336,hest,hest_C_0.75m_tmlKlasse_001_s01.wav
0.02983950637280941,0.19519969998124884,3269.927747071199,6375.0,299.0,28268.821248015804,1283.634668478442,911.0387233904307,5739.814002399866,-366.186767578125,61.10128402709961,26.27263832092285,27.009174346923828,6.789937973022461,-6.563260078430176,-19.62356185913086,-10.569067001342773,-11.462860107421875,-5.291332244873047,-1.8157844543457031,-5.4388933181762695,2.2186641693115234,hest,hest_C_0.75m_tmlKlasse_001_s02.wav
0.02959580160677433,0.1476342271391962,3227.029320246126,6515.0,282.0,29396.209127790702,2774.494054131353,273.934356690168,4167.65811408831,-349.27618408203125,78.32258605957031,19.455875396728516,17.1326904296875,2.4435532093048096,-9.108577728271484,-19.09128189086914,-17.187294006347656,-18.563610076904297,-3.893867254257202,-5.215433120727539,-9.209927558898926,1.360243320465088,hest,hest_C_0.75m_tmlKlasse_001_s03.wav
0.023116687312722206,0.1629476842302644,2890.083087213061,5859.0,277.0,16244.652891836891,1184.0388730665172,372.79384035118017,2036.2669193451018,-386.9010009765625,68.34420776367188,29.085712432861328,21.814172744750977,5.79850959777832,0.9128234386444092,-20.495826721191406,-14.49949836730957,-9.398138046264648,-2.4764254093170166,0.8573814630508423,-6.12893009185791,-4.97767448425293,hest,hest_C_0.75m_tmlKlasse_001_s04.wav
0.02790306694805622,0.22057628601787613,3396.347275868912,6636.0,396.0,25977.008364884878,1989.389851567,794.9737591441806,4300.281643188364,-390.3621520996094,53.63908386230469,32.220054626464844,23.709835052490234,3.81256103515625,-6.473012447357178,-17.328643798828125,-8.10420036315918,-5.969206809997559,-5.266633033752441,-3.3656997680664062,-0.5456933975219727,0.6988589763641357,hest,hest_C_0.75m_tmlKlasse_001_s05.wav
0.03135824203491211,0.27901743858991185,3949.3540589098775,6888.0,428.0,32216.346750337154,1470.1634199214093,370.66087947900064,6166.414869878678,-398.6069030761719,41.00371551513672,35.425479888916016,12.249515533447266,3.680087089538574,1.1471049785614014,-10.097339630126953,-0.22674566507339478,-3.7462031841278076,-2.962778329849243,-3.207723617553711,-6.397062301635742,-0.42762112617492676,hest,hest_C_0.75m_tmlKlasse_001_s06.wav
0.041713763028383255,0.22813925870366897,3014.683259560159,6292.0,403.0,64143.82953500794,6816.017505592543,2265.182943338612,4458.058487955894,-383.8017272949219,55.9959716796875,29.61585807800293,21.420982360839844,12.88133716583252,2.3557841777801514,-16.293149948120117,-7.992969512939453,-7.587106704711914,-1.98251211643219,-1.5827484130859375,-3.1833488941192627,-0.5069623589515686,hest,hest_C_0.75m_tmlKlasse_001_s07.wav
0.02808683179318905,0.24545284080255017,3443.4556847385907,6636.0,282.0,26006.26538019497,1188.512245972023,631.7339761020681,3365.4258514806056,-376.044677734375,52.545555114746094,23.142749786376953,21.402347564697266,3.058952569961548,-2.063588857650757,-10.886794090270996,-5.964428424835205,-0.4719804525375366,3.741335391998291,-1.4112571477890015,-1.4004147052764893,2.9591429233551025,hest,hest_C_0.75m_tmlKlasse_001_s08.wav
0.019310010597109795,0.2778298643665229,4220.437622589512,6973.0,276.0,10375.479052327071,595.0594438383877,150.5922793387288,4831.218954031933,-407.420654296875,43.92867660522461,40.619964599609375,16.164073944091797,4.673830509185791,1.6899688243865967,-14.035768508911133,-6.197141647338867,-5.933938980102539,-0.2904435992240906,-0.3863496780395508,-5.971797943115234,-0.909437894821167,hest,hest_C_0.75m_tmlKlasse_001_s09.wav
0.022637279704213142,0.2548909306831677,4115.63770719225,6938.0,397.0,15159.354589782371,734.8223921866546,211.15009473009556,5239.018035765133,-402.1709899902344,45.69646453857422,38.48611831665039,18.128982543945312,4.820796966552734,2.5453920364379883,-9.406274795532227,-2.162026882171631,-5.829304218292236,-3.4041953086853027,-3.911257028579712,-5.244840145111084,-1.4273289442062378,hest,hest_C_0.75m_tmlKlasse_001_s10.wav
0.027006497606635094,0.15300956309769362,2652.1133730737733,6276.0,418.0,25332.93404607765,3908.5861141692285,1145.068492782213,897.4468875803948,-358.8204040527344,78.89463806152344,14.721199989318848,16.925508499145508,8.184213638305664,-9.405059814453125,-8.889636993408203,-18.109413146972656,-10.838744163513184,1.3044427633285522,-4.121082305908203,-1.87192702293396,-4.740172386169434,hest,hest_C_1.5m_nygaard_001_s01.wav
0.029931969940662384,0.141133820863804,2606.240322488312,6088.0,419.0,35595.96366420562,4902.865606331753,969.8038915095335,1720.866597609086,-371.65289306640625,90.01114654541016,36.42552947998047,16.500015258789062,4.066343784332275,-5.534826755523682,-11.987009048461914,-11.092470169067383,-9.081432342529297,1.1466598510742188,-4.834780693054199,-5.1601104736328125,-2.4277396202087402,hest,hest_C_1.5m_nygaard_001_s02.wav
0.028602825477719307,0.1485092818301144,2565.5750943213184,6000.0,457.0,27741.064062392754,5389.222010888271,2413.1465951615082,1725.0864444772592,-381.1602783203125,69.17929077148438,26.963254928588867,28.462642669677734,15.37746524810791,2.016165256500244,-4.080430507659912,-5.068023681640625,-2.0546953678131104,6.70554256439209,-1.3787424564361572,-1.5395481586456299,-0.18284709751605988,hest,hest_C_1.5m_nygaard_001_s03.wav
0.026190415024757385,0.17938621163822738,2669.7236790592833,6084.0,386.0,24763.020598937932,3956.9474963256234,1504.7519855123564,1085.0011770430324,-403.65948486328125,62.641395568847656,25.351497650146484,18.183307647705078,10.186178207397461,-0.7246390581130981,-9.130924224853516,-5.528878688812256,-5.607199668884277,2.2873191833496094,-1.206533670425415,-2.857372283935547,-2.485698938369751,hest,hest_C_1.5m_nygaard_001_s04.wav
0.029925057664513588,0.18494905931620725,2732.2022526001842,6029.0,417.0,29969.7255466987,4609.562628167666,2125.275068279638,1628.4663000376486,-376.078857421875,66.95857238769531,22.835081100463867,24.507369995117188,5.070524215698242,-2.4591941833496094,-7.657688140869141,-11.45674991607666,-1.3455400466918945,1.6839714050292969,-6.345884799957275,-5.135815620422363,-2.6622986793518066,hest,hest_C_1.5m_nygaard_001_s05.wav
0.030600687488913536,0.23001437589849366,2981.8601783045037,6166.0,456.0,33042.56731857983,1194.5014683984678,1101.8799119448813,2134.712517807795,-390.2252502441406,51.917236328125,15.60811996459961,22.739837646484375,6.315711975097656,-5.1685004234313965,-6.246922492980957,-3.450957775115967,-5.848025321960449,1.3131879568099976,-3.1140058040618896,-1.0075993537902832,0.4452763795852661,hest,hest_C_1.5m_nygaard_001_s06.wav
0.029987862333655357,0.17701106319144946,2854.170864886199,6203.0,416.0,26763.111339132796,4290.8876473601085,2172.1732917097233,1545.8274849996978,-386.359619140625,67.11613464355469,23.01350975036621,22.0795841217041,9.020988464355469,-3.664583206176758,-9.678913116455078,-9.349014282226562,-3.3725271224975586,6.178773880004883,0.13873425126075745,-3.306708812713623,-0.8920576572418213,hest,hest_C_1.5m_nygaard_001_s07.wav
0.040077582001686096,0.21113819613725857,2831.466555382499,6240.0,449.0,58154.309331608914,826.7000401853115,1649.0213450353926,1799.5472067994197,-392.79815673828125,55.98759841918945,24.31943130493164,20.299419403076172,7.172934532165527,-2.8311753273010254,-9.038148880004883,-4.0165863037109375,-5.099642753601074,-0.6606637239456177,-4.524307727813721,-2.171309471130371,-0.5809047818183899,hest,hest_C_1.5m_nygaard_001_s08.wav
0.03679750859737396,0.17594849678104882,2936.302068229476,6329.0,457.0,47734.87780721797,1728.1246167148463,1079.2096273719776,1697.8659711738796,-383.15460205078125,68.79695892333984,24.074970245361328,15.335090637207031,4.8128509521484375,-2.995513677597046,-9.420777320861816,-9.913272857666016,-4.211394786834717,5.091243267059326,-1.577897548675537,-2.0481410026550293,-3.663795232772827,hest,hest_C_1.5m_nygaard_001_s09.wav
0.03146681562066078,0.20170010625664103,3113.371224738505,6498.0,158.0,38321.862643316745,1109.4887913619766,1191.2207686319307,2502.5725312137624,-400.8703308105469,54.802284240722656,27.481658935546875,19.17093276977539,10.315722465515137,3.2400946617126465,-7.058284759521484,0.1897817850112915,-0.8804528117179871,1.626936912536621,-4.944149971008301,-2.321667432785034,-0.4852373003959656,hest,hest_C_1.5m_nygaard_001_s10.wav
0.02538454346358776,0.23382711419463717,2839.5271195851765,6388.0,419.0,22083.27827812699,3681.4799269574187,1060.9443061826655,876.9912508566971,-419.78875732421875,50.4332275390625,18.45620346069336,14.125661849975586,11.68106460571289,-2.1103596687316895,-5.713852405548096,-5.479162693023682,-3.154822826385498,4.249680519104004,-2.9886443614959717,0.7286058664321899,2.014425039291382,hest,hest_C_1.5m_stille_001_s01.wav
0.026337165385484695,0.2463903993999625,3007.7794764474725,6355.0,420.0,26845.412031180895,3691.8719811144083,946.7532699191986,1708.6725363063188,-429.0389404296875,45.3057861328125,26.070201873779297,16.201335906982422,9.945219993591309,2.350151300430298,-4.775551795959473,-1.2082102298736572,-2.277191162109375,3.325078010559082,-3.196638584136963,-0.2763672471046448,2.801400899887085,hest,hest_C_1.5m_stille_001_s02.wav
0.02826881594955921,0.16426026626664167,2573.2302072628436,6015.0,457.0,27486.14885393356,5316.3626921909345,2402.2618494515737,1720.9807430183546,-406.4964599609375,56.00893783569336,24.95537567138672,22.91548728942871,17.165969848632812,6.7847747802734375,-1.4447827339172363,-0.21855127811431885,-0.6982740759849548,7.365691184997559,1.2703810930252075,0.5887966752052307,2.253307819366455,hest,hest_C_1.5m_stille_001_s03.wav
0.025953542441129684,0.22276392274517157,2703.8988656103165,6105.0,386.0,24269.524711481383,3892.285480567288,1497.0647871695887,1081.7055725127916,-426.37933349609375,46.91953659057617,22.72222137451172,17.056386947631836,11.939655303955078,3.1997594833374023,-6.970870018005371,-4.101164817810059,-4.070842742919922,2.698806047439575,-1.4168922901153564,-1.8290656805038452,1.620004653930664,hest,hest_C_1.5m_stille_001_s04.wav
0.029039770364761353,0.2507656728545534,2832.5842081566716,6108.0,418.0,29205.184749258606,4022.9969054892313,2031.349124653133,1615.250149166805,-420.4198913574219,43.84447479248047,18.252822875976562,16.972841262817383,9.777851104736328,3.8881375789642334,-4.398421287536621,-4.890553951263428,-0.6613360047340393,4.9165449142456055,-1.643554449081421,-2.5257463455200195,0.8311123847961426,hest,hest_C_1.5m_stille_001_s05.wav
0.03032863512635231,0.26770423151446965,3037.0442255984303,6195.0,456.0,32794.79535966439,1077.491291686825,1046.694948077202,2121.583128705979,-426.98590087890625,38.87763214111328,21.37894058227539,15.866849899291992,9.469352722167969,2.997720718383789,-2.878222703933716,-0.15697062015533447,-2.5840091705322266,5.374626159667969,-2.7179911136627197,-3.7783281803131104,1.0223629474639893,hest,hest_C_1.5m_stille_001_s06.wav
0.02955855056643486,0.2472654540908807,2950.5235415817747,6311.0,417.0,25874.53586767476,4039.416989430002,2119.1520889253866,1531.5754479979394,-426.4764709472656,41.65533447265625,20.726245880126953,17.250497817993164,12.210811614990234,3.246504545211792,-4.290291786193848,-2.231905937194824,-1.6547008752822876,4.57617712020874,-0.8824019432067871,-2.149512767791748,1.9653220176696777,hest,hest_C_1.5m_stille_001_s07.wav
0.03988644853234291,0.2457028564285268,2908.1020649076168,6321.0,449.0,57590.27190629898,636.8096036738993,1585.8330011001674,1769.9774690684676,-426.4473876953125,40.11906433105469,21.720386505126953,17.704607009887695,10.268380165100098,2.8363595008850098,-5.725516319274902,-3.5075249671936035,-3.6353323459625244,0.6324079036712646,-4.721742153167725,-3.0482685565948486,0.8829658627510071,hest,hest_C_1.5m_stille_001_s08.wav
0.036258190870285034,0.26545409088068006,3171.073554678818,6633.0,457.0,46918.97757954694,595.6524684444705,1033.3630476908745,1649.1639186987054,-432.78985595703125,38.6490478515625,24.192543029785156,17.440414428710938,14.720478057861328,4.501439571380615,-3.8609180450439453,-1.8738406896591187,-5.026577949523926,4.252557754516602,-2.2470145225524902,-2.935023069381714,1.5147101879119873,hest,hest_C_1.5m_stille_001_s09.wav
0.03137262538075447,0.240577536096006,3185.2904639692824,6556.0,158.0,38132.16607162923,1014.4868097050077,1178.4778949764504,2502.148092895617,-421.076171875,40.14704895019531,22.16187286376953,16.223846435546875,10.730228424072266,6.455841064453125,-4.245246887207031,0.3127136826515198,-1.2296736240386963,3.015608310699463,-2.687290668487549,0.11417887359857559,1.9178965091705322,hest,hest_C_1.5m_stille_001_s10.wav
0.025627775117754936,0.1916994812175761,2803.2501196862763,6375.0,416.0,22271.417645561247,3916.5657573016006,1061.9705135890413,879.7651751946514,-395.41046142578125,66.65467071533203,20.46714973449707,12.445891380310059,8.554929733276367,-4.5825676918029785,-8.526710510253906,-12.389698028564453,-8.206955909729004,3.1951894760131836,-2.1106598377227783,2.358090877532959,2.339634656906128,hest,hest_C_1.5m_tmlKlasse_001_s01.wav
0.026539243757724762,0.20776298518657416,3004.4837602026196,6353.0,420.0,26974.200761821132,3706.6923927535254,950.6729188321422,1711.8755778608106,-404.9847412109375,56.901187896728516,23.997509002685547,12.425636291503906,6.828248023986816,-0.24077105522155762,-8.118047714233398,-6.815367698669434,-5.191408157348633,0.21292203664779663,-5.079664707183838,0.6176844835281372,2.0062496662139893,hest,hest_C_1.5m_tmlKlasse_001_s02.wav
0.028334440663456917,0.16163510219388713,2571.6578895436837,6014.0,457.0,27622.90863799173,5318.213792958824,2402.622869709439,1726.925173668532,-394.7100524902344,61.829673767089844,23.617481231689453,23.06676483154297,17.633567810058594,6.327065467834473,-2.1744589805603027,-2.247570753097534,-2.2108607292175293,5.284313201904297,-1.1112258434295654,0.17311906814575195,2.9683756828308105,hest,hest_C_1.5m_tmlKlasse_001_s03.wav
0.02796131744980812,0.13619601225076566,2530.4815289953945,5986.0,387.0,30805.889519716842,4323.469574668287,1593.5101935584455,1127.9420545186051,-379.8722229003906,75.41419219970703,23.299392700195312,10.730793952941895,0.9145011901855469,-6.535295486450195,-13.030671119689941,-7.685133457183838,-8.512489318847656,-6.114419937133789,-6.794743537902832,-1.2979626655578613,-1.1205466985702515,hest,hest_C_1.5m_tmlKlasse_001_s04.wav
0.029245661571621895,0.20657541096318519,2780.9639699375966,6058.0,416.0,29472.56982488779,4218.3708523341875,2086.382904310164,1632.7947551289776,-391.245849609375,58.571956634521484,13.759437561035156,18.04925537109375,9.780176162719727,1.135425090789795,-5.345817565917969,-8.50080680847168,-6.405910968780518,1.996166706085205,-2.0434296131134033,-2.779841423034668,-0.608380138874054,hest,hest_C_1.5m_tmlKlasse_001_s05.wav
0.030533600598573685,0.21738858678667417,2991.5706327687303,6177.0,456.0,32909.75246784783,1223.848992672353,1052.9783822703898,2126.2914436152546,-402.98736572265625,55.55788040161133,26.826292037963867,17.71430206298828,8.022743225097656,2.153212547302246,-3.8658854961395264,-6.4849443435668945,-7.412185192108154,1.41226327419281,-3.8295681476593018,-2.723958969116211,0.1064736396074295,hest,hest_C_1.5m_tmlKlasse_001_s06.wav
0.02982626110315323,0.18088630539408712,2840.4539290809216,6197.0,417.0,26560.17962343458,4297.322439546786,2150.608099570457,1536.725535917366,-389.36993408203125,70.14116668701172,25.641101837158203,13.456847190856934,2.5977416038513184,-3.574115753173828,-8.224344253540039,-8.935523986816406,-6.131939888000488,2.3855857849121094,-0.7573130130767822,0.02670559287071228,2.1246297359466553,hest,hest_C_1.5m_tmlKlasse_001_s07.wav
0.03983528912067413,0.1970748171760735,2875.2722210011652,6288.0,449.0,57536.46975734952,648.1485963898799,1590.38595540888,1770.3725388309358,-409.225341796875,53.8053092956543,27.53966522216797,21.440706253051758,11.559308052062988,2.804976224899292,-6.833743095397949,-6.346142768859863,-6.9637861251831055,-2.2707200050354004,-7.079739570617676,-3.8569653034210205,0.5310347080230713,hest,hest_C_1.5m_tmlKlasse_001_s08.wav
0.036470215767621994,0.20376273517094817,3097.1370492584724,6550.0,457.0,47258.00173000802,703.4630367422569,1046.7520347221614,1654.332277511764,-398.8403625488281,61.171852111816406,27.816436767578125,15.560661315917969,8.192590713500977,-2.4159278869628906,-6.618636131286621,-6.206728458404541,-8.899087905883789,0.09264624118804932,-8.064702033996582,-3.167433738708496,0.8440632820129395,hest,hest_C_1.5m_tmlKlasse_001_s09.wav
0.03200067579746246,0.18188636789799362,3043.9395181875107,6404.0,158.0,39348.465630881525,1299.4416741120322,1201.3533541537702,2504.816300584348,-387.6573486328125,66.78314208984375,26.325780868530273,14.909621238708496,7.889942646026611,1.7607148885726929,-9.074298858642578,-6.468912124633789,-7.2560529708862305,1.200974464416504,-2.6864137649536133,-1.0195672512054443,0.6150729656219482,hest,hest_C_1.5m_tmlKlasse_001_s10.wav
0.02131832391023636,0.22795174698418652,3931.151166282884,6904.0,438.0,12399.227043478413,747.1370684668032,1209.3210786775858,5270.21984158464,-391.88494873046875,52.24547576904297,25.104326248168945,19.39841079711914,-0.6306970715522766,-2.972334623336792,-7.656528949737549,-14.496744155883789,-2.729541063308716,-2.6532845497131348,-4.6636505126953125,0.728344202041626,-3.924187183380127,hest,hest_J_0.75m_nygaard_001_s01.wav
0.0185620728880167,0.22876429776861054,3798.454207035403,6871.0,398.0,9885.799644214123,860.3321249308668,390.41498074729463,3635.893319752481,-401.4246826171875,50.64912414550781,35.28361892700195,19.420574188232422,-2.6518349647521973,-1.1710600852966309,-9.453107833862305,-17.00771713256836,-5.880432605743408,1.029803991317749,-3.4151837825775146,0.4685322046279907,-3.6094231605529785,hest,hest_J_0.75m_nygaard_001_s02.wav
0.015554030425846577,0.21770110631914494,3896.035061254207,6815.0,398.0,6001.032859486779,795.5281459504232,294.0932894547221,3199.1975161323444,-406.3356018066406,52.5251579284668,36.05289077758789,17.560468673706055,4.706969261169434,1.2067041397094727,-11.200151443481445,-9.678126335144043,-3.3393025398254395,0.7861366271972656,-3.4240481853485107,-1.711570143699646,-4.7069621086120605,hest,hest_J_0.75m_nygaard_001_s03.wav
0.013691260479390621,0.2345146571660729,3583.8057621318408,6544.0,454.0,5357.355697642515,827.8042134975109,445.38151534993636,2343.413602918905,-396.3262939453125,52.06440734863281,19.009666442871094,16.652862548828125,4.750597953796387,-1.9081428050994873,-9.398865699768066,-9.91905403137207,0.37735188007354736,3.2649426460266113,-4.966928958892822,-2.1578898429870605,-3.9345414638519287,hest,hest_J_0.75m_nygaard_001_s04.wav
0.018304085358977318,0.19738733670854428,3117.217216819255,6210.0,369.0,11689.782269648367,911.7907192629143,231.58370644595823,1859.430142287206,-397.6671142578125,61.898353576660156,30.222143173217773,25.772216796875,2.042469024658203,-2.2694804668426514,-11.702900886535645,-11.1348295211792,-8.850910186767578,-2.2993643283843994,-1.588024377822876,1.392271876335144,-6.445321083068848,hest,hest_J_0.75m_nygaard_001_s05.wav
0.013294782489538193,0.17007312957059817,3366.983880120688,6535.0,454.0,5740.194060833593,516.2758346150567,224.38256472298048,941.9114929971948,-415.01055908203125,61.583831787109375,28.388381958007812,18.004606246948242,7.466500759124756,1.1068463325500488,-9.562339782714844,-7.843441963195801,-4.0439372062683105,-0.9912760853767395,-5.946045875549316,-3.4766652584075928,-4.070344924926758,hest,hest_J_0.75m_nygaard_001_s06.wav
0.014772506430745125,0.19094943433964623,3555.04341573725,6432.0,436.0,6832.949763691734,696.8493348554516,360.58578500758153,3125.497700178127,-411.52459716796875,54.99181365966797,31.788192749023438,18.514915466308594,0.9187226295471191,0.29869139194488525,-10.858736038208008,-11.530029296875,-8.607247352600098,-3.3364346027374268,-5.787899971008301,-3.3415589332580566,-3.6242990493774414,hest,hest_J_0.75m_nygaard_001_s07.wav
0.013599519617855549,0.16819801237577348,3244.664506559012,6329.0,454.0,6104.076702834242,625.7934976272456,279.6184618508519,1472.8429670314415,-400.97442626953125,64.20562744140625,29.83692169189453,20.7836971282959,2.611069917678833,-2.327537775039673,-8.791388511657715,-10.104244232177734,-5.118762016296387,-1.1235874891281128,-4.186464309692383,-2.052372455596924,-1.4265908002853394,hest,hest_J_0.75m_nygaard_001_s08.wav
0.01902717724442482,0.1790736921057566,3394.956159775101,6573.0,369.0,11040.639657336358,2162.2040709247003,605.0001001921642,2115.7845723006953,-376.97650146484375,61.94995880126953,27.084978103637695,24.983768463134766,-1.5072523355484009,-9.002004623413086,-15.059599876403809,-14.019895553588867,-2.9715962409973145,0.3983093500137329,-3.048703670501709,0.041918277740478516,-2.7815749645233154,hest,hest_J_0.75m_nygaard_001_s09.wav
0.01390737947076559,0.18851178198637414,3207.7130113711855,6464.0,398.0,6162.488517804558,775.6726058300363,302.9200076931155,1126.3617611883378,-392.73773193359375,64.46292877197266,23.754804611206055,20.77252769470215,-4.14116907119751,-5.50520133972168,-6.920760154724121,-11.184470176696777,1.970738172531128,4.1835761070251465,-6.719657897949219,-2.9955787658691406,-4.388011932373047,hest,hest_J_0.75m_nygaard_001_s10.wav
0.02113099955022335,0.2731420713794612,3983.6032638685497,6918.0,437.0,12357.355161113072,588.1411876130009,1193.464299539782,5255.733873754238,-428.4039306640625,31.928564071655273,27.16895294189453,19.48089599609375,3.6060361862182617,2.3138537406921387,-5.210979461669922,-11.954501152038574,-2.5903306007385254,-1.3823407888412476,-2.8513553142547607,2.717128276824951,-1.7435842752456665,hest,hest_J_0.75m_stille_001_s01.wav
0.018023405224084854,0.28189261828864304,3912.447792971674,6915.0,399.0,9391.797389281717,493.0683881264599,371.7806015923878,3606.4195249394193,-433.9642639160156,30.207916259765625,30.675243377685547,17.776403427124023,4.066876411437988,3.1556453704833984,-9.652860641479492,-9.924001693725586,-2.8473494052886963,0.6662458181381226,-2.286555051803589,-0.48895883560180664,-3.413452625274658,hest,hest_J_0.75m_stille_001_s02.wav
0.015233488753437996,0.28101756359772484,3950.403219037734,6841.0,231.0,5764.402679268998,744.7419492512369,283.8245606331403,3201.061912133099,-435.4943542480469,30.900775909423828,29.162548065185547,14.370390892028809,6.04754114151001,4.698164939880371,-8.061676025390625,-7.280362606048584,-2.4946975708007812,2.4495468139648438,-1.335008144378662,-1.1167871952056885,-4.152937412261963,hest,hest_J_0.75m_stille_001_s03.wav
0.01299064140766859,0.26757922370148135,3757.6992983697664,6619.0,453.0,4677.269691147549,553.0875821941876,350.4839927597093,2320.562386896703,-437.37847900390625,33.5201416015625,23.894319534301758,14.912410736083984,6.35723352432251,4.50813627243042,-9.836172103881836,-8.35263729095459,-2.230825901031494,2.09043550491333,-1.540860652923584,-1.6193166971206665,-3.3808538913726807,hest,hest_J_0.75m_stille_001_s04.wav
0.017760155722498894,0.2708919307456716,3196.7369383032496,6275.0,369.0,11281.042552663124,801.865893374265,170.25809927053388,1845.041583976356,-444.66986083984375,36.374114990234375,32.06489181518555,18.5046443939209,4.358312606811523,5.646142959594727,-10.054536819458008,-8.631431579589844,-5.556812286376953,0.015171229839324951,-2.1962480545043945,0.4545997977256775,-3.196591854095459,hest,hest_J_0.75m_stille_001_s05.wav
0.012328808195888996,0.2523282705169073,3680.2539894498127,6647.0,454.0,4581.023166029795,206.8666200043681,167.57259741144367,934.6829681885997,-456.1705322265625,34.624977111816406,29.456867218017578,17.571500778198242,7.126725673675537,4.2927446365356445,-8.188226699829102,-7.586309909820557,-2.063363552093506,1.3500844240188599,-3.5762882232666016,-0.21217754483222961,-3.124998092651367,hest,hest_J_0.75m_stille_001_s06.wav
0.014330200850963593,0.2630789424339021,3735.9624477783277,6523.0,436.0,6416.31152357117,246.93737097564943,315.6919208081615,3114.024021917162,-446.4749755859375,31.099834442138672,28.353984832763672,17.906082153320312,5.311775207519531,4.032324314117432,-9.220329284667969,-6.897481918334961,-3.3815109729766846,-0.11369553208351135,-4.630404949188232,-0.41497233510017395,-1.4762448072433472,hest,hest_J_0.75m_stille_001_s07.wav
0.012339397333562374,0.2532033252078255,3594.640800763699,6517.0,456.0,4285.001607727059,161.3780603795759,197.8476627495856,1438.6518062577877,-449.8041076660156,33.126914978027344,28.610637664794922,18.35680389404297,7.338234901428223,4.488664627075195,-8.656030654907227,-6.485998153686523,-1.5238938331604004,1.746869444847107,0.2144259214401245,0.8407223224639893,-1.2940233945846558,hest,hest_J_0.75m_stille_001_s08.wav
0.017798107117414474,0.28101756359772484,3602.2024082112744,6672.0,368.0,9247.198961416841,1179.5095632038292,472.2526591817515,2059.687271448695,-439.12139892578125,31.704496383666992,28.447364807128906,17.123794555664062,4.492499351501465,1.2905303239822388,-8.956833839416504,-7.454506874084473,-2.7389512062072754,0.10350501537322998,-3.320702075958252,-1.0803427696228027,-3.062230110168457,hest,hest_J_0.75m_stille_001_s09.wav
0.01295584999024868,0.2660791299456216,3470.31597237354,6607.0,399.0,5352.5561319819935,318.45962203085986,219.302883063734,1080.2422158016223,-449.59552001953125,34.444393157958984,28.484466552734375,18.447105407714844,5.8236236572265625,2.171837091445923,-8.649755477905273,-6.716447830200195,-1.5750155448913574,-1.347870945930481,-2.9762654304504395,-0.8827905058860779,-1.8740835189819336,hest,hest_J_0.75m_stille_001_s10.wav
0.02247716672718525,0.16913557097318582,3786.580798268429,6848.0,438.0,13469.902109612663,2817.3960332079373,1211.5595856049572,5283.727051037892,-372.291748046875,71.21995544433594,28.22110939025879,12.712077140808105,-6.604131698608398,-7.1801934242248535,-15.328264236450195,-22.51693344116211,-7.44190788269043,-1.9684605598449707,-0.3230311870574951,5.0810136795043945,-1.606329321861267,hest,hest_J_0.75m_tmlKlasse_001_s01.wav
0.018331965431571007,0.2438277392337021,3897.0738675206635,6907.0,399.0,9495.399298003942,493.49227044250125,375.2738526357267,3617.5659293718777,-412.9886474609375,44.563751220703125,34.87665557861328,19.223697662353516,3.0122828483581543,5.87387228012085,-9.162247657775879,-11.579290390014648,-1.7216224670410156,0.34251415729522705,-2.483978509902954,-1.2296192646026611,-5.526013374328613,hest,hest_J_0.75m_tmlKlasse_001_s02.wav
0.01617855578660965,0.20107506719169949,3832.589298385366,6797.0,229.0,6583.3521941256495,925.5599409244219,289.2360617468136,3208.312499526148,-390.621337890625,64.28077697753906,34.383052825927734,13.786108016967773,2.649280071258545,2.42175555229187,-11.090065002441406,-12.856817245483398,-6.567169189453125,0.05896490812301636,-0.10478430986404419,-1.8346569538116455,-6.672104835510254,hest,hest_J_0.75m_tmlKlasse_001_s03.wav
0.013009123504161835,0.2567035439714982,3743.100415137986,6615.0,453.0,4707.151684361663,551.7842789783379,352.6420883687896,2319.011893153998,-431.34246826171875,37.768096923828125,26.588829040527344,17.444034576416016,8.295732498168945,5.626049995422363,-8.427350044250488,-7.022820949554443,-1.1888859272003174,2.642475128173828,-0.8508658409118652,-0.8481234908103943,-2.9746644496917725,hest,hest_J_0.75m_tmlKlasse_001_s04.wav
0.017908357083797455,0.23170198137383585,3175.704631861676,6261.0,369.0,11427.419305208794,817.4934154038831,180.5108333032303,1850.8697961056796,-427.7102355957031,47.34172058105469,33.57062530517578,21.419092178344727,5.650294303894043,4.4417524337768555,-10.381443977355957,-8.456548690795898,-5.059976577758789,0.07664287090301514,-2.964031219482422,0.8649623394012451,-1.8997138738632202,hest,hest_J_0.75m_tmlKlasse_001_s05.wav
0.012979752384126186,0.18494905931620725,3592.5341157347602,6627.0,453.0,4769.722127725458,336.7692643894477,195.6051442509771,937.4590262547554,-415.5430908203125,60.50957489013672,26.810487747192383,16.5126895904541,2.6110100746154785,-6.115044116973877,-15.270750045776367,-10.680721282958984,-3.6029133796691895,-2.415314197540283,-6.180744647979736,1.1973650455474854,-1.6492986679077148,hest,hest_J_0.75m_tmlKlasse_001_s06.wav
0.016567479819059372,0.1770735670979436,3355.374807890941,6324.0,343.0,8156.521582788811,1352.7035120177231,685.9989697016706,3230.8290935172067,-370.2434387207031,64.77888488769531,8.982491493225098,22.43149185180664,7.063417434692383,-9.663139343261719,-17.777088165283203,-9.584156036376953,-2.6336116790771484,-2.4435055255889893,-5.877342224121094,1.2511212825775146,-1.4195915460586548,hest,hest_J_0.75m_tmlKlasse_001_s07.wav
0.012958570383489132,0.2175135945996625,3489.0220772359617,6465.0,456.0,4510.364016555474,237.00690188547486,205.1702141045241,1446.4065868366565,-418.7058410644531,51.557830810546875,30.851669311523438,23.02117156982422,6.898237228393555,1.2836495637893677,-9.134621620178223,-7.180756568908691,-1.325774073600769,1.0159953832626343,-0.6844287514686584,1.9770898818969727,-1.211296796798706,hest,hest_J_0.75m_tmlKlasse_001_s08.wav
0.02279478684067726,0.1493218326145384,3106.0186127717925,6441.0,370.0,15555.43234407733,5373.0504892318495,558.6815470288453,2119.0923968232064,-357.624755859375,80.42115783691406,23.747535705566406,14.181032180786133,-2.448925256729126,-4.319591522216797,-22.96939468383789,-23.745439529418945,-7.3356733322143555,-0.6313632726669312,0.6522979736328125,-1.944331407546997,-9.46355152130127,hest,hest_J_0.75m_tmlKlasse_001_s09.wav
0.014983726665377617,0.16782298893680855,3112.437627077188,6414.0,368.0,6471.474481271296,1226.1027325760672,359.7616260968671,1099.320160024582,-380.7171936035156,72.47352600097656,18.115089416503906,18.01218032836914,1.0440289974212646,-8.72628402709961,-17.84636688232422,-16.695138931274414,-1.77937912940979,-0.6900248527526855,-3.9200801849365234,1.9893029928207397,-1.7856134176254272,hest,hest_J_0.75m_tmlKlasse_001_s10.wav
0.048545390367507935,0.13000812550784424,2007.8215933187685,5081.0,421.0,108127.51633358319,3418.831081262765,2318.044850983818,1090.0452685256707,-382.7252502441406,71.8808364868164,23.172483444213867,23.249149322509766,5.200963497161865,-3.906794786453247,-10.853891372680664,-12.729482650756836,-7.364391803741455,-1.9476617574691772,-11.555438995361328,-3.4585187435150146,1.61665678024292,hest,hest_J_1.5m_nygaard_001_s01.wav
0.026297539472579956,0.18463653978373648,2602.4309283864345,5604.0,421.0,28646.362601604465,596.4419954968789,653.8452149061586,1588.4760672920222,-429.431640625,52.88166046142578,25.90622329711914,27.33858871459961,10.574138641357422,5.926623344421387,-6.336790084838867,-7.513638973236084,-1.8675881624221802,1.5406527519226074,-7.938745498657227,-3.2111172676086426,-0.06520140171051025,hest,hest_J_1.5m_nygaard_001_s02.wav
0.016870321705937386,0.18319894993437089,2471.726097893906,5662.0,421.0,9491.91496907302,612.4543867013679,451.32668831085874,399.745529031042,-440.32293701171875,53.843509674072266,27.478179931640625,25.498497009277344,11.204381942749023,1.6990315914154053,-8.181588172912598,-5.588469505310059,-3.746471405029297,3.548121213912964,-5.040037155151367,-1.1243953704833984,2.320704698562622,hest,hest_J_1.5m_nygaard_001_s03.wav
0.03125986084342003,0.15575973498343645,2726.1812165943224,5881.0,389.0,12530.12454739135,521.4330640669889,758.8018014912818,955.176779757483,-388.91046142578125,68.3912124633789,26.420923233032227,25.782251358032227,6.290709972381592,-3.51763916015625,-11.675899505615234,-10.938722610473633,-6.097875118255615,-1.1538798809051514,-9.86497974395752,-3.833803653717041,-0.1469571590423584,hest,hest_J_1.5m_nygaard_001_s04.wav
0.01178630068898201,0.22095130945684105,2959.637002872041,5978.0,350.0,4455.234426311322,374.7429827659083,299.09312189772845,750.0306493658779,-411.8262023925781,56.48957824707031,15.679619789123535,15.716651916503906,9.51865291595459,-0.932866096496582,-9.08742904663086,-6.220956325531006,0.16804099082946777,3.318347930908203,-6.118695259094238,-2.490473985671997,0.7319924831390381,hest,hest_J_1.5m_nygaard_001_s05.wav
0.020257407799363136,0.14375898493655853,2240.714149094423,5277.0,425.0,10458.226647078895,589.0715428435635,567.967058294273,474.98397082223573,-402.4138488769531,69.22846984863281,23.70022201538086,28.678340911865234,3.506526470184326,-3.9197044372558594,-10.87576675415039,-10.739282608032227,-2.9209506511688232,-0.3636566996574402,-7.783725261688232,-3.546595811843872,-0.9342041015625,hest,hest_J_1.5m_nygaard_001_s06.wav
0.01616554893553257,0.16144759047440466,2485.425746233023,5804.0,357.0,8022.387818391186,685.0768939332521,467.21146133402806,504.32886303222494,-416.7635498046875,65.29298400878906,26.727210998535156,20.969947814941406,7.093630313873291,0.8752057552337646,-8.253669738769531,-10.191295623779297,-5.6263275146484375,2.364668369293213,-5.27592134475708,-2.7829113006591797,-1.4284588098526,hest,hest_J_1.5m_nygaard_001_s07.wav
0.017814377322793007,0.1540096256016001,2379.920396653318,5654.0,384.0,8553.630818197367,2016.4656187012363,1036.9927072080704,572.9195852509184,-390.6446228027344,74.44005584716797,15.9185791015625,15.4343900680542,-3.9449338912963867,-7.533797264099121,-7.786524772644043,-10.865274429321289,-1.803091049194336,8.211104393005371,-6.636752128601074,-1.8574401140213013,-0.8479253649711609,hest,hest_J_1.5m_nygaard_001_s08.wav
0.016363751143217087,0.1283830239389962,2204.6712109041314,5339.0,421.0,7323.814068271238,941.4568388266634,824.8295764421105,294.53919279218434,-399.46038818359375,76.92739868164062,28.073184967041016,25.789976119995117,4.104158878326416,-5.8146748542785645,-11.561622619628906,-12.309810638427734,-6.882658958435059,4.0596208572387695,-3.72714900970459,-2.551781415939331,1.5654418468475342,hest,hest_J_1.5m_nygaard_001_s09.wav
0.014528948813676834,0.14288393024564036,2347.608895287156,5659.0,254.0,7658.32607545218,448.5998526975985,396.99707342552233,364.87907127417776,-382.8003234863281,71.57042694091797,13.223779678344727,24.321651458740234,3.566068649291992,-5.84869909286499,-7.335297107696533,-9.860383987426758,-3.822819471359253,4.3246870040893555,-10.381086349487305,-2.418929100036621,-2.6056065559387207,hest,hest_J_1.5m_nygaard_001_s10.wav
0.04818185418844223,0.22020126257891118,2079.7546594385876,5292.0,420.0,106826.96708491264,2527.5951779678503,2151.0316435817886,1060.61130785674,-433.8959045410156,45.89021301269531,24.85456085205078,23.09688949584961,11.089317321777344,4.615095138549805,-6.424766540527344,-6.391356468200684,-4.047492027282715,1.1473581790924072,-5.747159957885742,0.5826439261436462,2.3833792209625244,hest,hest_J_1.5m_stille_001_s01.wav
0.026131926104426384,0.22538908681792613,2630.275411221141,5617.0,421.0,28366.53333530496,574.3977308075123,650.1048807972315,1587.5991002881547,-449.589599609375,40.58367156982422,24.118162155151367,25.719505310058594,12.051290512084961,9.340023040771484,-4.400755405426025,-6.083721160888672,-2.629193067550659,1.7079908847808838,-5.102326393127441,-0.7202689051628113,1.5354924201965332,hest,hest_J_1.5m_stille_001_s02.wav
0.01668158546090126,0.22895180948809302,2495.057243503095,5678.0,421.0,9293.066093523843,603.4161977883626,448.3159154142086,397.3120640894761,-456.68658447265625,43.41542053222656,24.658546447753906,23.75997543334961,12.466273307800293,4.45530891418457,-5.592825889587402,-3.563201904296875,-3.869133234024048,3.147907257080078,-4.308257102966309,0.05405855178833008,3.179300308227539,hest,hest_J_1.5m_stille_001_s03.wav
0.016750039532780647,0.23820238764922808,2819.7145416080334,5905.0,388.0,11911.241620863326,449.18577171386437,741.8256228094917,951.2469363597548,-450.44281005859375,41.913238525390625,24.848634719848633,22.51378631591797,11.643802642822266,5.519874095916748,-6.319613456726074,-5.1992878913879395,-2.7619194984436035,3.2281720638275146,-5.9708662033081055,-1.3711442947387695,1.3462847471237183,hest,hest_J_1.5m_stille_001_s04.wav
0.011166290380060673,0.2723295205950372,3153.803894529186,6060.0,357.0,4144.841090856442,93.94437596933989,196.9950138574797,735.7492196674463,-456.034423828125,37.9278678894043,24.38451385498047,20.46869659423828,11.705867767333984,7.054123878479004,-5.679531097412109,-4.630713939666748,-1.9460781812667847,3.2112643718719482,-5.847753524780273,-0.8497828245162964,1.7403302192687988,hest,hest_J_1.5m_stille_001_s05.wav
0.018930509686470032,0.24607787986749172,2345.7917574384305,5421.0,425.0,9757.222707794577,178.65039175654718,487.9400808503647,450.91760473353384,-458.746826171875,41.39488220214844,22.855396270751953,22.248464584350586,11.058831214904785,5.5570197105407715,-6.972445011138916,-5.309867858886719,-3.6094603538513184,3.446600914001465,-3.977102041244507,-3.2185120582580566,0.9333745241165161,hest,hest_J_1.5m_stille_001_s06.wav
0.015765683725476265,0.2512032002000125,2631.939603518502,5888.0,245.0,7497.119240109451,264.4331335361623,429.8797909181481,493.7238943854843,-451.4164733886719,42.22990798950195,23.526973724365234,20.637182235717773,11.762837409973145,6.605027675628662,-4.7864813804626465,-4.839442253112793,-0.014100790023803711,5.711836814880371,-2.641606569290161,0.7092952132225037,-0.3052396774291992,hest,hest_J_1.5m_stille_001_s07.wav
0.016849912703037262,0.24189011813238329,2563.927396613683,5784.0,384.0,8279.90378676357,1000.6381580925014,1015.0440738759994,550.0185178231038,-450.021240234375,41.940284729003906,20.894819259643555,20.668468475341797,13.498170852661133,4.9524946212768555,-5.570832252502441,-6.369455814361572,-2.7367782592773438,6.72358512878418,-3.6269330978393555,-0.16750340163707733,2.1293983459472656,hest,hest_J_1.5m_stille_001_s08.wav
0.015122124925255775,0.23582723920245016,2320.176614721494,5462.0,422.0,6126.667784759717,628.2104270224894,797.8505477109069,278.958197987304,-456.9256591796875,44.001583099365234,23.387733459472656,21.946374893188477,13.84463882446289,4.423045635223389,-7.265754699707031,-4.000735282897949,-3.6751599311828613,3.77736234664917,-4.505234718322754,-0.6328732967376709,3.790771961212158,hest,hest_J_1.5m_stille_001_s09.wav
0.012795336544513702,0.25507844240265015,2648.5454716912996,5865.0,456.0,5073.849451498713,185.36942019558103,280.81328980440145,325.5422434243425,-458.73126220703125,40.411842346191406,21.14714241027832,17.66771697998047,13.060141563415527,6.921445846557617,-4.993727207183838,-3.922957420349121,-2.0266053676605225,5.0289998054504395,-4.200351715087891,-0.612208902835846,1.413454294204712,hest,hest_J_1.5m_stille_001_s10.wav
0.04834895208477974,0.17219826239139946,2067.7813299202935,5283.0,420.0,107119.83424766126,2604.4807018082834,2176.8265244401273,1074.3568465970757,-406.54150390625,61.31888198852539,25.871929168701172,25.809589385986328,8.427464485168457,-1.1815400123596191,-7.859618186950684,-7.361503601074219,-3.9698843955993652,1.0265158414840698,-5.741997718811035,2.284341335296631,3.277710199356079,hest,hest_J_1.5m_tmlKlasse_001_s01.wav
0.026530424132943153,0.18569910619413713,2573.5680319188637,5595.0,421.0,28613.874703991758,673.1576529364711,667.8406645191508,1595.6046018554036,-411.956298828125,61.19182205200195,21.428539276123047,23.341827392578125,2.595663070678711,2.2513744831085205,-7.729026794433594,-13.273272514343262,-4.865758895874023,4.096158981323242,-2.546557903289795,0.28532642126083374,0.4099038243293762,hest,hest_J_1.5m_tmlKlasse_001_s02.wav
0.020671267062425613,0.11694480905056566,2010.2967892290471,5049.0,421.0,17577.11676222272,1816.4549934269642,573.1282845611206,447.9774411146639,-387.2269287109375,78.1977767944336,17.788753509521484,20.135295867919922,4.430495262145996,-5.876641273498535,-15.092610359191895,-14.930978775024414,-11.5137300491333,-2.4121077060699463,-9.013564109802246,-0.22147870063781738,1.786649227142334,hest,hest_J_1.5m_tmlKlasse_001_s03.wav
0.017682552337646484,0.14738421151321957,2677.0574305470477,5862.0,388.0,13121.805269701772,596.2228963204032,765.6947724232054,958.6063832935592,-405.2317199707031,64.86872863769531,26.056961059570312,31.646183013916016,13.344794273376465,-3.1979942321777344,-19.319900512695312,-16.30971908569336,-6.617729187011719,0.003952622413635254,-8.094532012939453,-2.4776041507720947,2.5790748596191406,hest,hest_J_1.5m_tmlKlasse_001_s04.wav
0.011417463421821594,0.21757609850615664,3099.471304450783,6045.0,358.0,4337.561763243854,97.29129543526739,200.69823859429246,737.9663399704439,-440.517578125,49.01592254638672,29.199634552001953,23.205001831054688,12.345174789428711,3.9004180431365967,-6.867953777313232,-4.170372009277344,-2.1282920837402344,3.0702176094055176,-5.018138885498047,-0.6983621716499329,2.751811981201172,hest,hest_J_1.5m_tmlKlasse_001_s05.wav
0.01966596394777298,0.1599474967185449,2196.4209093999852,5233.0,425.0,11630.19405463072,299.60144321203643,540.7742561338512,461.5667589069594,-413.3536682128906,67.57957458496094,17.16220474243164,20.523000717163086,7.852121829986572,-3.3229761123657227,-12.03209400177002,-10.44432544708252,-5.5903401374816895,5.271658420562744,-2.895198345184326,-4.8307647705078125,-1.2626655101776123,hest,hest_J_1.5m_tmlKlasse_001_s06.wav
0.01687605306506157,0.18244890305644101,2540.0649276123945,5839.0,245.0,7678.9131838216135,473.9465878501239,441.4810492589537,500.6103792121495,-413.19854736328125,66.10441589355469,23.705284118652344,20.697195053100586,4.54323673248291,-2.728807210922241,-11.816385269165039,-13.328413009643555,-4.728027820587158,1.9419809579849243,-4.890819072723389,2.848464012145996,1.5320086479187012,hest,hest_J_1.5m_tmlKlasse_001_s07.wav
0.017102785408496857,0.20507531720732547,2539.022045914669,5771.0,384.0,8537.496857399248,1009.6285221990541,1021.3021143985688,554.27634218291,-428.27288818359375,54.93364334106445,22.310565948486328,23.65988540649414,13.13664436340332,-0.4858359098434448,-10.739524841308594,-10.071284294128418,-6.36677360534668,2.8033652305603027,-5.838027000427246,-1.4454526901245117,1.608242392539978,hest,hest_J_1.5m_tmlKlasse_001_s08.wav
0.015344112180173397,0.16719794987186698,2264.89891871406,5429.0,384.0,6463.98393154217,641.1649290958459,800.5434435467647,282.85835284203114,-436.25018310546875,58.886295318603516,29.208993911743164,24.864826202392578,13.350177764892578,3.217360496520996,-8.156100273132324,-6.793975830078125,-6.1074676513671875,2.435518264770508,-5.420480251312256,-0.6694071292877197,3.608186721801758,hest,hest_J_1.5m_tmlKlasse_001_s09.wav
0.018575076013803482,0.1184449028064254,1988.3902637987414,5191.0,427.0,10460.714603386212,3918.706468099342,535.5807460849904,355.51292155634735,-367.0091552734375,93.92950439453125,14.333431243896484,13.506525039672852,-0.9038476943969727,-9.11192512512207,-18.56755828857422,-13.93991470336914,-6.909228801727295,1.8072078227996826,0.5973959565162659,2.962959051132202,1.435126543045044,hest,hest_J_1.5m_tmlKlasse_001_s10.wav
0.0230492502450943,0.2018876179761235,2502.0439068088735,5503.0,231.0,5608.534376020487,17572.133510910022,4869.564050792844,1367.175290712772,-373.19451904296875,65.96057891845703,6.234830856323242,6.446849346160889,-4.923210620880127,-1.7604360580444336,-10.55131721496582,-5.493291854858398,3.5309574604034424,-1.2423546314239502,-8.988965034484863,-5.244686603546143,-2.040280818939209,laks,laks_A_0.75m_nygaard_001_s01.wav
0.030332937836647034,0.2160760047502969,2097.2924628956016,4822.0,707.0,11535.581454983203,39814.45801114811,8301.10730067688,1436.3859848128945,-370.2337646484375,68.25408935546875,7.6987714767456055,5.78513765335083,-1.7691338062286377,-3.3709025382995605,-10.14723014831543,-0.012683629989624023,4.258034706115723,-1.2728900909423828,-9.168645858764648,-1.1725306510925293,-2.223574638366699,laks,laks_A_0.75m_nygaard_001_s02.wav
0.021977463737130165,0.16757297331083193,1714.810105899208,3334.0,229.0,8527.819917772578,14399.587580327305,1609.4832167344543,256.98702839621325,-414.3260803222656,72.02169036865234,16.54212188720703,10.57029914855957,0.16311299800872803,0.5468553304672241,-9.811222076416016,-5.473114967346191,1.0417814254760742,1.2987291812896729,-7.633106231689453,-2.8915765285491943,-0.45122480392456055,laks,laks_A_0.75m_nygaard_001_s03.wav
0.0243422519415617,0.18813675854740922,1881.372045370924,3912.0,707.0,6849.087609761039,25411.280085398528,4051.2045622215787,484.05221171048333,-399.7244873046875,66.2938461303711,11.826787948608398,9.867151260375977,-0.8716119527816772,0.9658249020576477,-9.067880630493164,-2.8653407096862793,1.7761070728302002,0.9409773349761963,-4.386706352233887,-1.2451529502868652,2.368657350540161,laks,laks_A_0.75m_nygaard_001_s04.wav
0.015137476846575737,0.2004500281267579,2431.353408602719,5329.0,707.0,2858.362303216747,7232.039156030305,1080.786868035376,518.7884273174683,-413.22308349609375,63.66925048828125,14.429234504699707,11.384429931640625,3.8044791221618652,4.168684482574463,-5.668239593505859,-1.2788058519363403,3.4773952960968018,0.30410638451576233,-7.671787261962891,-5.6011128425598145,-3.7095091342926025,laks,laks_A_0.75m_nygaard_001_s05.wav
0.01807541958987713,0.15419713732108256,2061.2815945833117,4490.0,222.0,6521.41872619067,9667.825176409297,2094.718918881346,506.1514534304212,-397.47076416015625,68.00928497314453,12.159063339233398,20.510313034057617,3.444138765335083,1.256962776184082,-6.280116081237793,-2.3767127990722656,2.978987216949463,-0.26786836981773376,-10.075342178344727,-1.1071515083312988,-1.295841097831726,laks,laks_A_0.75m_nygaard_001_s06.wav
0.017710767686367035,0.18994937183573973,1993.6012205078785,4634.0,224.0,5939.696918321557,12457.880462124107,1728.582213270452,516.3895023139177,-385.82012939453125,71.73040771484375,8.165014266967773,7.694602966308594,-1.3743747472763062,0.9745151996612549,-9.135854721069336,-7.102312088012695,4.786457061767578,2.6331658363342285,-5.526915550231934,-4.082647323608398,-0.7623396515846252,laks,laks_A_0.75m_nygaard_001_s07.wav
0.022656848654150963,0.12875804737796112,1882.0482035664277,4274.0,639.0,7804.99757755276,17184.38335503333,1105.9882827080562,575.3528412015461,-344.77215576171875,94.66122436523438,-1.4576454162597656,6.696337699890137,-11.917457580566406,-5.984236717224121,-9.931321144104004,-13.727090835571289,-4.135980129241943,-0.7309739589691162,-4.347560882568359,-5.005009174346924,-3.898037910461426,laks,laks_A_0.75m_nygaard_001_s08.wav
0.014777449890971184,0.17988624289018063,2128.8866497290023,5064.0,229.0,3231.304404447611,5809.606666552749,804.9435289341864,329.05648930683697,-389.3648681640625,73.47418975830078,10.573994636535645,8.490330696105957,-1.0163871049880981,-0.3235217332839966,-9.862571716308594,-7.838625907897949,3.8390445709228516,2.8664135932922363,-11.940902709960938,-6.8799896240234375,-4.067646026611328,laks,laks_A_0.75m_nygaard_001_s09.wav
0.01810227707028389,0.20951309456841052,2373.197301244709,5387.0,226.0,5730.045646577622,10438.164794142916,1302.1933320725445,866.9691539310695,-409.90032958984375,60.82794189453125,14.55486011505127,10.7433500289917,-1.4734010696411133,1.3699791431427002,-9.004152297973633,-7.031243324279785,1.956945776939392,-2.0293073654174805,-8.335691452026367,-0.26366686820983887,0.35459762811660767,laks,laks_A_0.75m_nygaard_001_s10.wav
0.022601233795285225,0.289893118319895,2554.476432397719,5552.0,933.0,5267.896740449298,16902.08627225298,4816.551270515765,1340.0364907153416,-415.44683837890625,42.746116638183594,5.808751583099365,5.479969024658203,2.1779818534851074,6.035112380981445,-8.538342475891113,-1.556767225265503,6.49604606628418,0.837875247001648,-6.8666605949401855,-1.1280280351638794,2.36159610748291,laks,laks_A_0.75m_stille_001_s01.wav
0.030189620330929756,0.28551784486530407,2110.9058516903983,4839.0,707.0,11307.500452691598,39793.615473233964,8210.339139630614,1430.0267295959163,-404.2351379394531,47.37805938720703,5.50669002532959,3.3395602703094482,-0.3327527642250061,3.737226724624634,-8.733243942260742,-0.8928449153900146,3.1907153129577637,-0.9621115922927856,-8.065629959106445,1.878451943397522,0.7697458267211914,laks,laks_A_0.75m_stille_001_s02.wav
0.02165864035487175,0.24957809863116445,1739.495426984288,3377.0,229.0,8081.691065273476,14363.610757004311,1605.2940299875027,252.7838797705572,-439.76568603515625,51.2535514831543,7.225315570831299,6.3413238525390625,1.6693419218063354,5.134260177612305,-5.698326110839844,-2.6564619541168213,2.3046352863311768,3.2557663917541504,-5.84816837310791,-1.4757654666900635,0.7867573499679565,laks,laks_A_0.75m_stille_001_s03.wav
0.02392902784049511,0.2506406650415651,1910.0098489983257,3978.0,707.0,6514.364282240815,24587.72318088531,3996.1681018072204,478.1568577261356,-425.0135498046875,47.621437072753906,5.2644171714782715,7.104238033294678,1.2083569765090942,4.413437843322754,-7.731317520141602,0.4740833640098572,3.424222469329834,-0.5950864553451538,-5.673637390136719,-0.056565821170806885,2.7981772422790527,laks,laks_A_0.75m_stille_001_s04.wav
0.014558129012584686,0.27432964560285017,2528.1645567370388,5423.0,707.0,2361.9811454871506,7101.770899266492,1068.2091426757156,508.83015604237966,-440.80450439453125,45.646690368652344,9.261372566223145,6.321155548095703,2.783700704574585,5.365239143371582,-6.015487194061279,0.42151594161987305,5.687764644622803,2.013859748840332,-4.77345085144043,-1.2567813396453857,2.132969379425049,laks,laks_A_0.75m_stille_001_s05.wav
0.017245016992092133,0.27045440340021254,2178.9182084011773,4834.0,223.0,4762.2523064423085,9590.63923663489,1950.4460831486103,478.0208197326084,-435.3948669433594,46.38104248046875,9.380552291870117,8.852657318115234,0.8733583688735962,5.966980457305908,-6.969439506530762,-0.6741037368774414,5.311017036437988,1.335187315940857,-7.044134140014648,1.4412339925765991,1.9662837982177734,laks,laks_A_0.75m_stille_001_s06.wav
0.017297131940722466,0.2532033252078255,2008.0562121779317,4719.0,224.0,5555.36532287296,12207.183122705477,1659.5039677660027,502.77878710056007,-425.5775146484375,49.86571502685547,7.788951873779297,9.151890754699707,3.9791088104248047,7.114468574523926,-6.808042049407959,-4.205085754394531,5.186622619628906,0.9078155159950256,-4.734281063079834,0.045783817768096924,1.9958889484405518,laks,laks_A_0.75m_stille_001_s07.wav
0.015021764673292637,0.24970310644415275,2296.5166938588004,5088.0,759.0,3414.5829349664255,7157.368447716918,826.1776058761087,524.632400895271,-439.3431396484375,47.12477493286133,12.057904243469238,10.343242645263672,1.9451549053192139,7.93010950088501,-7.603044509887695,-3.431035041809082,5.626284599304199,0.9181119203567505,-5.036592483520508,-2.2205090522766113,0.6632232666015625,laks,laks_A_0.75m_stille_001_s08.wav
0.01395889651030302,0.26945434089630604,2201.271966021161,5146.0,229.0,2581.4646715264507,5763.714946024583,799.1136061473733,312.86161331341464,-437.7127685546875,46.15760803222656,7.356761932373047,5.126063346862793,3.0303986072540283,4.862337589263916,-7.156505584716797,-1.3004393577575684,5.630749702453613,2.3616247177124023,-6.253218650817871,-0.5813232660293579,0.5673690438270569,laks,laks_A_0.75m_stille_001_s09.wav
0.017856916412711143,0.2755172198262391,2382.1664404684425,5403.0,227.0,5520.071053357606,10410.574585529019,1299.4742443742168,864.7406211624484,-433.3017578125,45.65083694458008,9.69845199584961,6.677812099456787,-0.29853177070617676,6.3841118812561035,-6.181983947753906,-4.1111626625061035,4.2215776443481445,0.6816595792770386,-6.540915012359619,-0.8228173851966858,0.3037604093551636,laks,laks_A_0.75m_stille_001_s10.wav
0.025061827152967453,0.2237014813425839,2483.359995735685,5465.0,932.0,6187.384689390068,17324.580038829346,5182.371575836557,1407.65182364071,-339.1578369140625,67.66801452636719,-8.143723487854004,9.111698150634766,-0.8652668595314026,-5.507784843444824,-7.456365585327148,-9.136529922485352,2.6341488361358643,-1.0883629322052002,-10.32806396484375,-1.528017520904541,3.59512996673584,laks,laks_A_0.75m_tmlKlasse_001_s01.wav
0.030270488932728767,0.23876492280767547,2101.371836274135,4827.0,707.0,11459.11285508685,39885.870124659654,8228.880023928103,1434.3951666110715,-388.8356018066406,58.47755432128906,12.64484691619873,8.21324348449707,1.320151686668396,3.873462677001953,-9.87660026550293,-3.07189679145813,3.2066540718078613,-1.2119755744934082,-6.4388813972473145,2.788295269012451,0.549491822719574,laks,laks_A_0.75m_tmlKlasse_001_s02.wav
0.021823106333613396,0.19194949684355272,1722.6989768112567,3337.0,229.0,8381.985535919845,14387.248105836405,1616.5884976535249,256.59920001958744,-415.2374572753906,65.9435806274414,8.632255554199219,11.005715370178223,3.057586669921875,0.6387276649475098,-11.006970405578613,-7.084130764007568,1.781383991241455,3.278951644897461,-6.882970809936523,-1.4348969459533691,3.62284517288208,laks,laks_A_0.75m_tmlKlasse_001_s03.wav
0.025802357122302055,0.12375773485842866,1824.0214825594821,3787.0,707.0,10045.85481709066,25322.286436027433,4067.7600360263646,577.6478526034491,-357.8171691894531,87.91313934326172,10.894433975219727,15.020156860351562,-3.102942943572998,-0.8893921375274658,-15.87192153930664,-19.096492767333984,-6.012790679931641,-6.765726089477539,-8.516382217407227,-1.9949615001678467,-2.5658130645751953,laks,laks_A_0.75m_tmlKlasse_001_s04.wav
0.023955699056386948,0.1088193012063254,1994.5931767689517,4805.0,347.0,13759.803718837935,8655.811635543347,1212.465678374828,533.2242960318697,-366.3876953125,89.38360595703125,9.807459831237793,14.744327545166016,-0.3309462070465088,-6.498868942260742,-14.382614135742188,-16.04672622680664,-11.644322395324707,-4.78231954574585,-10.717573165893555,-5.101513385772705,-0.1821153163909912,laks,laks_A_0.75m_tmlKlasse_001_s05.wav
0.01817307621240616,0.14275892243265204,2077.9153496068066,4618.0,222.0,5370.709611554433,9956.273698102505,1987.070482370486,488.0245115143001,-384.3864440917969,81.13375854492188,13.322338104248047,14.864660263061523,-1.7715784311294556,-2.509763717651367,-10.805669784545898,-6.984137058258057,0.7877633571624756,0.8250862956047058,-7.811256408691406,1.0229198932647705,1.3815464973449707,laks,laks_A_0.75m_tmlKlasse_001_s06.wav
0.020449839532375336,0.13069566847927996,1882.414396594906,4217.0,337.0,9992.616218639847,13475.391608908358,1921.4305680702037,580.4290991305272,-354.324951171875,87.16229248046875,3.316634178161621,15.075557708740234,2.342569351196289,2.127995729446411,-8.357170104980469,-14.70073127746582,0.9950159788131714,-0.3022490441799164,-7.29106330871582,-1.2161720991134644,-3.671633243560791,laks,laks_A_0.75m_tmlKlasse_001_s07.wav
0.016031784936785698,0.1668854303393962,2232.915656102691,5032.0,759.0,4728.027329360315,7255.8877937965335,855.361773678343,550.5376509780381,-395.18817138671875,67.36026763916016,16.308223724365234,20.170894622802734,0.23276668787002563,3.2081382274627686,-10.441638946533203,-11.192670822143555,0.7293671369552612,-3.715851068496704,-10.070241928100586,-4.364327430725098,-2.301802635192871,laks,laks_A_0.75m_tmlKlasse_001_s08.wav
0.014753053896129131,0.21457591099443715,2115.6506966235265,5018.0,229.0,3516.9025524078356,6193.763552524527,804.5475837320183,365.8559907967722,-412.8895263671875,55.48427200317383,11.789549827575684,10.891079902648926,0.6590489149093628,7.051446437835693,-4.779908657073975,-4.817395210266113,5.498527526855469,-2.1384496688842773,-8.514106750488281,-0.17482125759124756,-1.7873905897140503,laks,laks_A_0.75m_tmlKlasse_001_s09.wav
0.019191626459360123,0.17351084442777673,2278.056444201914,5250.0,228.0,6474.486580912012,11076.626054855438,1310.1810039839459,877.5074648498031,-385.94329833984375,70.17198181152344,8.674664497375488,19.683961868286133,5.783895969390869,-1.4109100103378296,-11.410688400268555,-9.946131706237793,-0.8563268780708313,1.3623936176300049,-10.438468933105469,-3.574687957763672,3.6945738792419434,laks,laks_A_0.75m_tmlKlasse_001_s10.wav
0.016799109056591988,0.2034502156384774,2685.7813762850024,5631.0,135.0,9842.56521177423,4320.9824870693765,1528.9054723842767,1715.7111242175442,-391.64349365234375,66.4499282836914,19.95095443725586,13.773523330688477,8.068648338317871,5.00092077255249,-13.234085083007812,-7.566107749938965,-3.852492332458496,-1.0336637496948242,-6.5101776123046875,-4.935628890991211,1.7706010341644287,laks,laks_A_1.5m_nygaard_001_s01.wav
0.01438275445252657,0.19744984061503845,2267.8566923775165,4985.0,246.0,7271.3403657086965,3988.9869196582126,1352.2865696305755,634.3131673236102,-394.82086181640625,72.9764404296875,9.207255363464355,5.564420700073242,5.931314468383789,4.093055725097656,-14.186261177062988,-7.077114105224609,-0.27616095542907715,0.23789215087890625,-3.959423065185547,-6.216219425201416,-0.8987942934036255,laks,laks_A_1.5m_nygaard_001_s02.wav
0.014750215224921703,0.1619476217263579,2363.3945548526826,5063.0,245.0,7147.241694999217,3583.5583348025884,1127.7562102014617,562.9467399475529,-397.16314697265625,74.79962158203125,14.872115135192871,13.212615966796875,11.036600112915039,5.396580219268799,-12.353328704833984,-6.517671585083008,-1.4666504859924316,-0.011854350566864014,-6.500045299530029,-9.730791091918945,-1.0085902214050293,laks,laks_A_1.5m_nygaard_001_s03.wav
0.015404854901134968,0.15350959434964687,2348.4317343377024,4980.0,231.0,8539.000977343696,3921.675691418734,2199.888858289506,874.6005145201084,-377.095947265625,75.10746002197266,13.522632598876953,18.207008361816406,6.65716552734375,-2.1430585384368896,-12.871560096740723,-12.731729507446289,-5.319606781005859,-2.2135939598083496,-5.990134239196777,-9.300127029418945,-0.05742025375366211,laks,laks_A_1.5m_nygaard_001_s04.wav
0.014371657744050026,0.16082255140946308,2146.619387766633,4994.0,469.0,7554.546595721475,2278.2801053448893,1498.9749165055202,386.2234546771692,-402.63934326171875,75.76983642578125,15.0181303024292,10.763984680175781,2.4873080253601074,-0.24472731351852417,-13.047178268432617,-8.728883743286133,-2.7604923248291016,0.5402636528015137,-2.750825881958008,-6.411099910736084,1.7753227949142456,laks,laks_A_1.5m_nygaard_001_s05.wav
0.012452256865799427,0.17594849678104882,2330.3692601927123,5053.0,230.0,3422.229494096302,2128.3557430019796,1014.6276989425579,401.6302934782627,-403.8759765625,71.92138671875,12.571721076965332,8.068862915039062,0.8208839297294617,0.9437052607536316,-12.169480323791504,-6.110548973083496,-2.019300937652588,-1.810549020767212,-2.7947030067443848,-7.526918888092041,1.280841588973999,laks,laks_A_1.5m_nygaard_001_s06.wav
0.013931984081864357,0.16719794987186698,2114.519315819068,5046.0,230.0,7433.749198237888,3487.999001488897,1756.8710364781764,503.71995199431615,-390.997314453125,76.3980712890625,12.475595474243164,12.791963577270508,7.763185501098633,-0.17009568214416504,-12.34044361114502,-3.924201011657715,-2.495628833770752,-1.2969378232955933,-12.258926391601562,-6.8397111892700195,0.3963443636894226,laks,laks_A_1.5m_nygaard_001_s07.wav
0.011010932736098766,0.19838739921245077,2041.0817061979487,4928.0,228.0,4747.81848136958,2390.927125877452,881.5276173045655,230.3390339813591,-424.899169921875,66.54690551757812,14.877227783203125,11.128097534179688,9.868135452270508,3.3366212844848633,-9.550752639770508,-2.1745753288269043,-2.1021218299865723,0.916674017906189,-6.180130958557129,-4.666175842285156,0.6519685983657837,laks,laks_A_1.5m_nygaard_001_s08.wav
0.012150371447205544,0.16419776236014752,2050.6231106316177,4668.0,228.0,2931.7043837830306,3223.8271092600744,1338.2011466674567,329.43372869348974,-378.0670166015625,79.52435302734375,-3.312655448913574,8.478693962097168,-0.9340472221374512,-0.7479008436203003,-8.670345306396484,-5.508745193481445,-1.1608703136444092,0.621096134185791,-5.3115644454956055,-8.494355201721191,1.4097201824188232,laks,laks_A_1.5m_nygaard_001_s09.wav
0.011743505485355854,0.1710106881680105,2367.2876289010946,5060.0,216.0,2670.002232159871,2355.1133592657725,816.0057454930441,428.0532346060275,-409.11767578125,69.44429016113281,15.276328086853027,22.151630401611328,8.779142379760742,-1.7312284708023071,-12.788315773010254,-9.899099349975586,-2.9068212509155273,-1.0584748983383179,-7.9486846923828125,-5.1875410079956055,0.487976610660553,laks,laks_A_1.5m_nygaard_001_s10.wav
0.01614261604845524,0.26626664166510405,2755.0247715066416,5717.0,136.0,8977.270304879923,4213.220870311816,1514.3093306963538,1705.6329549048094,-424.2576904296875,46.039794921875,13.175310134887695,9.014398574829102,12.417032241821289,10.88759994506836,-10.863271713256836,-1.62887704372406,-0.6434262990951538,-0.5410289764404297,-5.108170032501221,-3.9614992141723633,2.5860795974731445,laks,laks_A_1.5m_stille_001_s01.wav
0.013349263928830624,0.26270391899493717,2332.507716973996,5018.0,246.0,6149.552436646174,3744.261954935198,1315.492160279844,629.2072146271196,-433.6903076171875,50.553199768066406,12.558128356933594,8.314393043518066,12.849285125732422,11.692304611206055,-10.091347694396973,-3.72133731842041,1.4846835136413574,0.8925338983535767,-5.460528373718262,-4.021764755249023,3.0919485092163086,laks,laks_A_1.5m_stille_001_s02.wav
0.014002347365021706,0.2612663291455716,2464.177790333036,5118.0,245.0,6429.812968903967,3428.5688718582433,1124.0816958584057,557.2900640647564,-437.59014892578125,48.385284423828125,10.398467063903809,9.507189750671387,14.167417526245117,11.112346649169922,-9.26716136932373,-1.714354395866394,1.0627566576004028,2.9524130821228027,-2.6662397384643555,-6.214033126831055,1.9186946153640747,laks,laks_A_1.5m_stille_001_s03.wav
0.01282294001430273,0.26257891118194887,2592.658611459891,5227.0,231.0,5676.3778700370685,2541.286187975448,1649.2853107708563,809.4976362316536,-435.9837341308594,48.08865737915039,13.569192886352539,8.715728759765625,13.47231674194336,8.753673553466797,-9.673203468322754,-2.088766098022461,1.6424003839492798,0.9157060384750366,-2.9069199562072754,-5.4180684089660645,3.1122543811798096,laks,laks_A_1.5m_stille_001_s04.wav
0.0131535017862916,0.24645290330645667,2252.301714203045,5049.0,468.0,6652.148662102067,2063.5104383497564,1465.998328519135,371.6488241439951,-445.5934753417969,53.12745666503906,14.033169746398926,9.83173942565918,12.660640716552734,8.687085151672363,-7.325930118560791,-3.826737880706787,-0.9538726806640625,2.2982242107391357,-4.5151143074035645,-3.2892346382141113,2.56762957572937,laks,laks_A_1.5m_stille_001_s05.wav
0.01098722591996193,0.26501656353522096,2469.7739279523244,5142.0,231.0,2389.01021286605,1923.4709111538443,988.7226745945559,388.47282871446464,-448.37841796875,48.37016296386719,11.7374267578125,6.803936004638672,11.229145050048828,10.041887283325195,-7.1602396965026855,-0.8388046622276306,1.7578134536743164,1.0630505084991455,-5.32230806350708,-5.416308403015137,2.276960611343384,laks,laks_A_1.5m_stille_001_s06.wav
0.013094344176352024,0.2513282080130008,2167.9034549661055,5092.0,230.0,6519.758394412811,3290.45903991234,1758.3993190935894,483.2737860357487,-430.7140197753906,55.221309661865234,9.110774040222168,9.629197120666504,11.515705108642578,5.260928153991699,-10.79824447631836,0.5592986345291138,-1.3285053968429565,0.007947951555252075,-9.829324722290039,-3.7444610595703125,3.714376449584961,laks,laks_A_1.5m_stille_001_s07.wav
0.010757551528513432,0.25226576661041317,2056.222463575324,4941.0,229.0,4618.263370045726,2386.1726300200694,877.6806716514918,228.0995431979986,-447.77130126953125,53.57347869873047,14.380691528320312,8.968420028686523,11.371866226196289,6.464179992675781,-8.912013053894043,-1.8007702827453613,-1.7731995582580566,1.7250643968582153,-5.7792229652404785,-3.89098858833313,2.4284472465515137,laks,laks_A_1.5m_stille_001_s08.wav
0.010215751826763153,0.2575785986624164,2115.1572415151613,4814.0,229.0,2339.656158606507,2336.6775913202664,1004.5859243659067,278.0775880148507,-448.04974365234375,52.966854095458984,9.340646743774414,7.591785430908203,8.633748054504395,8.228994369506836,-7.679362773895264,-3.115053176879883,1.767160177230835,2.044947385787964,-5.05396032333374,-4.31812858581543,1.5047798156738281,laks,laks_A_1.5m_stille_001_s09.wav
0.010058584623038769,0.2750171885742859,2542.135988915645,5178.0,217.0,1757.6329407893475,2251.6314130717956,780.3534012540341,420.641566178454,-451.7523498535156,47.049583435058594,12.605414390563965,9.432735443115234,11.442625045776367,7.539060592651367,-9.024660110473633,-1.4346389770507812,2.4167447090148926,1.5774095058441162,-4.946501731872559,-4.088940620422363,2.9528045654296875,laks,laks_A_1.5m_stille_001_s10.wav
0.01804904267191887,0.1598224889055566,2586.3742511605788,5445.0,136.0,10063.051127187406,6388.106161740203,1527.4613482479667,1722.147246242935,-371.7585754394531,80.30769348144531,18.284841537475586,7.659504413604736,1.6410517692565918,3.536926031112671,-14.543540000915527,-9.709639549255371,-2.558476209640503,-0.706710159778595,-4.411101341247559,-3.2074389457702637,-0.05587279796600342,laks,laks_A_1.5m_tmlKlasse_001_s01.wav
0.013617695309221745,0.20607537971123197,2297.3796081890587,5005.0,246.0,6387.458056882011,3779.7131148038393,1324.0203077234896,634.2151605136218,-409.49920654296875,66.99932861328125,16.181991577148438,8.544098854064941,9.36590576171875,8.158319473266602,-13.853382110595703,-8.249502182006836,-0.8192054629325867,0.7829462885856628,-5.03458309173584,-5.046678066253662,1.9742718935012817,laks,laks_A_1.5m_tmlKlasse_001_s02.wav
0.016714932397007942,0.1773860866304144,2252.3040005183784,4993.0,245.0,8072.27926001756,4060.8843916733076,1160.8726112964202,568.667617193985,-380.24212646484375,77.0894546508789,8.789549827575684,13.252042770385742,4.301609039306641,6.383796691894531,-11.146852493286133,-13.0352783203125,-2.235149621963501,1.1092519760131836,-3.47662091255188,-2.422513246536255,-0.1620921492576599,laks,laks_A_1.5m_tmlKlasse_001_s03.wav
0.014024849981069565,0.18201137571098194,2409.9401255717826,5088.0,231.0,6396.642899594217,3677.3399786676564,1701.008269671302,821.722796549415,-391.65728759765625,72.4744873046875,15.34168815612793,11.771215438842773,4.758152484893799,1.0383695363998413,-14.293527603149414,-10.239742279052734,-3.0475001335144043,-2.5362350940704346,-3.2736334800720215,-2.8203115463256836,2.6850218772888184,laks,laks_A_1.5m_tmlKlasse_001_s04.wav
0.01614834927022457,0.13482092630789425,2000.667287644053,4854.0,468.0,9050.94805266145,3091.1534185723604,1614.1749436163298,404.4859945500499,-380.163330078125,81.68358612060547,9.872172355651855,22.04875373840332,14.997748374938965,-1.4010560512542725,-11.799440383911133,-6.514978408813477,-4.532619476318359,-0.10506093502044678,-7.080337047576904,-2.049180269241333,6.38458251953125,laks,laks_A_1.5m_tmlKlasse_001_s05.wav
0.0194548349827528,0.12882055128445527,2085.490796384321,4877.0,398.0,11675.855016474126,2263.5963366785854,1048.9538565323471,442.4381280642122,-391.753662109375,74.79476928710938,8.555593490600586,15.405640602111816,0.6947815418243408,-4.668755531311035,-13.127275466918945,-13.155220031738281,-5.587035179138184,-5.080733299255371,-14.53878116607666,-9.069175720214844,0.6360011100769043,laks,laks_A_1.5m_tmlKlasse_001_s06.wav
0.01831020787358284,0.15282205137821114,1983.3359077922794,4906.0,230.0,10461.319155077592,4727.534635760399,2050.1956898660287,514.0078447266154,-368.39593505859375,86.36910247802734,3.3540334701538086,16.37443733215332,6.497725486755371,-7.58811092376709,-18.520204544067383,-12.087350845336914,-8.35873794555664,-1.6774901151657104,-11.685746192932129,-2.4717211723327637,4.929523468017578,laks,laks_A_1.5m_tmlKlasse_001_s07.wav
0.013281848281621933,0.15775985999124945,1972.464368579918,4857.0,229.0,5418.105181292501,2660.5016186473217,903.5160968193701,236.29384677129482,-391.25439453125,81.52790832519531,8.619144439697266,12.248937606811523,9.552420616149902,-3.06870698928833,-15.535146713256836,-7.6676201820373535,-7.46766471862793,1.1841484308242798,-5.567787170410156,-4.135241508483887,2.924666404724121,laks,laks_A_1.5m_tmlKlasse_001_s08.wav
0.012133610434830189,0.1922620163760235,2056.159477627022,4787.0,355.0,2910.9993297674114,2567.4009578223227,1011.8705616953637,282.30742167614846,-415.38214111328125,73.91641998291016,10.316420555114746,3.1330020427703857,2.462094306945801,5.686491966247559,-8.453388214111328,-4.005218029022217,-0.06620270013809204,-0.6561698913574219,-4.386116027832031,-4.311347961425781,-2.6367149353027344,laks,laks_A_1.5m_tmlKlasse_001_s09.wav
0.010500947944819927,0.2092630789424339,2434.6835517224445,5096.0,217.0,2168.044039425735,2353.8204164720323,786.8868635522715,431.2122158913223,-424.00543212890625,64.73648071289062,17.809722900390625,12.963190078735352,8.643819808959961,5.910056114196777,-7.388846397399902,-3.8461391925811768,-0.523129940032959,-0.8178198337554932,-6.707159042358398,-3.6933650970458984,2.9181880950927734,laks,laks_A_1.5m_tmlKlasse_001_s10.wav
0.050241705030202866,0.2298268641790112,1372.1991577434026,2067.0,313.0,92408.82663819076,179344.7632421993,5310.669941727426,1029.9770017493245,-368.1823425292969,69.99497985839844,14.638823509216309,9.577332496643066,-0.09963488578796387,7.451999664306641,-8.44623851776123,-13.106061935424805,-3.466724395751953,-1.0671532154083252,-5.625784397125244,-9.49872875213623,-8.096101760864258,laks,laks_C_0.75m_nygaard_001_s01.wav
0.03885623440146446,0.23670229389336833,1897.6053640960504,4790.0,633.0,28086.782967399715,111140.71093521596,3212.8862299541265,1841.0441201438953,-360.39892578125,69.9146499633789,9.992212295532227,9.090600967407227,0.5728706121444702,-4.127028942108154,-13.966687202453613,-8.982614517211914,-2.5304999351501465,2.3531386852264404,-6.303388595581055,-11.064371109008789,-6.232338905334473,laks,laks_C_0.75m_nygaard_001_s02.wav
0.034305740147829056,0.2508906806675417,2004.5788964985354,5151.0,302.0,42635.31647514315,68870.72679265037,2158.545323710673,1469.1184646483723,-370.7407531738281,67.01834106445312,23.387258529663086,5.127432823181152,1.8092455863952637,1.1911401748657227,-12.348089218139648,-9.02299976348877,-6.592536926269531,2.2096304893493652,-1.5255975723266602,-9.692737579345703,-4.278801918029785,laks,laks_C_0.75m_nygaard_001_s03.wav
0.04033263400197029,0.23045190324395276,1770.9589503286743,4259.0,294.0,74431.23369446702,71800.4421502995,2385.9168534771816,974.3210200998908,-351.9528503417969,70.04125213623047,11.605695724487305,9.901435852050781,-2.5915255546569824,-6.3935394287109375,-12.686654090881348,-11.78276252746582,-4.727380752563477,-0.18825006484985352,-6.42192268371582,-8.15748405456543,-4.973696231842041,laks,laks_C_0.75m_nygaard_001_s04.wav
0.03697039559483528,0.22463903993999626,1635.7915715885383,3313.0,285.0,55675.020123661,72749.66057662635,3629.1256648891417,788.2862185947923,-353.02032470703125,75.05758666992188,12.026348114013672,4.612597465515137,0.7121810913085938,-0.385550320148468,-7.823052406311035,-8.0155611038208,-4.882296562194824,3.455911874771118,-6.7173895835876465,-9.256976127624512,-4.703213691711426,laks,laks_C_0.75m_nygaard_001_s05.wav
0.03379762917757034,0.1979498718669917,1874.1032019277307,4710.0,285.0,38002.652880733796,58878.94156064313,2524.9975797918178,1057.9244334104328,-335.2411804199219,76.51039123535156,6.293998718261719,16.63471794128418,3.3088977336883545,-2.8536906242370605,-12.027706146240234,-13.30897331237793,-6.287022113800049,-2.833965301513672,-9.298949241638184,-9.946815490722656,-5.470276355743408,laks,laks_C_0.75m_nygaard_001_s06.wav
0.03593083471059799,0.21713857116069754,1788.81448415974,4536.0,290.0,44472.94910186494,71457.8377770223,2863.322537874007,976.1184156275665,-366.6368713378906,66.86012268066406,22.183792114257812,16.595813751220703,3.508078098297119,-1.0877403020858765,-10.79067611694336,-11.187053680419922,-4.812511444091797,3.324556827545166,-9.074721336364746,-9.301790237426758,-3.5674757957458496,laks,laks_C_0.75m_nygaard_001_s07.wav
0.026855317875742912,0.24020251265704107,2322.1585656460843,5770.0,368.0,21377.049581727064,31130.808557767068,1930.8200592992143,1690.363309546988,-368.608642578125,69.12092590332031,21.1772403717041,11.580089569091797,1.5969209671020508,-6.0270490646362305,-11.668975830078125,-6.7005791664123535,-8.229774475097656,2.805563449859619,-5.023189544677734,-8.33106803894043,-2.813697099685669,laks,laks_C_0.75m_nygaard_001_s08.wav
0.029865974560379982,0.23851490718169885,2434.048083139076,5983.0,299.0,27666.098694453747,40296.07731280312,902.1540957728919,2219.3438392708317,-352.19561767578125,73.2879638671875,20.993000030517578,5.200379848480225,-1.9617867469787598,-3.0439963340759277,-12.91087818145752,-13.549846649169922,-6.703238487243652,6.180230140686035,-1.8969447612762451,-3.5119996070861816,-3.7694923877716064,laks,laks_C_0.75m_nygaard_001_s09.wav
0.048611026257276535,0.20695043440215014,1330.165152015548,2142.0,303.0,102809.4302883739,113738.58237946921,4536.955895310386,452.0306480088197,-365.99420166015625,76.93522644042969,19.398311614990234,18.37792205810547,5.188788414001465,-0.14169663190841675,-5.209621429443359,-10.124335289001465,-6.767573356628418,1.8332340717315674,-8.462034225463867,-7.183687210083008,-1.8957045078277588,laks,laks_C_0.75m_nygaard_001_s10.wav
0.05020352452993393,0.27576723545221576,1371.8661509656451,2065.0,313.0,92467.26411354862,179429.9491488643,5317.639674697335,1023.6221486031508,-389.38836669921875,55.24220275878906,10.77219009399414,9.230754852294922,0.09481096267700195,6.67725944519043,-10.595682144165039,-13.64767074584961,-2.2258825302124023,0.4810606837272644,-5.581050872802734,-9.129125595092773,-6.893535614013672,laks,laks_C_0.75m_stille_001_s01.wav
0.038464028388261795,0.2911431964497781,1901.2314645778451,4818.0,645.0,27474.048851785898,110284.93693859616,3068.9254798175334,1825.577155322313,-392.9329833984375,53.219749450683594,12.109219551086426,6.4122419357299805,4.4150166511535645,2.938854694366455,-8.866510391235352,-6.284540176391602,-4.370571136474609,1.724735140800476,-5.123791694641113,-8.112411499023438,-5.0395636558532715,laks,laks_C_0.75m_stille_001_s02.wav
0.034196287393569946,0.30670666916682293,2007.5586841601687,5157.0,302.0,42434.61125022057,68903.29951700279,2146.76734469519,1464.079814782769,-393.2604064941406,48.87117385864258,18.32607650756836,4.810241222381592,4.191335678100586,4.142094612121582,-10.195074081420898,-6.330190658569336,-5.519715309143066,1.029125452041626,-2.938214063644409,-7.8737077713012695,0.1486949920654297,laks,laks_C_0.75m_stille_001_s03.wav
0.03992173820734024,0.2924557784861554,1777.5938868814,4325.0,294.0,73639.0926621058,71573.59215420015,2367.7242472913827,962.3596384249731,-385.6739807128906,51.45854187011719,10.344996452331543,8.599861145019531,2.648111343383789,-0.5332066416740417,-9.120362281799316,-10.636311531066895,-3.912524461746216,2.5059330463409424,-8.091005325317383,-4.9222893714904785,-2.295469284057617,laks,laks_C_0.75m_stille_001_s04.wav
0.03666913881897926,0.27545471591974496,1638.4907253225422,3326.0,282.0,55241.12543553802,72329.46498710003,3575.4277871736176,779.2845476372864,-387.581298828125,54.15083312988281,12.974493026733398,10.002355575561523,6.075109004974365,2.1426100730895996,-8.686911582946777,-5.937248706817627,-3.240795612335205,3.474173069000244,-5.506961345672607,-5.766849040985107,-0.30205777287483215,laks,laks_C_0.75m_stille_001_s05.wav
0.032339178025722504,0.28926807925495346,1872.6662105806238,4752.0,285.0,36640.63863614165,59400.348813149234,2354.650759011208,1009.228405798543,-393.34088134765625,51.1500244140625,12.570671081542969,8.076557159423828,4.091437339782715,2.920172691345215,-9.570337295532227,-8.770730018615723,-6.253279209136963,1.3253566026687622,-6.68424654006958,-10.400690078735352,-2.8926589488983154,laks,laks_C_0.75m_stille_001_s06.wav
0.035700056701898575,0.29295580973810864,1793.3256267021138,4550.0,290.0,44271.52436906194,71331.77395005032,2840.9857946676766,971.8539229979342,-393.58001708984375,50.69682312011719,14.679369926452637,10.351531982421875,1.9608722925186157,-0.5062483549118042,-10.306468963623047,-8.998964309692383,-4.514410018920898,5.6786346435546875,-5.460634231567383,-6.698277473449707,-0.7355577945709229,laks,laks_C_0.75m_stille_001_s07.wav
0.026552539318799973,0.3030814425901619,2330.807428580725,5776.0,368.0,21140.399602452962,30996.61037486612,1904.9997709629365,1679.6800550247417,-402.169677734375,48.135597229003906,18.13213348388672,5.786901950836182,4.375455856323242,-0.724202036857605,-10.510152816772461,-4.727883338928223,-7.271843910217285,4.991401672363281,-2.840791940689087,-5.4270124435424805,0.656125545501709,laks,laks_C_0.75m_stille_001_s08.wav
0.029262719675898552,0.30439402462653914,2454.8615685847826,6026.0,299.0,26825.44939334986,40031.98800863522,850.3349762933178,2196.1974545483945,-401.418212890625,45.822288513183594,20.29619598388672,6.557803153991699,4.948890686035156,0.20025235414505005,-10.69891357421875,-5.178592681884766,-4.978148460388184,5.306460380554199,-2.2259092330932617,-3.536426544189453,2.1808664798736572,laks,laks_C_0.75m_stille_001_s09.wav
0.04848631098866463,0.24445277829864367,1331.1410857291346,2136.0,303.0,102370.09602833954,113487.08161212399,4514.887225127258,441.80757881011556,-391.0053405761719,62.24949645996094,14.835868835449219,12.964140892028809,6.186359405517578,1.2276235818862915,-5.552536964416504,-7.825901985168457,-5.096166133880615,4.210514545440674,-6.406730651855469,-7.153735637664795,-0.3934445381164551,laks,laks_C_0.75m_stille_001_s10.wav
0.050233855843544006,0.240577536096006,1370.4155963626608,2065.0,313.0,92790.84650955081,179207.62072056538,5303.56257238787,1026.1072230263455,-376.9169921875,65.57464599609375,15.408182144165039,11.848411560058594,2.867943286895752,8.140029907226562,-9.61874771118164,-11.549251556396484,0.8245699405670166,3.1727817058563232,-3.546046018600464,-7.4692535400390625,-5.653983116149902,laks,laks_C_0.75m_tmlKlasse_001_s01.wav
0.03873264044523239,0.25482842677667356,1895.0428432708936,4800.0,646.0,28194.106889483268,110364.69424912483,3149.2142878910136,1835.2919407458196,-368.1613464355469,67.86170959472656,12.980545997619629,5.552702903747559,2.1994543075561523,1.195659875869751,-9.836165428161621,-7.336913585662842,-3.312633991241455,2.7597997188568115,-3.1016788482666016,-3.127896308898926,-4.1250739097595215,laks,laks_C_0.75m_tmlKlasse_001_s02.wav
0.03504309803247452,0.21863866491655728,1985.9606791271983,5121.0,302.0,44350.39969707567,69453.71695803165,2212.314221925077,1476.0330988803908,-346.8542175292969,77.56503295898438,18.04296875,5.1397857666015625,-0.21624088287353516,-2.6107521057128906,-12.434529304504395,-12.834955215454102,-12.535761833190918,-2.2601559162139893,-3.583571672439575,-6.093502521514893,1.3991851806640625,laks,laks_C_0.75m_tmlKlasse_001_s03.wav
0.04052673652768135,0.24307769235577223,1763.7617543157683,4235.0,294.0,74981.41752286843,73370.6515189832,2410.708106066157,968.7960891269072,-358.4719543457031,67.62940216064453,7.461484432220459,6.2374372482299805,2.0125303268432617,-3.0228686332702637,-13.030535697937012,-13.498148918151855,-6.259284973144531,2.915557384490967,-4.0365214347839355,-3.3515164852142334,-2.834946632385254,laks,laks_C_0.75m_tmlKlasse_001_s04.wav
0.03687268868088722,0.23570223138946184,1637.0309234497465,3317.0,282.0,55228.92512272243,72346.65437261587,3582.8456904806367,779.7170291531324,-357.3939208984375,74.9329833984375,14.148508071899414,9.089332580566406,4.4775543212890625,-1.942171573638916,-11.143199920654297,-6.959125518798828,-4.00429105758667,3.5144896507263184,-4.912748336791992,-6.55451774597168,-0.24415746331214905,laks,laks_C_0.75m_tmlKlasse_001_s05.wav
0.03233105316758156,0.2871429464341521,1872.458739401902,4752.0,285.0,36585.16147221121,59349.66356337129,2356.644941158574,1011.1464099627418,-388.96417236328125,54.17296600341797,14.56266975402832,8.593406677246094,4.566925525665283,3.5734169483184814,-8.757720947265625,-7.681263446807861,-5.3928937911987305,2.2178633213043213,-5.343786239624023,-9.29013729095459,-2.3634440898895264,laks,laks_C_0.75m_tmlKlasse_001_s06.wav
0.03575751557946205,0.2513282080130008,1791.7565959103035,4547.0,290.0,44397.131316544284,71314.36071937079,2847.603321732874,974.4420723188998,-380.53680419921875,59.20265197753906,17.784339904785156,14.290531158447266,4.567591190338135,-0.9589284658432007,-12.215603828430176,-10.561683654785156,-5.776933670043945,3.7319753170013428,-6.887919902801514,-6.282486915588379,-0.2620881199836731,laks,laks_C_0.75m_tmlKlasse_001_s07.wav
0.027931254357099533,0.2139508719294956,2286.0874031000167,5733.0,626.0,23307.307867988315,32152.741519332754,1970.4777037498457,1720.265950859035,-347.8013916015625,79.33280944824219,18.849353790283203,9.619789123535156,-2.624979019165039,-6.338814735412598,-9.54920482635498,-12.468046188354492,-10.897491455078125,3.2883448600769043,-5.295567512512207,-7.1567606925964355,-4.829974174499512,laks,laks_C_0.75m_tmlKlasse_001_s08.wav
0.029750611633062363,0.24589036814800924,2444.954351138959,6010.0,299.0,27702.945117669162,39970.06923358787,874.779875004532,2199.710204696752,-369.39349365234375,66.69059753417969,22.073657989501953,12.444976806640625,6.689257621765137,-4.604418754577637,-13.830317497253418,-7.282093524932861,-6.51914644241333,1.7137101888656616,-6.563421249389648,-5.331348419189453,0.6258025169372559,laks,laks_C_0.75m_tmlKlasse_001_s09.wav
0.04908401519060135,0.17694855928495531,1328.8831949210323,2137.0,303.0,103861.73761203939,114453.8643371052,4481.028474591167,445.8509882425345,-363.85101318359375,80.48082733154297,18.290313720703125,19.63974380493164,7.396655559539795,-4.741055011749268,-10.17294692993164,-15.287215232849121,-12.327704429626465,2.372466802597046,-8.804959297180176,-11.123462677001953,-2.5928397178649902,laks,laks_C_0.75m_tmlKlasse_001_s10.wav
0.0425541065633297,0.2292643290205638,1593.423007114091,2797.0,726.0,38415.76629539008,149317.27141173807,3484.5863294050123,1002.1014623932201,-346.9178466796875,70.04685974121094,12.472358703613281,12.906695365905762,-0.3730252981185913,3.807621479034424,-7.495594501495361,-15.584981918334961,-2.7899508476257324,0.8999161124229431,-6.272912979125977,-10.327052116394043,-7.925560474395752,laks,laks_C_1.5m_nygaard_001_s01.wav
0.03260551765561104,0.1976373523345209,1494.2812193902787,2336.0,725.0,26455.48769237926,88193.56661301077,2629.7624605921537,475.35190096403517,-369.08001708984375,74.92939758300781,18.828975677490234,16.39868927001953,3.888094902038574,0.7363909482955933,-10.928228378295898,-14.627062797546387,-0.8145022392272949,5.389220237731934,-3.9541423320770264,-3.852055072784424,-4.697127342224121,laks,laks_C_1.5m_nygaard_001_s02.wav
0.03238736465573311,0.2108256766047878,1490.1608701196694,2416.0,725.0,31359.51385118188,75807.16626114691,4184.81519396245,402.70149435207213,-358.9903259277344,68.26904296875,9.322690963745117,8.200661659240723,3.78066086769104,0.9657903909683228,-10.0270414352417,-12.759931564331055,-1.0682201385498047,5.9003801345825195,-7.063387870788574,-7.54388427734375,-4.022407531738281,laks,laks_C_1.5m_nygaard_001_s03.wav
0.029696425423026085,0.2267016688543034,1283.4031438487093,1699.0,191.0,43563.48825176031,48862.37474787938,1825.0134958078488,213.8870546805778,-372.3559265136719,71.88409423828125,20.411941528320312,9.725301742553711,6.704283714294434,9.957754135131836,-11.178714752197266,-13.129985809326172,-0.9635404944419861,4.699834823608398,-10.093521118164062,-10.895364761352539,-3.85819149017334,laks,laks_C_1.5m_nygaard_001_s04.wav
0.032571498304605484,0.24395274704669043,1381.5647330307945,1927.0,305.0,40441.32889460733,76905.05559417198,3070.336191905335,391.0120746888875,-370.442626953125,65.22450256347656,10.642500877380371,13.532524108886719,5.663173198699951,5.497941017150879,-12.577003479003906,-17.23880386352539,3.4607415199279785,3.326475143432617,-10.003263473510742,-7.832447052001953,-4.716141700744629,laks,laks_C_1.5m_nygaard_001_s05.wav
0.029915262013673782,0.23970248140508782,1466.024715542304,2327.0,727.0,30591.015697560484,65528.212153302266,2153.02250778784,383.8232827557698,-352.1536865234375,74.69114685058594,11.017280578613281,8.059609413146973,0.2752577066421509,2.5735721588134766,-10.11451530456543,-12.97508430480957,2.093442916870117,0.8911113739013672,-5.470367908477783,-7.236023902893066,-4.711548328399658,laks,laks_C_1.5m_nygaard_001_s06.wav
0.031230082735419273,0.20395024689043065,1491.3465389860964,2241.0,738.0,24926.64360239875,68878.02170340328,16537.548055533516,477.77658615194383,-350.8238830566406,76.63866424560547,2.4788994789123535,8.033506393432617,1.438291072845459,2.7160215377807617,-14.353411674499512,-10.163531303405762,2.578449249267578,0.4446156322956085,-6.257635116577148,-10.411502838134766,-8.295866012573242,laks,laks_C_1.5m_nygaard_001_s07.wav
0.023137087002396584,0.20107506719169949,1408.6873550963533,2205.0,257.0,20442.252503649986,32872.119798852786,2251.0561505397077,241.07872352309047,-385.87921142578125,73.4552001953125,15.484970092773438,13.634342193603516,5.861306190490723,9.520191192626953,-9.966995239257812,-13.253507614135742,0.17683479189872742,2.7421059608459473,-5.855467796325684,-8.095233917236328,-4.277763843536377,laks,laks_C_1.5m_nygaard_001_s08.wav
0.023577094078063965,0.22857678604912807,1556.2236390356272,2797.0,190.0,28243.620478027533,24517.750135377384,5421.591480272651,366.34043554683046,-381.09527587890625,66.79070281982422,18.02022361755371,14.708808898925781,8.785379409790039,3.1612632274627686,-12.272799491882324,-8.701830863952637,1.7950749397277832,1.204294204711914,-10.002666473388672,-8.57365608215332,-0.9969213008880615,laks,laks_C_1.5m_nygaard_001_s09.wav
0.031126396730542183,0.1922620163760235,1475.981313695035,2263.0,356.0,34621.404135122175,62740.745419932246,4586.781155724903,392.7781234665285,-335.051025390625,76.35469055175781,-1.7668589353561401,8.623807907104492,-7.246328353881836,6.727897644042969,-3.8096418380737305,-17.28012466430664,-0.3278312683105469,0.1347363293170929,-7.124661922454834,-13.392406463623047,-10.152345657348633,laks,laks_C_1.5m_nygaard_001_s10.wav
0.042065635323524475,0.29970623163947746,1592.6709680115152,2793.0,726.0,37240.838793386254,148573.07765774685,3469.6204538343936,985.457971925301,-384.7991943359375,51.436767578125,8.22095775604248,6.030263900756836,3.8184239864349365,9.199716567993164,-7.263528823852539,-14.616666793823242,-1.7219626903533936,5.973491668701172,-2.4697299003601074,-8.561016082763672,-3.2441935539245605,laks,laks_C_1.5m_stille_001_s01.wav
0.032173044979572296,0.2458278642415151,1496.5791551624081,2343.0,725.0,25847.497553456757,87735.08838572768,2585.3533511187975,471.72658047579,-399.4124755859375,53.35593795776367,12.859603881835938,10.611434936523438,8.379630088806152,12.378718376159668,-4.142380714416504,-11.230558395385742,2.4025886058807373,8.49203872680664,-4.086781024932861,-5.009977340698242,-2.310360908508301,laks,laks_C_1.5m_stille_001_s02.wav
0.03184372931718826,0.28983061441340086,1496.9922578138235,2418.0,725.0,30950.286519363483,74551.4277511705,4157.063189024594,388.85713910555097,-392.8030700683594,48.637237548828125,9.324735641479492,8.493247032165527,9.343145370483398,9.814732551574707,-7.309384346008301,-13.781168937683105,-2.1411325931549072,6.198863506317139,-8.783782958984375,-7.664153099060059,0.48403477668762207,laks,laks_C_1.5m_stille_001_s03.wav
0.02954874187707901,0.26926682917682354,1283.5903326392415,1695.0,191.0,43067.64062227703,48752.012621520524,1812.445526116582,210.4842336328143,-390.7236633300781,59.05702209472656,17.00501251220703,9.376651763916016,9.16339111328125,13.113354682922363,-9.817241668701172,-13.976102828979492,-2.059617280960083,4.652146816253662,-8.972784042358398,-7.487920761108398,-0.651622474193573,laks,laks_C_1.5m_stille_001_s04.wav
0.03251751884818077,0.2697668604287768,1379.8699727596456,1917.0,305.0,40548.20753783001,76760.17655492222,3046.326799986852,384.99457954406296,-390.25347900390625,55.831520080566406,7.9479522705078125,8.571659088134766,8.692659378051758,9.424382209777832,-10.783979415893555,-14.086478233337402,4.225034713745117,3.048882246017456,-9.545559883117676,-6.657007217407227,-5.7581892013549805,laks,laks_C_1.5m_stille_001_s05.wav
0.029503313824534416,0.2813925870366898,1468.1513426572185,2216.0,727.0,29586.316904533312,65329.10531711566,2095.790209726584,362.74252031607904,-392.2027282714844,54.16508865356445,13.10555648803711,5.568414688110352,8.714217185974121,11.966392517089844,-8.849251747131348,-10.110340118408203,4.365155220031738,1.8483151197433472,-6.938662528991699,-8.579887390136719,-2.3810887336730957,laks,laks_C_1.5m_stille_001_s06.wav
0.030399639159440994,0.26095380961310083,1470.450544028843,2072.0,738.0,24696.729817855397,66304.9920790543,16273.078107988102,409.4856325291763,-394.840576171875,57.311859130859375,8.117778778076172,8.67519760131836,6.982136249542236,8.321939468383789,-14.503914833068848,-9.84874153137207,3.558384895324707,1.8758574724197388,-6.260690212249756,-7.899312973022461,-3.9454264640808105,laks,laks_C_1.5m_stille_001_s07.wav
0.023035559803247452,0.2356397274829677,1402.5348329925837,2150.0,257.0,20478.32944676403,32912.5008409814,2236.9823567378603,232.93078536515893,-409.1427001953125,59.577972412109375,11.234304428100586,11.169804573059082,7.150710582733154,10.888490676879883,-8.816417694091797,-10.647525787353516,-0.7137083411216736,1.8734948635101318,-5.037988662719727,-6.587155342102051,-2.3321166038513184,laks,laks_C_1.5m_stille_001_s08.wav
0.02334785833954811,0.2629539346209138,1556.9351347940453,2769.0,190.0,27554.462252495,24538.603654995368,5423.870896655441,360.3585275899635,-399.4917297363281,54.91516876220703,15.858630180358887,13.20645523071289,11.07973861694336,7.14492130279541,-9.759151458740234,-7.502432823181152,1.1138830184936523,1.1894117593765259,-9.723315238952637,-7.373818397521973,1.1259143352508545,laks,laks_C_1.5m_stille_001_s09.wav
0.03027704730629921,0.2682042627664229,1458.0031357766459,2053.0,356.0,34823.69712311024,61678.13524948183,4336.633950694047,336.72942003227973,-392.6711120605469,55.38029861450195,11.443683624267578,12.21112060546875,8.060845375061035,11.818116188049316,-11.77230167388916,-17.649425506591797,2.7746355533599854,4.963962554931641,-7.338207721710205,-7.285883903503418,-3.2001733779907227,laks,laks_C_1.5m_stille_001_s10.wav
0.04265264421701431,0.2558909931870742,1576.7851135141846,2764.0,726.0,41204.55959122958,149039.17540911466,3420.9191525137585,992.6710317564169,-370.7459716796875,61.839744567871094,13.32596206665039,12.006256103515625,6.040555953979492,7.78740930557251,-9.367223739624023,-17.272178649902344,-4.952234268188477,2.1110315322875977,-4.371538162231445,-11.303979873657227,-6.295829772949219,laks,laks_C_1.5m_tmlKlasse_001_s01.wav
0.03229143097996712,0.21213825864116506,1496.008952060541,2347.0,725.0,26013.485424998304,87762.59035463154,2593.091994465656,474.3730218601392,-387.9449462890625,61.36355209350586,17.876060485839844,15.753423690795898,11.233588218688965,11.862081527709961,-5.333856582641602,-12.495559692382812,0.6604113578796387,5.901749610900879,-6.7913360595703125,-6.228680610656738,-3.94360089302063,laks,laks_C_1.5m_tmlKlasse_001_s02.wav
0.032818328589200974,0.18751171948246764,1485.2986448054978,2401.0,725.0,31639.407238746015,76752.05301050654,4177.426720392556,401.40542246230564,-348.9342041015625,80.49381256103516,16.050048828125,6.075079917907715,-2.3392419815063477,2.9618892669677734,-9.534537315368652,-17.629621505737305,-3.729182243347168,3.195004940032959,-8.396978378295898,-6.3692474365234375,-3.461703300476074,laks,laks_C_1.5m_tmlKlasse_001_s03.wav
0.029780063778162003,0.22138883680230015,1281.0396234605157,1697.0,191.0,43628.04933298695,48792.483441489116,1810.9180210165594,215.93337946754357,-376.12908935546875,66.27677154541016,18.325420379638672,13.619524002075195,12.298372268676758,15.369735717773438,-6.9047393798828125,-11.664241790771484,0.2258869707584381,6.131967067718506,-7.11570930480957,-5.742642402648926,0.647186279296875,laks,laks_C_1.5m_tmlKlasse_001_s04.wav
0.0330788716673851,0.19788736796049752,1371.4942366900116,1906.0,305.0,41473.92389301877,77723.0153756314,3069.463783405567,388.19566105800226,-371.3796691894531,69.52154541015625,13.899370193481445,14.77641487121582,11.56893539428711,8.796910285949707,-10.182358741760254,-14.286643981933594,1.3913894891738892,-1.2777358293533325,-12.097354888916016,-7.999178886413574,-6.804680347442627,laks,laks_C_1.5m_tmlKlasse_001_s05.wav
0.03120402991771698,0.20801300081255078,1457.1443351937812,2275.0,728.0,32352.857281101504,67046.01639564318,2190.1901248792747,389.42431372233057,-344.45318603515625,81.80902099609375,10.036663055419922,5.712210655212402,2.4321982860565186,2.080054759979248,-12.71435832977295,-15.04283332824707,-0.7860778570175171,0.2052980363368988,-3.396883487701416,-4.932703018188477,-3.414862871170044,laks,laks_C_1.5m_tmlKlasse_001_s06.wav
0.030489657074213028,0.23870241890118132,1470.583718567364,2080.0,738.0,24935.12243854659,66258.18095791945,16273.465682527922,414.46438509528434,-384.661865234375,63.87803649902344,12.361211776733398,12.230350494384766,8.658258438110352,9.081161499023438,-15.462784767150879,-12.046684265136719,1.222320795059204,0.1855020523071289,-7.059786319732666,-8.324238777160645,-4.152148246765137,laks,laks_C_1.5m_tmlKlasse_001_s07.wav
0.02308693341910839,0.22020126257891118,1403.1684658484587,2159.0,257.0,20498.45845624389,32975.65960350615,2241.466720505111,234.7895025564188,-399.3346862792969,66.41339111328125,13.534527778625488,11.188591003417969,7.1604509353637695,11.72608757019043,-7.069503307342529,-9.62115478515625,-0.7412341237068176,1.1935149431228638,-5.735153675079346,-6.189155101776123,-2.1154446601867676,laks,laks_C_1.5m_tmlKlasse_001_s08.wav
0.023949995636940002,0.19232452028251765,1553.5559725328317,2769.0,190.0,28344.14578549571,24565.416101451745,5431.502267222307,363.4210367491448,-380.7590026855469,70.6853256225586,22.326448440551758,13.502277374267578,8.087087631225586,5.403234481811523,-9.01913070678711,-7.883762359619141,-0.3304697871208191,-1.3587706089019775,-11.20100212097168,-7.552310943603516,-0.0554334819316864,laks,laks_C_1.5m_tmlKlasse_001_s09.wav
0.030786842107772827,0.23476467279204952,1449.938568441616,2050.0,356.0,36625.15529858148,61871.09172536754,4357.400619654833,341.2875039702655,-371.0836486816406,68.13700866699219,11.038552284240723,12.998330116271973,5.9887189865112305,6.660550117492676,-15.573564529418945,-21.246257781982422,-1.08070707321167,2.6137778759002686,-6.66094970703125,-5.1302995681762695,-1.4595478773117065,laks,laks_C_1.5m_tmlKlasse_001_s10.wav
0.031353674829006195,0.19207450465654102,2065.436109825392,4602.0,754.0,8141.478015576176,47547.278314646304,4480.8276423850575,1057.9180053554007,-377.061767578125,72.91157531738281,9.841836929321289,9.305919647216797,3.2260003089904785,1.2695209980010986,-2.448578119277954,-4.09256649017334,4.514822959899902,8.602340698242188,0.3794983923435211,0.11951315402984619,-3.75784969329834,laks,laks_J_0.75m_nygaard_001_s01.wav
0.019528508186340332,0.19632477029814363,2422.647613049471,5974.0,791.0,1972.1903056596025,19107.842454482045,1886.8052404255654,618.8497093850672,-383.2900695800781,72.20146942138672,15.512212753295898,9.597853660583496,0.603390097618103,-2.9002768993377686,-6.143134117126465,-7.8913068771362305,6.43668794631958,9.777946472167969,-1.5775095224380493,-0.30659300088882446,-4.526036739349365,laks,laks_J_0.75m_nygaard_001_s02.wav
0.02043250761926174,0.1795112194512157,2057.1737917717014,4574.0,778.0,3225.027302819565,17237.026673382483,1081.6422187410494,530.4692852043529,-379.83575439453125,76.39994812011719,7.797194004058838,13.383130073547363,0.810933530330658,-0.2566389739513397,-3.4909956455230713,-13.742303848266602,-0.5743972659111023,5.154879570007324,-4.917179107666016,-4.1853485107421875,-7.382561683654785,laks,laks_J_0.75m_nygaard_001_s03.wav
0.0213080495595932,0.19276204762797675,2376.0734385360556,5666.0,826.0,2402.4342369339365,18677.576316053706,805.0039800264697,730.2268120758629,-380.52484130859375,68.59941101074219,10.425617218017578,11.590021133422852,-1.3775116205215454,-2.819136619567871,-7.505885124206543,-13.590628623962402,-0.941163182258606,6.05214262008667,-5.553365230560303,-4.786916255950928,-4.693604469299316,laks,laks_J_0.75m_nygaard_001_s04.wav
0.01360293012112379,0.21151321957622352,2854.7764744285305,6546.0,251.0,2246.279679288583,6128.826001988913,527.9639556597565,699.1923590762129,-393.9493408203125,65.02893829345703,15.682637214660645,10.674156188964844,-3.837498664855957,-0.4454077482223511,-5.541011333465576,-12.701240539550781,2.622056007385254,3.6659226417541504,-3.78410005569458,-2.539170980453491,-8.341065406799316,laks,laks_J_0.75m_nygaard_001_s05.wav
0.03019613027572632,0.18844927807988,1718.8804934367042,3281.0,741.0,4369.848079863027,57614.127200402945,2077.1444780679294,721.1829721375565,-385.65325927734375,76.6300048828125,9.345335006713867,8.699874877929688,-2.737196922302246,-1.8448305130004883,-5.548857688903809,-12.545804977416992,0.39707350730895996,5.511588096618652,-5.645544052124023,-6.123330116271973,-10.17081069946289,laks,laks_J_0.75m_nygaard_001_s06.wav
0.026290491223335266,0.20888805550346898,1843.903152322693,3679.0,825.0,4508.579366650508,34777.949878994405,1535.234978027878,736.1325561813305,-384.63934326171875,67.10212707519531,9.452753067016602,12.353578567504883,-2.7429018020629883,1.2344005107879639,-3.0368223190307617,-10.772539138793945,-1.5705726146697998,3.9274868965148926,-4.359863758087158,-3.8799805641174316,-8.389415740966797,laks,laks_J_0.75m_nygaard_001_s07.wav
0.018404942005872726,0.2288268016751047,2248.50392239981,4956.0,754.0,1713.9545883755368,9893.113567911652,1180.6316168547435,501.444919089135,-410.7801513671875,60.96099090576172,16.949939727783203,14.64008903503418,1.1464036703109741,1.3353443145751953,-2.129720687866211,-13.606725692749023,-2.072009563446045,5.4220757484436035,-3.605053424835205,-0.7549559473991394,-5.073615550994873,laks,laks_J_0.75m_nygaard_001_s08.wav
0.024159202352166176,0.18032377023563972,2023.3187915512337,4273.0,782.0,4756.39667577252,30123.275618072832,1554.8111532963824,410.5674917169148,-384.11956787109375,72.85421752929688,6.36738920211792,15.008479118347168,1.755613088607788,-4.838018417358398,-6.353250503540039,-13.573701858520508,-2.4807870388031006,2.441567897796631,-5.159396171569824,-4.220852851867676,-4.919797897338867,laks,laks_J_0.75m_nygaard_001_s09.wav
0.023677706718444824,0.19813738358647415,1872.8313873522145,3542.0,788.0,2981.284552438522,35211.12342278538,1639.8486291750164,1657.8016496888465,-396.76397705078125,67.58464050292969,13.008329391479492,11.755070686340332,-3.5193397998809814,1.3697985410690308,-1.086259126663208,-12.167908668518066,-0.0023211240768432617,5.860690593719482,-1.553213357925415,-1.967003583908081,-7.0850067138671875,laks,laks_J_0.75m_nygaard_001_s10.wav
0.031312767416238785,0.20120007500468778,2067.7861833134666,4612.0,755.0,8141.354235539665,47432.708957090086,4478.141167509623,1055.9776786418397,-394.3265686035156,61.89257049560547,8.45971393585205,8.67015266418457,5.498229026794434,5.57863187789917,-0.1573311686515808,-3.9462664127349854,3.958707332611084,7.540598392486572,-1.1751296520233154,-0.45019933581352234,-3.9472973346710205,laks,laks_J_0.75m_stille_001_s01.wav
0.018981749191880226,0.2554534658416151,2452.8612004378833,6056.0,790.0,1418.2467473945476,19070.780539136,1790.0213487553071,604.6433401146459,-422.7415466308594,49.60387420654297,16.56774139404297,8.10257339477539,2.151982069015503,4.924457550048828,-1.6117445230484009,-6.639884948730469,5.218991279602051,10.757474899291992,1.7516744136810303,2.61680269241333,-2.6361844539642334,laks,laks_J_0.75m_stille_001_s02.wav
0.020035602152347565,0.23070191886992938,2072.5909085098706,4628.0,778.0,2712.2631591238523,17121.44678717184,1045.191014364831,511.00372208075424,-423.0575256347656,55.98814392089844,9.279952049255371,8.28939151763916,2.0111021995544434,3.9503986835479736,-2.5213823318481445,-12.115655899047852,-1.0138365030288696,6.56130838394165,-2.9366111755371094,-2.917583703994751,-6.320988655090332,laks,laks_J_0.75m_stille_001_s03.wav
0.02065141126513481,0.25626601662603915,2433.030732530359,5848.0,826.0,1841.0553873232557,17873.274438098488,736.9167754913328,712.9992370183353,-421.6484375,48.555389404296875,12.797523498535156,7.208981513977051,-1.3461849689483643,2.9407360553741455,-0.7460918426513672,-7.606538772583008,-0.7875218987464905,5.876832008361816,-3.078556537628174,-3.9062254428863525,-7.2781877517700195,laks,laks_J_0.75m_stille_001_s04.wav
0.012699936516582966,0.27732983311456966,2976.1481517608227,6674.0,630.0,1412.3067050465347,5775.1177698846395,358.08778102069425,650.4074721336406,-431.72509765625,45.7408332824707,16.385913848876953,7.071322917938232,2.0982065200805664,2.977869749069214,-5.479517936706543,-9.370453834533691,0.5956705808639526,4.056196689605713,-1.042691946029663,-0.060312896966934204,-4.581653594970703,laks,laks_J_0.75m_stille_001_s05.wav
0.02997678704559803,0.2394524657791112,1726.4941355218227,3285.0,741.0,3882.149713630773,57558.76824831806,2046.3880967750658,711.8594380542623,-416.01544189453125,55.10951232910156,6.605520248413086,7.671694278717041,-1.9450167417526245,2.036041736602783,-2.3355753421783447,-11.890213966369629,-1.1499805450439453,5.998068809509277,-3.2487258911132812,-3.9893202781677246,-7.876420021057129,laks,laks_J_0.75m_stille_001_s06.wav
0.025945136323571205,0.24351521970123133,1849.3192676575693,3685.0,825.0,3765.793058072225,34155.94714930712,1458.0867859088432,706.1805556365687,-421.2100830078125,56.035640716552734,10.892739295959473,7.264270782470703,-1.7083901166915894,4.266765594482422,-3.6483657360076904,-11.177600860595703,0.8063235282897949,5.872625827789307,-3.185030460357666,-2.1404223442077637,-7.22175407409668,laks,laks_J_0.75m_stille_001_s07.wav
0.01820853352546692,0.27057941121320084,2288.6831309138024,5070.0,754.0,1295.6849389950216,9877.330797872271,1172.717111332824,492.797291687296,-430.3198547363281,47.18555450439453,10.327092170715332,9.092446327209473,1.3788504600524902,3.640547513961792,-0.591637372970581,-9.668956756591797,2.157426357269287,8.299263954162598,-1.505643367767334,0.20993441343307495,-5.867884635925293,laks,laks_J_0.75m_stille_001_s08.wav
0.023308411240577698,0.2507656728545534,2105.8990777681183,4702.0,782.0,2013.1364714854474,29908.457259729777,1425.676432565619,378.2726880854474,-424.4770812988281,53.53838348388672,9.688863754272461,8.35319709777832,0.03876042366027832,-1.5239801406860352,-2.3788347244262695,-9.539773941040039,-0.6518746614456177,7.753164291381836,-1.9622942209243774,-2.2076077461242676,-2.0620741844177246,laks,laks_J_0.75m_stille_001_s09.wav
0.023602237924933434,0.23963997749859367,1876.5439635188677,3542.0,788.0,2807.6099685934364,35302.06955056352,1636.1385019084512,1663.0267941928996,-421.0849304199219,51.640174865722656,9.50065803527832,10.025823593139648,-3.0775585174560547,2.2655489444732666,-2.59859037399292,-11.916828155517578,1.841415524482727,9.385515213012695,-0.42923077940940857,-1.7882534265518188,-6.453969478607178,laks,laks_J_0.75m_stille_001_s10.wav
0.03140326961874962,0.19501218826176636,2065.1367972694093,4582.0,755.0,8267.018094206418,47453.61613431936,4498.349691523538,1064.5360818399304,-377.71795654296875,68.87085723876953,7.616689682006836,10.727407455444336,5.874398231506348,2.877218723297119,-3.7807321548461914,-7.480435371398926,1.3352830410003662,5.024482250213623,-2.263827085494995,-0.6344533562660217,-4.128495216369629,laks,laks_J_0.75m_tmlKlasse_001_s01.wav
0.019219281151890755,0.23176448528033003,2437.017210320833,6025.0,790.0,1571.6829357337651,19122.237274418163,1793.7415612043774,606.3997932124693,-400.4967956542969,60.26008605957031,13.39905834197998,9.77259349822998,4.0589165687561035,3.4993157386779785,-2.707568645477295,-9.346853256225586,0.8871192932128906,7.842959403991699,-1.1600998640060425,-1.445820689201355,-4.58057165145874,laks,laks_J_0.75m_tmlKlasse_001_s02.wav
0.0201287679374218,0.20351271954497155,2065.8792405195904,4619.0,778.0,2858.1495222834333,17140.4556436927,1050.3433997891009,513.3693428384647,-411.2271728515625,65.6058349609375,14.730360984802246,11.570871353149414,3.174407482147217,3.064455986022949,-3.72476863861084,-13.779212951660156,-3.7103419303894043,3.953582763671875,-4.03121280670166,-3.6041676998138428,-6.313798904418945,laks,laks_J_0.75m_tmlKlasse_001_s03.wav
0.02084687165915966,0.22807675479717482,2412.8263007976448,5824.0,826.0,2046.7242938887694,18094.608547248834,741.0429661815995,718.9588964055247,-403.2665710449219,61.05990982055664,15.933906555175781,8.04426097869873,-2.5904181003570557,1.6607561111450195,-1.2586475610733032,-9.187286376953125,-0.5302199721336365,6.299968719482422,-3.9552392959594727,-3.8718085289001465,-6.867326736450195,laks,laks_J_0.75m_tmlKlasse_001_s04.wav
0.012823951430618763,0.25326582911431966,2946.4185341546063,6653.0,630.0,1575.1849106746172,5795.035998369633,360.43915133089155,649.6628836066336,-417.9479064941406,54.77754211425781,20.805194854736328,10.893542289733887,4.8414483070373535,5.746642589569092,-3.0062804222106934,-8.1762056350708,1.4382517337799072,3.609825611114502,-2.011788845062256,-0.8023606538772583,-4.7745747566223145,laks,laks_J_0.75m_tmlKlasse_001_s05.wav
0.02999437227845192,0.23607725482842679,1725.359773463085,3285.0,741.0,3924.548832452062,57563.10147804558,2046.228724079008,712.5907330088228,-410.52410888671875,57.8638801574707,8.073902130126953,9.303936004638672,-0.056664228439331055,3.6562304496765137,-0.8063100576400757,-10.496713638305664,-0.3697584867477417,6.125502109527588,-3.040083169937134,-3.0296192169189453,-6.485605239868164,laks,laks_J_0.75m_tmlKlasse_001_s06.wav
0.026040198281407356,0.2071379461216326,1844.699417571273,3685.0,825.0,4005.2644101987544,34196.38588938394,1467.6575850833278,724.9767565174386,-405.1834716796875,66.71949768066406,13.453413009643555,9.393628120422363,-1.71094810962677,1.1364742517471313,-7.854619979858398,-13.236735343933105,0.602013349533081,4.218604564666748,-4.24722957611084,-0.812690019607544,-4.479109764099121,laks,laks_J_0.75m_tmlKlasse_001_s07.wav
0.01876123435795307,0.19338708669291832,2229.0236177166125,4902.0,754.0,1854.3221489070525,9963.693804038463,1199.9230126631655,500.6858183167685,-390.99542236328125,74.8488540649414,14.693816184997559,8.912269592285156,-4.893049240112305,-6.322268962860107,-9.094085693359375,-16.5059814453125,-2.607574462890625,2.0915701389312744,-5.948390960693359,0.540350079536438,-4.529824256896973,laks,laks_J_0.75m_tmlKlasse_001_s08.wav
0.02580305188894272,0.14482155134695918,1948.0939373472795,3949.0,782.0,6970.49384211977,33282.79622502852,1599.3916692151142,429.0886281272899,-363.65618896484375,79.7878189086914,3.893705368041992,21.014286041259766,-2.3834261894226074,-16.72631072998047,-11.487861633300781,-18.213687896728516,-6.007372856140137,0.3953850269317627,-6.943681716918945,1.288259744644165,2.851318359375,laks,laks_J_0.75m_tmlKlasse_001_s09.wav
0.02417106367647648,0.18638664916557285,1851.2861413178516,3531.0,788.0,3580.184035461171,35543.40696029311,1642.5461006689272,1679.0755825263734,-392.5006103515625,68.93968963623047,16.76725196838379,11.043028831481934,-6.684033393859863,0.9911340475082397,-3.851511001586914,-14.342375755310059,1.8685194253921509,7.482216835021973,-2.8954572677612305,-1.2347640991210938,-7.011894226074219,laks,laks_J_0.75m_tmlKlasse_001_s10.wav
0.025323331356048584,0.22620163760235015,1861.8914172291559,3945.0,1422.0,11759.657869448774,30815.081621186193,9200.992158705598,699.820414642842,-381.0426025390625,67.42578887939453,7.186683654785156,7.27979850769043,6.724198818206787,4.856330871582031,-13.07767391204834,-8.230171203613281,1.0125190019607544,7.125648498535156,-6.099547386169434,-3.9914376735687256,-5.661882400512695,laks,laks_J_1.5m_nygaard_001_s01.wav
0.022764742374420166,0.17919869991874493,1451.9710904823767,2022.0,758.0,6650.09064125332,32450.947882288718,4493.699589227319,103.25583333471216,-394.727783203125,80.50128173828125,13.278787612915039,8.173694610595703,6.959738731384277,0.8895915150642395,-6.947968482971191,-9.936058044433594,3.5805928707122803,5.286007404327393,-4.741159439086914,-0.36471816897392273,-8.107101440429688,laks,laks_J_1.5m_nygaard_001_s02.wav
0.029043199494481087,0.1551346959184949,1518.46021551628,1980.0,1420.0,6702.517319102484,41053.95279737728,7651.079059067049,107.97827034664911,-397.79754638671875,75.95526123046875,11.687023162841797,6.687750816345215,8.074987411499023,2.277181625366211,-13.773353576660156,-11.59975814819336,-0.27395009994506836,3.688699722290039,-7.20703125,-11.680392265319824,-13.8843994140625,laks,laks_J_1.5m_nygaard_001_s03.wav
0.020583415403962135,0.21051315707231702,1584.6022452521618,2525.0,1423.0,4616.168392278783,23721.507725942232,6099.26188696091,230.28672909234285,-403.8225402832031,66.91975402832031,11.938714027404785,10.1085205078125,2.5476856231689453,0.8839442729949951,-11.35457706451416,-8.6519136428833,3.36799693107605,6.397900581359863,-0.7294341921806335,-0.23371204733848572,-6.004878044128418,laks,laks_J_1.5m_nygaard_001_s04.wav
0.02060903236269951,0.17201075067191698,1664.4331428043422,2860.0,747.0,4087.2421100400725,17526.9066871268,3438.0814558762404,145.01703436364403,-376.8238525390625,87.7220458984375,8.102927207946777,4.732114791870117,-1.0491273403167725,-0.4305148124694824,-8.788639068603516,-9.595559120178223,1.3272491693496704,3.281749963760376,-7.447713851928711,-6.07769775390625,-7.798166751861572,laks,laks_J_1.5m_nygaard_001_s05.wav
0.030136466026306152,0.1703231451965748,1516.6185628443386,2672.0,708.0,12746.031274866064,52697.18817168692,2531.2645574379244,341.310183181105,-379.783203125,83.34809112548828,13.819217681884766,11.255967140197754,3.421736717224121,1.8299741744995117,-13.163077354431152,-9.622695922851562,0.5806634426116943,4.987251281738281,-5.473023414611816,-5.4919023513793945,-7.458693504333496,laks,laks_J_1.5m_nygaard_001_s06.wav
0.021936196833848953,0.1834489655603475,1678.9097900362078,3074.0,562.0,8232.70428885195,27666.648371359297,3135.0550562321027,189.20937710200542,-392.7154846191406,73.89278411865234,19.475650787353516,18.082740783691406,7.529163360595703,-1.2548775672912598,-13.474981307983398,-11.820816040039062,-1.1784435510635376,2.543395519256592,-3.4373693466186523,-1.7579878568649292,-2.618075132369995,laks,laks_J_1.5m_nygaard_001_s07.wav
0.020062878727912903,0.17757359834989686,1450.3203796990028,2133.0,748.0,3910.0843102214985,18292.335349941994,1474.3019293075565,75.79678232280645,-409.081298828125,77.91122436523438,10.377069473266602,7.231616497039795,3.9558749198913574,-0.86417555809021,-10.407726287841797,-8.128044128417969,0.5605460405349731,7.163403034210205,1.570128083229065,0.7304261922836304,-6.151483058929443,laks,laks_J_1.5m_nygaard_001_s08.wav
0.022465217858552933,0.1655103443965248,1364.57930818956,1965.0,717.0,9791.96070829193,29352.04358335576,2638.982977633071,97.35411744749021,-400.7660827636719,80.21976470947266,8.97397232055664,6.461752891540527,3.896472930908203,0.22412431240081787,-9.412511825561523,-12.038820266723633,-1.462918758392334,8.114889144897461,-1.4169459342956543,-1.618678331375122,-6.752972602844238,laks,laks_J_1.5m_nygaard_001_s09.wav
0.020870288833975792,0.19532470779423713,1596.1519464027087,2538.0,724.0,6444.206457115919,23354.10475320721,2887.4494367546886,116.89520788449829,-396.1809387207031,76.95111083984375,19.04338836669922,9.121957778930664,6.959075927734375,2.160714626312256,-13.733147621154785,-15.30865478515625,-1.9766530990600586,4.270694732666016,-1.5590167045593262,-4.046706676483154,-8.389781951904297,laks,laks_J_1.5m_nygaard_001_s10.wav
0.02512909658253193,0.2785799112444528,1867.8571443297333,4010.0,1422.0,11433.34481493153,30720.992647264888,9186.208925475965,691.7486659280015,-407.06317138671875,52.485328674316406,7.113839149475098,7.705846786499023,10.319128036499023,7.4218668937683105,-12.96052360534668,-5.8150954246521,1.9810287952423096,6.103017807006836,-5.647270202636719,-3.387932777404785,-5.661344528198242,laks,laks_J_1.5m_stille_001_s01.wav
0.02244727499783039,0.26257891118194887,1454.7916634575781,2017.0,758.0,6140.143594317713,32268.287910136263,4471.202101157798,96.61729985870943,-423.7154541015625,61.36320495605469,11.520545959472656,6.493069171905518,8.772467613220215,6.026642799377441,-4.090373992919922,-9.161808967590332,3.914865016937256,7.604805946350098,-1.4038184881210327,3.065481424331665,-6.129329204559326,laks,laks_J_1.5m_stille_001_s02.wav
0.028338050469756126,0.2735795987249203,1554.5963437630448,1994.0,1420.0,4622.967091612646,40806.20200055545,7663.195099796422,98.78886740840719,-428.0595703125,59.117393493652344,8.739456176757812,0.36288881301879883,9.999305725097656,6.315595626831055,-11.210226058959961,-4.437091827392578,4.417533874511719,6.543541431427002,-0.9939283728599548,-2.5653114318847656,-5.780390739440918,laks,laks_J_1.5m_stille_001_s03.wav
0.020465677604079247,0.250203137696106,1582.4070684243713,2505.0,762.0,4485.968320264348,23654.35745753505,6082.0225990368135,226.39453861751014,-425.3570251464844,53.1243896484375,8.74176025390625,9.99361801147461,5.540713310241699,5.822726249694824,-9.511754989624023,-7.989184379577637,4.013995170593262,7.718125343322754,-1.3641706705093384,-1.5619958639144897,-6.517830848693848,laks,laks_J_1.5m_stille_001_s04.wav
0.019593164324760437,0.25720357522345144,1669.095293233296,2709.0,747.0,3399.0020589040555,16857.699297860207,3348.4482625962,117.00086914786037,-429.54107666015625,59.17543029785156,12.152730941772461,7.452182769775391,9.809234619140625,8.153107643127441,-9.688955307006836,-8.751115798950195,1.5967261791229248,6.291697978973389,-2.2898736000061035,-2.466171979904175,-3.3594961166381836,laks,laks_J_1.5m_stille_001_s05.wav
0.029777321964502335,0.25326582911431966,1523.7308855562073,2660.0,707.0,12239.585318648147,52295.352675252914,2481.8107791749017,327.92382540821154,-414.6589660644531,60.97361373901367,9.93539047241211,7.962530612945557,7.406668663024902,6.255791664123535,-11.128880500793457,-6.895741939544678,2.279127597808838,6.663789749145508,-4.230594158172607,-3.165372371673584,-5.326636791229248,laks,laks_J_1.5m_stille_001_s06.wav
0.02112852782011032,0.2733295830989437,1658.1099059836074,2755.0,561.0,7890.819017288755,26986.367940833246,2947.3543686343,136.52694975130143,-432.60308837890625,56.508636474609375,18.57914161682129,7.193787097930908,11.207038879394531,4.308802604675293,-13.239474296569824,-6.59142541885376,2.0023579597473145,7.4558844566345215,1.5477604866027832,-3.083789348602295,-3.2571558952331543,laks,laks_J_1.5m_stille_001_s07.wav
0.019921181723475456,0.2330770673167073,1451.7858177657079,2123.0,748.0,3683.6657561389698,18384.28542499969,1468.0316877212172,72.31275086977853,-435.2589111328125,61.130638122558594,8.575784683227539,5.721729278564453,6.87834358215332,4.209019660949707,-9.178138732910156,-9.159597396850586,-1.2255200147628784,5.565049648284912,0.15877771377563477,1.012108564376831,-4.567286491394043,laks,laks_J_1.5m_stille_001_s08.wav
0.02211121656000614,0.23813988374273393,1358.688786519491,1935.0,717.0,9214.109104104595,28989.693388573083,2594.8156519121017,90.62598427484185,-431.14923095703125,63.74640655517578,10.532185554504395,6.374602794647217,5.571799278259277,3.5857956409454346,-8.014480590820312,-9.659027099609375,0.29763567447662354,9.496723175048828,-0.16088998317718506,-1.0545905828475952,-5.653858184814453,laks,laks_J_1.5m_stille_001_s09.wav
0.02030111290514469,0.2755172198262391,1603.9896254419546,2514.0,724.0,5489.215143486896,23152.128475290643,2874.7836316442535,109.36745590517253,-423.440673828125,58.70661163330078,12.999114990234375,5.668224334716797,8.329699516296387,4.318264484405518,-12.961511611938477,-11.568304061889648,-0.6476213335990906,5.883419036865234,0.10007452964782715,-1.9632070064544678,-6.09460973739624,laks,laks_J_1.5m_stille_001_s10.wav
0.027368711307644844,0.13800862553909618,1827.409902604583,3695.0,341.0,15705.23432701065,31845.844584758794,9427.633131445025,776.170708222576,-347.30914306640625,85.17410278320312,4.435262680053711,11.754347801208496,8.70351791381836,2.4589056968688965,-15.122337341308594,-14.602496147155762,-2.605541467666626,4.129326820373535,-7.371638774871826,-2.595466136932373,-7.051682472229004,laks,laks_J_1.5m_tmlKlasse_001_s01.wav
0.022527474910020828,0.22020126257891118,1458.716874692895,2022.0,758.0,6209.857983979464,32243.94114819532,4474.027310104949,100.50043431945493,-410.2109375,70.31180572509766,15.0960693359375,8.237014770507812,8.754201889038086,4.8376288414001465,-6.207176208496094,-11.66018295288086,1.0652990341186523,4.655942916870117,-2.4492239952087402,2.9905059337615967,-6.240002632141113,laks,laks_J_1.5m_tmlKlasse_001_s02.wav
0.028805440291762352,0.17251078192387023,1541.5611700186573,1984.0,1420.0,5239.733494297832,40796.47295776158,7711.907137774764,100.43356688858603,-402.67095947265625,79.54356384277344,16.969741821289062,7.101523399353027,13.783910751342773,5.9317545890808105,-12.365619659423828,-6.827155113220215,-0.5886378288269043,-0.71356600522995,-7.519583702087402,-5.8342742919921875,-6.834113597869873,laks,laks_J_1.5m_tmlKlasse_001_s03.wav
0.021567193791270256,0.16857303581473843,1542.098108335612,2418.0,639.0,5921.090008630828,25098.53290666197,6104.223186917307,238.12448137892596,-385.09765625,77.25726318359375,3.1112780570983887,5.8487043380737305,2.414414644241333,-1.5993989706039429,-14.899740219116211,-11.40196418762207,0.14182698726654053,6.010379791259766,0.8456641435623169,-0.6963943839073181,-5.912205696105957,laks,laks_J_1.5m_tmlKlasse_001_s04.wav
0.02043924666941166,0.1716982311394462,1645.0403616365993,2706.0,747.0,4288.57201414214,17098.594198782674,3358.961902139903,129.15149585635587,-400.700927734375,75.90679168701172,19.323749542236328,7.594956398010254,3.239297389984131,5.2468671798706055,-10.517840385437012,-10.160024642944336,2.3210268020629883,5.090049743652344,-3.5591187477111816,-1.9047280550003052,-4.949851036071777,laks,laks_J_1.5m_tmlKlasse_001_s05.wav
0.031102653592824936,0.14757172323270204,1509.6083941252034,2622.0,707.0,12979.90367025268,53744.23980096882,2531.6540173517465,332.4843475287489,-369.2121887207031,84.6424789428711,2.6365628242492676,10.431004524230957,3.2348222732543945,-2.708455801010132,-12.548553466796875,-14.093558311462402,-5.191095352172852,7.835288047790527,-0.7410175800323486,-0.0822339653968811,-2.764232635498047,laks,laks_J_1.5m_tmlKlasse_001_s06.wav
0.02140323631465435,0.19826239139946247,1647.4598088843993,2747.0,562.0,8021.083602003626,27246.045426194047,2933.4468313023426,139.3036223316322,-404.20123291015625,77.48164367675781,23.211544036865234,9.240909576416016,8.771610260009766,-1.16191828250885,-19.119651794433594,-12.892938613891602,0.19758683443069458,7.0939483642578125,-1.1326258182525635,-4.872614860534668,-4.5558929443359375,laks,laks_J_1.5m_tmlKlasse_001_s07.wav
0.020086707547307014,0.18313644602787674,1446.2550959164487,2125.0,748.0,3956.3948041438794,18381.834891330924,1470.8750831432255,74.35429331129322,-420.4774169921875,74.52261352539062,17.234996795654297,10.60847282409668,7.09596586227417,3.4677696228027344,-8.80849838256836,-9.070066452026367,-1.582015037536621,5.328707695007324,0.0400812029838562,-0.038164377212524414,-5.6314005851745605,laks,laks_J_1.5m_tmlKlasse_001_s08.wav
0.022673137485980988,0.14038377398587412,1363.350554829638,2029.0,717.0,10044.147299545228,29573.710828619434,2650.237942690632,114.48752603522314,-396.3179931640625,81.55577087402344,10.825645446777344,17.162206649780273,6.809525966644287,-1.8293899297714233,-9.45503044128418,-16.20801544189453,-4.551568031311035,7.7119855880737305,-3.9044830799102783,0.7698912024497986,0.17080509662628174,laks,laks_J_1.5m_tmlKlasse_001_s09.wav
0.021285656839609146,0.1677604850303144,1602.2869850259294,2641.0,725.0,6823.9698859168275,23718.416334375477,3120.7108329821626,150.7731137436968,-373.63299560546875,75.99232482910156,1.8014631271362305,22.073902130126953,9.892937660217285,-12.732318878173828,-16.908222198486328,-14.282983779907227,-5.835563659667969,2.6445939540863037,-5.078006744384766,-1.2746596336364746,-3.4720685482025146,laks,laks_J_1.5m_tmlKlasse_001_s10.wav
0.02552233450114727,0.12625789111819488,1239.78065661124,2716.0,284.0,34306.99117415758,1049.9744996659072,479.4000316063319,139.10135598942796,-422.0868225097656,79.02896118164062,21.265064239501953,21.475296020507812,5.642075538635254,-1.0626521110534668,-0.4932764172554016,-9.962495803833008,-3.778687000274658,-4.151138782501221,-12.040153503417969,-5.656428337097168,-3.856509208679199,ulv,ulv_A_0.75m_nygaard_001_s01.wav
0.02313590794801712,0.11500718794924683,1208.4139519056398,2587.0,395.0,26749.380090838356,787.9516834180803,202.8458358396167,42.267333825078516,-425.3837890625,84.66804504394531,22.014995574951172,16.68097686767578,0.8043227195739746,-1.397334337234497,-3.934501886367798,-11.025562286376953,-6.237575054168701,-2.019913911819458,-7.256074905395508,-5.86060094833374,-4.768039703369141,ulv,ulv_A_0.75m_nygaard_001_s02.wav
0.021520525217056274,0.11538221138821177,1171.2067114877846,2420.0,396.0,22513.54581187749,547.4086511820647,174.2029408454216,35.13410230349729,-443.9517517089844,74.53854370117188,29.933696746826172,24.52473258972168,7.080716609954834,-0.17899462580680847,-1.8502689599990845,-7.021548271179199,-4.183962821960449,-4.147466659545898,-8.848358154296875,-5.625058650970459,-3.885908365249634,ulv,ulv_A_0.75m_nygaard_001_s03.wav
0.017467303201556206,0.09119319957497343,1281.0192394566095,2948.0,394.0,15099.799716119096,383.0212128614909,133.25710185019105,52.17075451354745,-433.22332763671875,81.08011627197266,30.579904556274414,27.736297607421875,8.573348999023438,-3.1320831775665283,-8.156049728393555,-11.823074340820312,-6.13845157623291,-3.109233856201172,-8.754457473754883,-3.105297565460205,-1.2832636833190918,ulv,ulv_A_0.75m_nygaard_001_s04.wav
0.019461311399936676,0.10463153947121695,1205.9087655372748,2604.0,397.0,18871.69580541895,552.3245096060958,164.7685494500734,52.117703360871204,-421.44097900390625,84.77661895751953,21.933456420898438,21.444955825805664,4.644745826721191,-1.4320402145385742,-3.629159450531006,-8.88336181640625,-6.303231239318848,-5.062151908874512,-9.927560806274414,-5.306079864501953,-5.049283027648926,ulv,ulv_A_0.75m_nygaard_001_s05.wav
0.015437331981956959,0.12569535595974748,1308.0650055122576,2937.0,231.0,13796.812645108701,360.67306860559,201.78085908069215,46.43191900527778,-429.01422119140625,73.30674743652344,19.602386474609375,27.15663719177246,5.801408767700195,-1.9782880544662476,-5.324487209320068,-8.327909469604492,-1.566341519355774,-5.225912094116211,-8.884316444396973,-3.494499444961548,-7.727891445159912,ulv,ulv_A_0.75m_nygaard_001_s06.wav
0.01678127609193325,0.1280705044065254,1119.9025692362588,2274.0,394.0,14610.131585168954,356.9309506992767,96.5493402925198,29.414794223360126,-441.24774169921875,76.64877319335938,28.548646926879883,22.578941345214844,8.111623764038086,0.10037560760974884,-4.343387603759766,-5.771034240722656,-2.385653018951416,-2.3300118446350098,-7.311590194702148,-4.210251331329346,-4.024120330810547,ulv,ulv_A_0.75m_nygaard_001_s07.wav
0.015714142471551895,0.1251328208013001,1205.8656651204535,2505.0,230.0,13071.611836574579,804.5370487475393,104.2435979306423,34.1084750194412,-427.47210693359375,82.701416015625,20.403942108154297,11.241086959838867,1.5525150299072266,0.4272203743457794,1.795016884803772,-6.151812553405762,-2.4379475116729736,1.226176142692566,-8.305770874023438,-6.402015686035156,-4.519439697265625,ulv,ulv_A_0.75m_nygaard_001_s08.wav
0.02002502977848053,0.09313082067629226,1132.6603581087668,2290.0,396.0,23447.160888499493,1118.1574524057055,274.94812047980326,55.20828953005407,-398.18536376953125,91.54403686523438,17.120195388793945,24.069841384887695,5.1071977615356445,-5.831594467163086,-3.9891934394836426,-10.95522689819336,-6.645621299743652,-3.492581367492676,-8.315732955932617,-4.9210004806518555,-5.7995195388793945,ulv,ulv_A_0.75m_nygaard_001_s09.wav
0.015811994671821594,0.09500593787111694,1277.5217482738415,2970.0,230.0,14391.747400764963,614.9186947999501,155.75298060335012,77.85472951697108,-407.201416015625,84.48596954345703,22.1484432220459,31.593502044677734,5.589007377624512,-1.9041900634765625,-2.2892022132873535,-13.921878814697266,-6.18944787979126,-3.5496840476989746,-10.772873878479004,-6.870038986206055,-9.573577880859375,ulv,ulv_A_0.75m_nygaard_001_s10.wav
0.0252702459692955,0.17576098506156634,1176.1508024406178,2648.0,284.0,33767.49864522152,862.2020597595597,440.3400516949537,124.06812160371172,-458.6144714355469,62.82549285888672,23.953447341918945,21.179916381835938,8.979959487915039,3.212362766265869,0.8212052583694458,-6.332955360412598,-1.018635869026184,-1.8688054084777832,-9.986173629760742,-3.9874377250671387,-4.097818851470947,ulv,ulv_A_0.75m_stille_001_s01.wav
0.022890888154506683,0.19151196949809363,1193.8442328899916,2501.0,395.0,26510.298499010314,617.0491995404341,184.51026972432757,33.41277322776602,-473.5465087890625,57.294761657714844,23.48482894897461,19.225711822509766,9.595083236694336,4.993556976318359,0.27825987339019775,-5.716053485870361,-5.323172092437744,-2.5151078701019287,-5.728763580322266,-2.199674606323242,-1.598589539527893,ulv,ulv_A_0.75m_stille_001_s02.wav
0.02129439264535904,0.17494843427714232,1165.4572506624193,2404.0,397.0,22012.833564365745,520.7899017432615,170.3586554928868,32.651531439832326,-468.5633544921875,59.73462677001953,24.337909698486328,20.614179611206055,7.917850494384766,3.517756700515747,0.7744289636611938,-4.655660629272461,-4.2959771156311035,-4.471667289733887,-7.193954944610596,-3.478661298751831,-2.833143711090088,ulv,ulv_A_0.75m_stille_001_s03.wav
0.01696607656776905,0.19094943433964623,1279.401676657314,2991.0,394.0,14349.030362234911,276.69223415180966,119.00097729961912,46.87307841394479,-473.5429992675781,56.91717529296875,24.751060485839844,22.83948516845703,11.388298034667969,6.688055992126465,0.4440482258796692,-3.4923620223999023,-2.958635091781616,-2.744448184967041,-6.843585014343262,-0.8727191686630249,-2.100248098373413,ulv,ulv_A_0.75m_stille_001_s04.wav
0.01905404031276703,0.17507344209013062,1155.0101889234024,2422.0,397.0,18773.11578528116,446.002773469041,139.7088752863234,43.392211938884465,-467.084716796875,63.086456298828125,24.395565032958984,19.53510284423828,7.8096537590026855,2.4711968898773193,-0.21910464763641357,-3.230700969696045,-3.2366573810577393,-2.9357411861419678,-6.378325462341309,-1.8399083614349365,-3.666388511657715,ulv,ulv_A_0.75m_stille_001_s05.wav
0.014918412081897259,0.18469904369023063,1220.724340505062,2412.0,231.0,13461.671027362925,289.2878374789742,176.91254427474075,23.022120582849908,-476.77496337890625,57.289756774902344,25.295608520507812,20.089757919311523,11.46182918548584,5.3279337882995605,0.7107168436050415,-0.5753986835479736,-2.042529582977295,-4.166567325592041,-6.916641712188721,-2.8937325477600098,-3.4310145378112793,ulv,ulv_A_0.75m_stille_001_s06.wav
0.01666758768260479,0.17194824676542284,1066.651073302595,1911.0,394.0,14547.339446491027,338.4742159466656,86.81794793457867,23.037882899660232,-469.50518798828125,62.36756134033203,26.98957061767578,20.174264907836914,11.196678161621094,5.863195419311523,-0.2982412576675415,-3.951321840286255,-3.4992473125457764,-2.6922736167907715,-7.8397698402404785,-2.8647704124450684,-2.257359504699707,ulv,ulv_A_0.75m_stille_001_s07.wav
0.015301880426704884,0.18082380148759297,1139.762659073047,2205.0,230.0,12625.25579184876,466.1688337397153,71.65712680844538,22.528491140707743,-471.57720947265625,62.459232330322266,27.647153854370117,17.79683494567871,9.376373291015625,4.918379783630371,1.4542996883392334,-2.311377763748169,-2.306009292602539,-1.4104849100112915,-7.3581953048706055,-2.7101833820343018,-2.1021766662597656,ulv,ulv_A_0.75m_stille_001_s08.wav
0.01939130201935768,0.16538533658353646,1050.529222805914,1836.0,396.0,22769.691106550395,635.549345110821,212.72017134342582,33.60811987745197,-461.8389892578125,66.90877532958984,27.38309669494629,20.049400329589844,10.166985511779785,5.414127349853516,-0.08982229232788086,-6.439062595367432,-4.716273784637451,-3.9778127670288086,-7.868454933166504,-3.0336759090423584,-2.456295967102051,ulv,ulv_A_0.75m_stille_001_s09.wav
0.014633344486355782,0.1896993562097631,1098.2738870145747,2215.0,228.0,13259.14735248435,459.67174525745577,92.6624372027619,25.713701872989837,-470.87017822265625,61.50370788574219,24.97528648376465,18.601831436157227,9.831047058105469,6.32521915435791,0.2828958034515381,-4.1692352294921875,-3.590392589569092,-0.3595823347568512,-6.772943019866943,-5.047968864440918,-4.001489639282227,ulv,ulv_A_0.75m_stille_001_s10.wav
0.025288397446274757,0.16276017251078193,1188.644400328996,2672.0,284.0,33787.576722753955,861.5537615056433,442.3721737447365,126.98718101590312,-451.7766418457031,65.86670684814453,25.29592514038086,21.723283767700195,9.155643463134766,3.874066114425659,1.5241910219192505,-5.680609703063965,-0.8663279414176941,-0.9185758233070374,-8.499534606933594,-2.7675223350524902,-3.0912270545959473,ulv,ulv_A_0.75m_tmlKlasse_001_s01.wav
0.02498151920735836,0.11469466841677604,1345.1530716270565,2950.0,394.0,27867.58711722869,2520.5434534688734,256.87383101588114,86.69510327329705,-397.5171813964844,91.44229125976562,18.802410125732422,10.542119979858398,-3.427945852279663,-3.8012309074401855,-10.401774406433105,-17.130714416503906,-3.9239301681518555,2.6830432415008545,-6.57281494140625,-1.569326639175415,-6.195067405700684,ulv,ulv_A_0.75m_tmlKlasse_001_s02.wav
0.02182713709771633,0.07994249640602538,1156.0504946251551,2393.0,397.0,22973.858663150502,555.680114835598,176.32121800749144,37.91586832989635,-441.43182373046875,79.16912841796875,30.052337646484375,24.258787155151367,9.690271377563477,3.5020055770874023,-0.943044126033783,-9.404802322387695,-10.039758682250977,-10.744730949401855,-12.011650085449219,-4.603346824645996,-2.045747995376587,ulv,ulv_A_0.75m_tmlKlasse_001_s03.wav
0.01804231107234955,0.12069504344021502,1254.6760917433019,2833.0,395.0,15202.741125660392,601.5963336226557,150.25262955992613,58.35981870050516,-441.4118347167969,71.638427734375,26.83135414123535,32.01408386230469,10.516393661499023,-1.2248594760894775,-3.0010037422180176,-7.246565341949463,-5.200157165527344,-4.601023197174072,-11.055828094482422,-0.8233715295791626,-1.454265832901001,ulv,ulv_A_0.75m_tmlKlasse_001_s04.wav
0.01902410015463829,0.15407212950809426,1173.2332745050212,2479.0,398.0,18687.05344595737,453.4705417366696,142.0367128911447,45.46203973037909,-456.7054443359375,69.02265930175781,27.445049285888672,21.92015266418457,9.443094253540039,3.978062629699707,-0.12743282318115234,-5.193046569824219,-5.390991687774658,-3.988804817199707,-6.815428733825684,-1.336055874824524,-2.9946024417877197,ulv,ulv_A_0.75m_tmlKlasse_001_s05.wav
0.015798592939972878,0.09556847302956435,1196.147795523332,2385.0,231.0,14278.146719772136,660.4487622439588,202.25589339411616,34.43603045259121,-427.68414306640625,85.95956420898438,23.562803268432617,23.034183502197266,7.94373083114624,1.4571611881256104,0.9212265014648438,-10.748957633972168,-12.184272766113281,-7.43475866317749,-9.333932876586914,-0.5244652628898621,-1.7057007551193237,ulv,ulv_A_0.75m_tmlKlasse_001_s06.wav
0.01755020022392273,0.09206825426589162,1063.532763649925,1901.0,393.0,15479.099081789282,671.7996853415768,96.58938015026673,27.45190137461546,-426.80645751953125,86.22026824951172,26.360164642333984,25.071144104003906,9.356088638305664,-2.2683725357055664,-8.106411933898926,-10.797889709472656,-4.394772529602051,-4.5256218910217285,-10.357688903808594,-1.6568275690078735,-1.4700385332107544,ulv,ulv_A_0.75m_tmlKlasse_001_s07.wav
0.016718238592147827,0.0834427151696981,1105.1399688861327,2113.0,229.0,15759.6984482289,1013.2506550882395,102.9009192943934,33.31902397052875,-420.5401306152344,95.55244445800781,27.779369354248047,19.569961547851562,6.199229717254639,-0.5693804025650024,-2.3330698013305664,-11.200847625732422,-9.915654182434082,-6.795567035675049,-12.77545166015625,-4.641590118408203,-0.9963662028312683,ulv,ulv_A_0.75m_tmlKlasse_001_s08.wav
0.023757871240377426,0.10163135195949746,1119.3066422968325,2294.0,396.0,24143.742539642408,1550.8626356546667,333.5685120454234,69.46967929784675,-386.09515380859375,97.10952758789062,10.729021072387695,15.651504516601562,-3.7758877277374268,-3.491691827774048,-3.4132614135742188,-13.736477851867676,-5.884247779846191,-7.295579433441162,-8.436145782470703,-1.821087121963501,-3.393918514251709,ulv,ulv_A_0.75m_tmlKlasse_001_s09.wav
0.015758251771330833,0.08700543783986499,1094.6986861619064,2153.0,230.0,14131.159738795148,682.5861399873113,100.0629059307445,28.63618763191144,-429.6267395019531,91.33851623535156,33.816078186035156,23.8021297454834,4.539237022399902,-2.593034505844116,-4.9270524978637695,-12.29109001159668,-10.521459579467773,-4.211353302001953,-7.91349983215332,-3.5242714881896973,-2.2980833053588867,ulv,ulv_A_0.75m_tmlKlasse_001_s10.wav
0.03572981059551239,0.11375710981936371,1017.7312299041558,1882.0,154.0,76154.46611158835,2557.1662098072684,612.0123783697245,94.234067992122,-380.5420227050781,90.63525390625,4.668423175811768,18.31795883178711,-4.181884765625,-5.897974491119385,-0.38198113441467285,-11.748668670654297,-2.123173713684082,1.4685436487197876,-5.168572425842285,-5.331055164337158,-5.524806022644043,ulv,ulv_A_1.5m_nygaard_001_s01.wav
0.024378828704357147,0.10431901993874618,957.2359009162612,1682.0,259.0,37664.50843998529,710.8331075786604,173.7283586658388,37.73791593362228,-422.55523681640625,83.53877258300781,25.773761749267578,23.312408447265625,10.214740753173828,-2.067293882369995,-7.286032199859619,-11.541828155517578,-7.561768531799316,-2.7003650665283203,-6.99339485168457,-9.200651168823242,-7.254280090332031,ulv,ulv_A_1.5m_nygaard_001_s02.wav
0.03245440125465393,0.07825489093068316,1006.775487008915,2235.0,414.0,74506.49036602167,2004.0155102736726,742.3631945304124,114.08130373274436,-389.0048828125,94.78717041015625,22.705957412719727,32.736717224121094,9.497838020324707,-4.927209854125977,-6.128325462341309,-18.62885856628418,-9.915265083312988,-5.307096481323242,-10.792572021484375,-8.657515525817871,-6.553351402282715,ulv,ulv_A_1.5m_nygaard_001_s03.wav
0.026131214573979378,0.13000812550784424,1125.0680372289733,2274.0,278.0,41655.67239998782,508.92408307283773,179.7377246407972,30.556038101311,-438.414306640625,74.3660888671875,27.314334869384766,25.668790817260742,9.087392807006836,0.10371637344360352,-4.8729963302612305,-11.487638473510742,-7.27707576751709,-2.717085123062134,-9.959102630615234,-6.800930976867676,-3.6032001972198486,ulv,ulv_A_1.5m_nygaard_001_s04.wav
0.01899334043264389,0.10338146134133383,1189.1711807539,2432.0,258.0,21417.17046899518,348.50014015777793,173.38264934210147,27.615523729126988,-436.0013732910156,80.2953109741211,28.564395904541016,23.28022003173828,13.679620742797852,1.7553038597106934,-8.318727493286133,-10.942146301269531,-7.039565563201904,-5.637184143066406,-10.95337200164795,-6.734219551086426,-4.142814636230469,ulv,ulv_A_1.5m_nygaard_001_s05.wav
0.016118304803967476,0.12500781298831176,1276.5937948603416,2864.0,135.0,15767.676113130357,340.1620410402009,79.38327305966831,28.676045514058043,-444.96087646484375,73.74794006347656,26.808366775512695,23.229820251464844,10.486919403076172,2.9381799697875977,-3.7172555923461914,-5.65810489654541,-3.3456521034240723,-0.9907603859901428,-5.794452667236328,-5.412655830383301,-5.18235969543457,ulv,ulv_A_1.5m_nygaard_001_s06.wav
0.02208804339170456,0.09581848865554098,1305.3139831270512,2889.0,258.0,28245.44122135588,2105.266246999197,764.1778519451017,197.9628757991816,-379.0400085449219,91.27151489257812,10.36284065246582,26.004322052001953,-0.34336745738983154,-7.518238067626953,-11.222282409667969,-21.690170288085938,-0.7388797998428345,-3.0259671211242676,-11.212671279907227,-7.553033828735352,-8.38865852355957,ulv,ulv_A_1.5m_nygaard_001_s07.wav
0.0215106513351202,0.09019313707106694,964.6717552330642,1670.0,136.0,32749.065233070593,536.3795428517295,129.38313415985795,47.72275957658782,-415.6715393066406,92.11907958984375,26.894710540771484,24.119029998779297,9.512958526611328,2.826997756958008,-4.832723617553711,-13.746663093566895,-8.181178092956543,-1.8146916627883911,-8.28953742980957,-6.196361541748047,-7.649087429046631,ulv,ulv_A_1.5m_nygaard_001_s08.wav
0.015343569219112396,0.08794299643727733,1257.9897636806015,2707.0,260.0,13729.57752089424,683.7259828598445,119.64656404493331,32.14865440981479,-431.4773864746094,83.65728759765625,25.459794998168945,22.902507781982422,7.270734786987305,-4.9179534912109375,-9.147523880004883,-8.385723114013672,-6.7643022537231445,-3.8057541847229004,-6.783702850341797,-8.001422882080078,-5.727860450744629,ulv,ulv_A_1.5m_nygaard_001_s09.wav
0.015112008899450302,0.12725795362210138,1513.4164337523657,3126.0,259.0,12523.288549609455,269.50673547614247,373.9217840731855,59.749729698692214,-432.90301513671875,73.97554779052734,15.874967575073242,21.398942947387695,17.822284698486328,5.05388069152832,-6.579178810119629,-8.476764678955078,-4.338386535644531,-0.046597301959991455,-7.54448127746582,-6.157159328460693,-4.314193248748779,ulv,ulv_A_1.5m_nygaard_001_s10.wav
0.03468797728419304,0.16126007875492218,890.0829248828129,1537.0,154.0,74622.94219779124,469.9493201743088,230.33332152880558,35.20910532770651,-451.91802978515625,67.15313720703125,25.381420135498047,22.44409942626953,16.21969223022461,5.644452095031738,-1.5627577304840088,-7.194666862487793,-5.248291969299316,-0.2512989044189453,-6.964147567749023,-7.166234016418457,-6.43052864074707,ulv,ulv_A_1.5m_stille_001_s01.wav
0.024127492681145668,0.15850990686917932,893.4457914981147,1542.0,259.0,37528.01965226823,422.51128708182614,105.23825766146486,26.676901404169868,-462.30657958984375,68.76063537597656,30.285144805908203,24.579288482666016,17.58208465576172,7.113882064819336,-1.5730435848236084,-7.923210620880127,-9.094123840332031,-3.9343976974487305,-8.689473152160645,-7.012283802032471,-5.667742729187012,ulv,ulv_A_1.5m_stille_001_s02.wav
0.0314999483525753,0.10844427776736046,806.2164025899663,1415.0,414.0,72827.65856695367,629.4488416167419,207.0584015944252,38.38195864510509,-452.46978759765625,75.65385437011719,30.470142364501953,25.892295837402344,17.664196014404297,7.330587387084961,-0.6719392538070679,-8.713396072387695,-8.103355407714844,-2.702760696411133,-11.12983512878418,-8.46347427368164,-4.994573593139648,ulv,ulv_A_1.5m_stille_001_s03.wav
0.025945695117115974,0.1838864929058066,1094.2893433879262,2054.0,278.0,41368.212849673044,389.4364127386847,157.72480089833456,24.079290365168312,-472.6941223144531,59.74651336669922,27.594257354736328,22.144962310791016,14.43220043182373,5.443453788757324,-1.9283576011657715,-6.5341315269470215,-6.867119789123535,-3.190060615539551,-8.916481018066406,-6.359160423278809,-4.592813491821289,ulv,ulv_A_1.5m_stille_001_s04.wav
0.018343182280659676,0.17007312957059817,1188.0916631921846,2432.0,258.0,20243.58620500673,274.81721796985903,136.35369531559496,22.189308821400406,-471.9799499511719,59.13602066040039,26.21615982055664,20.289203643798828,14.609678268432617,7.9324822425842285,-0.3206852674484253,-6.278309345245361,-7.203055381774902,-3.825441360473633,-6.796996593475342,-4.539694786071777,-4.060782432556152,ulv,ulv_A_1.5m_stille_001_s05.wav
0.01592501811683178,0.1657603600225014,1250.3432531449382,2789.0,135.0,15487.408305982393,292.51036044249025,68.670855463762,24.495332600447703,-474.13311767578125,59.98663330078125,27.093517303466797,21.186809539794922,14.90246295928955,8.428955078125,-0.6008265614509583,-5.20978307723999,-4.2699198722839355,-1.1429028511047363,-7.197253227233887,-7.093143939971924,-5.426927089691162,ulv,ulv_A_1.5m_stille_001_s06.wav
0.01956949383020401,0.1776986061628852,994.6470902441978,1645.0,258.0,25355.399168508553,247.16160011898694,44.95151880436889,30.171781539331914,-470.48931884765625,62.446998596191406,28.402236938476562,21.88166618347168,13.046679496765137,8.675872802734375,-0.36473554372787476,-8.979281425476074,-7.285849571228027,-1.987157940864563,-7.851500511169434,-5.71821928024292,-3.9016470909118652,ulv,ulv_A_1.5m_stille_001_s07.wav
0.02096998505294323,0.15294705919119944,920.6973354266548,1554.0,136.0,32252.958949699798,334.4979543458691,111.5314071476979,38.63365361241768,-465.0473327636719,67.47479248046875,30.827232360839844,25.529891967773438,15.718792915344238,8.597885131835938,-1.0699834823608398,-9.180227279663086,-7.94893741607666,-3.368997573852539,-9.542222023010254,-7.905937194824219,-6.399842262268066,ulv,ulv_A_1.5m_stille_001_s08.wav
0.014384710229933262,0.1698856178511157,1274.3959818986953,2975.0,260.0,13023.155278263717,163.88366428115341,78.66258545371394,23.499764591061776,-478.87396240234375,57.939002990722656,27.737895965576172,22.681642532348633,14.727632522583008,6.408108711242676,-1.3452260494232178,-4.237517833709717,-6.612487316131592,-3.559967517852783,-7.325887680053711,-4.84983491897583,-3.9779257774353027,ulv,ulv_A_1.5m_stille_001_s09.wav
0.014680569991469383,0.19444965310331896,1281.353121616752,2913.0,259.0,12346.066213747894,175.3645063262784,52.43737220774483,20.74770915676303,-479.3820495605469,54.718082427978516,25.435558319091797,21.41341781616211,15.266042709350586,6.571996688842773,0.13059666752815247,-4.872828006744385,-6.334775924682617,-1.8302993774414062,-4.708834648132324,-4.217850685119629,-4.631710529327393,ulv,ulv_A_1.5m_stille_001_s10.wav
0.034852687269449234,0.10481905119069942,913.7893797628369,1567.0,154.0,74657.90514391447,471.19814313417464,232.4501670684105,41.55538540915027,-431.5657958984375,79.26823425292969,30.313508987426758,24.100791931152344,13.682073593139648,7.545137882232666,-1.5862996578216553,-9.903202056884766,-4.390029430389404,-0.49204200506210327,-6.6074042320251465,-8.30843448638916,-9.507865905761719,ulv,ulv_A_1.5m_tmlKlasse_001_s01.wav
0.02451596036553383,0.1051315707231702,911.3248314314695,1581.0,259.0,37952.29237431791,468.2250475448128,109.4221480090849,30.3424202934026,-432.3193359375,85.18145751953125,30.761680603027344,27.601978302001953,15.581600189208984,4.700922966003418,-5.068674564361572,-14.653753280639648,-10.248170852661133,-4.002427577972412,-9.908037185668945,-5.914444923400879,-5.58497953414917,ulv,ulv_A_1.5m_tmlKlasse_001_s02.wav
0.03346477448940277,0.07944246515407213,909.2038941269343,1777.0,414.0,74191.88131957478,3174.5243458766295,777.0784381880507,76.4677931733298,-379.51983642578125,111.369873046875,12.224130630493164,15.925026893615723,6.026613235473633,-1.943528413772583,-2.2251431941986084,-12.559588432312012,-9.632770538330078,-2.291841983795166,-8.728192329406738,-4.519115447998047,-7.025285720825195,ulv,ulv_A_1.5m_tmlKlasse_001_s03.wav
0.025969630107283592,0.12544534033377086,1111.6808257938333,2134.0,278.0,41305.42246894448,438.09653586771117,160.7648912310734,26.225424485674445,-451.00115966796875,75.90425109863281,32.31373596191406,21.680315017700195,12.979631423950195,4.249298095703125,-3.815713882446289,-10.466404914855957,-10.530736923217773,-3.90920090675354,-6.002910614013672,-1.6481211185455322,-1.8934389352798462,ulv,ulv_A_1.5m_tmlKlasse_001_s04.wav
0.018692009150981903,0.11756984811550722,1171.5216354218353,2393.0,258.0,20943.622426135466,382.25489709863245,140.67726416324646,24.65719689738582,-450.00701904296875,76.05766296386719,32.921043395996094,23.46638298034668,13.882613182067871,4.065950393676758,-5.470664024353027,-10.91423511505127,-7.573237419128418,-2.55068302154541,-5.968600273132324,-3.51908540725708,-3.2514166831970215,ulv,ulv_A_1.5m_tmlKlasse_001_s05.wav
0.021075326949357986,0.08744296518532409,1196.793485227666,2443.0,135.0,19698.987488511855,5017.898386048091,515.0677181042363,48.96707793422918,-364.28448486328125,110.29962158203125,2.0568623542785645,20.45297622680664,2.177156925201416,-12.084783554077148,-7.1784844398498535,-17.295547485351562,-10.75983715057373,11.068254470825195,-0.7689678072929382,-7.49421501159668,0.5119116306304932,ulv,ulv_A_1.5m_tmlKlasse_001_s06.wav
0.01973571814596653,0.13069566847927996,1034.090836605866,1968.0,258.0,25566.448432064244,251.97337641049444,58.03675117885085,36.24824740025644,-442.79248046875,73.14207458496094,25.64818572998047,25.865005493164062,13.502418518066406,4.550752639770508,-3.574413299560547,-11.926258087158203,-10.468554496765137,-5.7728095054626465,-9.330172538757324,-5.37417459487915,-3.153414011001587,ulv,ulv_A_1.5m_tmlKlasse_001_s07.wav
0.021200863644480705,0.14219638727420464,929.8529599394653,1577.0,136.0,33442.782877021906,384.86738531967575,117.07297164936118,40.844163301713735,-453.22735595703125,72.0277099609375,30.388763427734375,26.153156280517578,15.488447189331055,7.892633438110352,-0.9487900733947754,-9.407454490661621,-7.63161039352417,-0.7991303205490112,-6.400091171264648,-6.046512603759766,-5.2180609703063965,ulv,ulv_A_1.5m_tmlKlasse_001_s08.wav
0.01443890668451786,0.14950934433402088,1298.9986766303168,3072.0,260.0,13066.321054948909,170.53879983293075,81.80414304649544,26.040267474703427,-463.83673095703125,65.25045776367188,28.47812271118164,22.99925994873047,14.48621940612793,6.895900726318359,-0.9980638027191162,-4.469430446624756,-5.612809658050537,-3.151621103286743,-7.578856468200684,-4.436022758483887,-3.7019119262695312,ulv,ulv_A_1.5m_tmlKlasse_001_s09.wav
0.014706220477819443,0.1790736921057566,1296.8986446781387,2985.0,259.0,12393.76477567864,178.9697220167027,52.83082895606994,22.426626995188066,-472.0032958984375,58.674476623535156,27.111412048339844,21.641674041748047,15.176645278930664,7.695987224578857,0.2681324779987335,-4.902687072753906,-5.829415321350098,-1.1412683725357056,-3.650104284286499,-3.127150774002075,-3.8010921478271484,ulv,ulv_A_1.5m_tmlKlasse_001_s10.wav
0.052347734570503235,0.07712982061378836,998.8289155303053,1759.0,313.0,125222.85412553037,1886.5459099814605,179.4163433347942,37.16442194973592,-411.9939270019531,88.52328491210938,17.35233497619629,16.885093688964844,3.5526766777038574,1.6275763511657715,-0.1013563871383667,-9.302212715148926,-8.985631942749023,-7.913243293762207,-10.555061340332031,-8.52717399597168,-11.574117660522461,ulv,ulv_C_0.75m_nygaard_001_s01.wav
0.043863192200660706,0.10988186761672604,1097.0718216210817,2060.0,312.0,87990.71221480404,865.6513095858257,91.37418071244973,31.138622161972258,-432.2624206542969,79.54492950439453,21.554595947265625,18.65699005126953,3.5492875576019287,-1.0796008110046387,-4.525742530822754,-11.620898246765137,-8.972593307495117,-5.148249626159668,-7.22421932220459,-4.857409477233887,-9.304856300354004,ulv,ulv_C_0.75m_nygaard_001_s02.wav
0.05217529833316803,0.0923807737983624,873.1667826986263,1305.0,312.0,124773.55299596321,2475.2176877802335,94.66428944699865,28.36443012154904,-440.0643310546875,79.94293975830078,27.628496170043945,20.014949798583984,11.120506286621094,4.700454235076904,-1.559597134590149,-6.682784080505371,-9.768325805664062,-4.496440887451172,-6.934462070465088,-5.999527931213379,-7.2404961585998535,ulv,ulv_C_0.75m_nygaard_001_s03.wav
0.06903166323900223,0.1008813050815676,992.5896663821615,1981.0,301.0,302433.9477267427,2028.1239058474546,323.21131375271443,59.73418239679981,-425.96710205078125,81.38785552978516,21.749717712402344,20.772342681884766,7.0500168800354,-2.9069771766662598,-3.0008976459503174,-9.248673439025879,-9.085954666137695,-6.448566436767578,-9.590027809143066,-7.686363220214844,-9.407051086425781,ulv,ulv_C_0.75m_nygaard_001_s04.wav
0.0756981372833252,0.09250578161135072,984.5955147157047,1888.0,313.0,348380.1997173804,1389.08620995031,196.69989002038153,75.39307954807344,-401.39715576171875,87.31144714355469,18.895679473876953,30.858707427978516,6.738421440124512,-2.5669894218444824,-1.8310573101043701,-13.257389068603516,-8.777303695678711,-10.213676452636719,-14.026960372924805,-9.428421020507812,-13.17580795288086,ulv,ulv_C_0.75m_nygaard_001_s05.wav
0.04028526321053505,0.11019438714919683,1075.7348617543926,2019.0,301.0,72141.42986693181,1503.189143906343,73.45595634526597,28.649194517069773,-435.1250305175781,81.35211944580078,26.808692932128906,18.011455535888672,3.5315825939178467,-2.8985095024108887,-3.452200174331665,-6.552670001983643,-4.691736221313477,-4.081412315368652,-7.97066593170166,-6.01133918762207,-7.387890815734863,ulv,ulv_C_0.75m_nygaard_001_s06.wav
0.056915175169706345,0.11744484030251891,1033.6219665845456,1890.0,313.0,162228.37395540634,1367.8197523489312,104.37854525226305,32.11131205395076,-414.5228271484375,84.85404968261719,16.160715103149414,16.601200103759766,0.30227959156036377,-5.234124660491943,-5.471921920776367,-9.444375991821289,-7.044343948364258,-6.55593204498291,-9.45166301727295,-6.664536476135254,-7.36967658996582,ulv,ulv_C_0.75m_nygaard_001_s07.wav
0.048791319131851196,0.12019501218826177,985.1884806399041,1745.0,314.0,99807.17587121086,1222.1417020269278,122.67301954492065,32.02727954602833,-425.6123046875,81.43216705322266,20.36254119873047,24.84662437438965,4.657551288604736,-7.158535957336426,-0.9514447450637817,-6.791324615478516,-9.8621826171875,-7.544634819030762,-11.146272659301758,-6.862118721008301,-7.458316326141357,ulv,ulv_C_0.75m_nygaard_001_s08.wav
0.0554729588329792,0.08569285580348772,972.5641980035938,1570.0,301.0,166774.55940230246,2068.6325769465093,95.10967714572263,41.23501065101354,-398.98883056640625,95.3961181640625,17.132843017578125,18.233657836914062,-2.074052572250366,-7.178503036499023,-3.9203925132751465,-12.679473876953125,-12.197883605957031,-7.354159355163574,-9.308683395385742,-6.623287200927734,-7.096126556396484,ulv,ulv_C_0.75m_nygaard_001_s09.wav
0.04769135266542435,0.12200762547659229,992.8237013253239,1527.0,313.0,99986.867878856,1933.005625025653,78.63712037464366,28.705372690495956,-433.4266052246094,74.80052185058594,22.209566116333008,18.002487182617188,4.199697494506836,-2.67581844329834,-5.090946197509766,-10.023369789123535,-11.333829879760742,-6.791450023651123,-6.646900177001953,-4.434142589569092,-7.709415435791016,ulv,ulv_C_0.75m_nygaard_001_s10.wav
0.051811303943395615,0.17701106319144946,966.7512686250309,1556.0,313.0,122671.5979037445,1218.9830897560341,123.50399880052845,19.32399645929688,-464.96630859375,61.82133483886719,17.753345489501953,14.927143096923828,9.118114471435547,3.2286715507507324,-0.4868185520172119,-3.573403835296631,-10.269865989685059,-7.048300266265869,-5.628408908843994,-3.822521686553955,-6.507396221160889,ulv,ulv_C_0.75m_stille_001_s01.wav
0.043810274451971054,0.17638602412650792,1050.4572995509732,1880.0,312.0,87940.31109293984,735.2543972725671,78.54120702254497,19.906577707208147,-468.390380859375,60.997196197509766,19.821308135986328,15.795591354370117,11.257349014282227,3.813422679901123,-2.984121561050415,-5.7453789710998535,-8.490830421447754,-6.4754252433776855,-8.68951416015625,-5.836890697479248,-6.59881591796875,ulv,ulv_C_0.75m_stille_001_s02.wav
0.051987309008836746,0.1721357584849053,876.054522999542,1296.0,312.0,123980.83851266817,2381.395372628336,89.0400396730916,24.891938854404586,-462.052978515625,63.288726806640625,18.603490829467773,14.151321411132812,9.55583667755127,3.6185250282287598,-2.876741647720337,-7.188117504119873,-10.7666015625,-6.2233967781066895,-7.225539684295654,-5.648000717163086,-8.601624488830566,ulv,ulv_C_0.75m_stille_001_s03.wav
0.06892812252044678,0.1344459028689293,955.7043495110842,1827.0,301.0,302717.21573053685,1321.4229676419075,273.7722873443698,46.499935534929,-454.9737548828125,67.79531860351562,20.748638153076172,19.005859375,9.95987319946289,2.3932812213897705,0.06235116720199585,-6.338869094848633,-10.218193054199219,-9.133390426635742,-11.452579498291016,-9.175226211547852,-10.93056869506836,ulv,ulv_C_0.75m_stille_001_s04.wav
0.07541642338037491,0.1416963560222514,883.9340442584846,1347.0,313.0,346544.6551448607,1240.37591573977,132.72188239686247,26.47169851752259,-460.91961669921875,64.94546508789062,19.55823516845703,17.27239418029785,10.369821548461914,3.8188655376434326,-0.997344970703125,-6.115653038024902,-10.89487075805664,-10.017629623413086,-10.033794403076172,-8.30671501159668,-9.399616241455078,ulv,ulv_C_0.75m_stille_001_s05.wav
0.04007735848426819,0.17338583661478843,1070.6837279404365,1937.0,301.0,71561.11314963132,1405.0393251106336,56.41012409338245,23.141803914750227,-472.66986083984375,59.81248474121094,21.90375328063965,14.729724884033203,6.073738098144531,1.6019501686096191,-0.6354330778121948,-2.5294127464294434,-5.728628158569336,-6.438164234161377,-9.357259750366211,-6.481261253356934,-7.501595973968506,ulv,ulv_C_0.75m_stille_001_s06.wav
0.05596368759870529,0.1908244265266579,1017.0840219898171,1798.0,313.0,161778.32407770885,1166.7411492157066,78.03735471715198,24.010349369063427,-470.5590515136719,59.23914337158203,20.479656219482422,16.91759490966797,11.34372615814209,4.108410358428955,-1.505499243736267,-4.119950294494629,-9.033300399780273,-8.090921401977539,-8.422531127929688,-5.4305195808410645,-6.473336219787598,ulv,ulv_C_0.75m_stille_001_s07.wav
0.04860152304172516,0.17776111006937934,958.9291310174201,1482.0,314.0,98811.88449961602,1153.8646508706054,87.8528782019852,20.992562253794603,-470.0890197753906,61.052581787109375,21.965194702148438,15.317865371704102,7.74483585357666,2.1642327308654785,-0.17281413078308105,-3.7295961380004883,-9.014605522155762,-7.519877910614014,-9.29068374633789,-7.338944435119629,-7.2706146240234375,ulv,ulv_C_0.75m_stille_001_s08.wav
0.055111709982156754,0.15038439902493905,930.5865673826564,1273.0,301.0,165738.37175226933,1667.2934956163176,50.85263855476759,25.395640186201913,-470.1429138183594,61.138587951660156,23.749109268188477,16.80853271484375,6.378844261169434,3.740095853805542,1.0148855447769165,-6.214766502380371,-11.299559593200684,-9.88823127746582,-9.452781677246094,-4.995274066925049,-6.966762065887451,ulv,ulv_C_0.75m_stille_001_s09.wav
0.047615792602300644,0.17026064129008062,937.4395281961221,1339.0,313.0,100310.9805672677,1837.0105478951934,59.44324990478494,18.49114994300472,-470.0879211425781,61.66594314575195,23.401216506958008,15.725765228271484,9.089506149291992,3.126126766204834,-1.408745527267456,-5.817859649658203,-11.21933364868164,-8.387626647949219,-9.697992324829102,-6.868111610412598,-6.495811939239502,ulv,ulv_C_0.75m_stille_001_s10.wav
0.05190779268741608,0.11763235202200137,970.1236263155843,1581.0,313.0,123104.5036190002,1297.7935392727975,130.8507979921573,21.504867611277852,-434.43780517578125,83.59072875976562,19.246498107910156,10.799510955810547,4.451444149017334,-1.0023423433303833,-3.242614984512329,-7.420114517211914,-13.734901428222656,-7.367260456085205,-2.6260950565338135,-0.3505591154098511,-3.2451248168945312,ulv,ulv_C_0.75m_tmlKlasse_001_s01.wav
0.04384429380297661,0.11313207075442215,1049.7043864403258,1889.0,312.0,87924.41968665896,740.9881944748887,81.70279262608003,21.819388405134013,-453.75286865234375,70.88306427001953,25.800800323486328,22.95793914794922,16.028602600097656,6.537222862243652,0.3389638662338257,-3.9840281009674072,-8.393722534179688,-6.763145446777344,-9.599754333496094,-7.029601097106934,-7.070669174194336,ulv,ulv_C_0.75m_tmlKlasse_001_s02.wav
0.05252787470817566,0.07575473467091694,904.0891769216021,1364.0,312.0,124151.64250933271,3675.2407767581303,135.0627869731198,46.12018137859642,-387.4900207519531,109.50151062011719,17.981855392456055,9.579095840454102,-7.233490467071533,-7.911685943603516,-8.04328727722168,-18.50385856628418,-18.851511001586914,-5.702899932861328,-2.503690719604492,-0.8430092334747314,-3.3444223403930664,ulv,ulv_C_0.75m_tmlKlasse_001_s03.wav
0.06925065070390701,0.08394274642165135,990.8833278169396,2027.0,301.0,304511.17166747357,1407.9380885201626,366.47264989528253,68.72057321007381,-394.17498779296875,98.74783325195312,10.29936408996582,17.96241569519043,2.8041000366210938,-5.990883827209473,-1.4831149578094482,-13.518192291259766,-11.449274063110352,-3.5913820266723633,-13.883563995361328,-9.848807334899902,-7.82157039642334,ulv,ulv_C_0.75m_tmlKlasse_001_s04.wav
0.0757768303155899,0.0780673792112007,891.352829582371,1411.0,313.0,347662.61758593336,2258.091491552486,188.2371944185977,33.11200146180116,-401.4025573730469,98.20052337646484,10.64862060546875,16.45394515991211,2.2414684295654297,-11.234651565551758,-2.2916107177734375,-6.117949962615967,-13.267218589782715,-8.887866973876953,-12.619611740112305,-8.03332233428955,-5.135082721710205,ulv,ulv_C_0.75m_tmlKlasse_001_s05.wav
0.040148016065359116,0.13832114507156698,1099.7896107074864,2057.0,301.0,71720.61091075148,1415.3823403966296,60.23639190659934,25.78151633038791,-451.49261474609375,69.42303466796875,26.053569793701172,17.680343627929688,9.329164505004883,0.3429912030696869,-2.043677568435669,-6.560242652893066,-6.705100059509277,-8.141439437866211,-7.926068305969238,-5.2285990715026855,-4.4378767013549805,ulv,ulv_C_0.75m_tmlKlasse_001_s06.wav
0.05599231272935867,0.1308831801987624,1021.5493922208597,1820.0,313.0,161802.05039917634,1193.2505291146854,79.60480934620294,25.959437464413355,-454.208251953125,72.1418228149414,28.445255279541016,22.18311309814453,14.597247123718262,6.617427825927734,-0.4969436824321747,-6.283341884613037,-12.58985424041748,-9.833049774169922,-9.414006233215332,-6.118758678436279,-7.612980365753174,ulv,ulv_C_0.75m_tmlKlasse_001_s07.wav
0.0486433282494545,0.10381898868679293,967.8966658743132,1578.0,314.0,99156.57979707672,1241.9931785109472,97.90043890340908,29.10269320522049,-427.03173828125,83.58967590332031,20.18170166015625,21.32830047607422,4.743948936462402,-4.3317975997924805,-2.9345922470092773,-9.601091384887695,-9.400650024414062,-7.1973090171813965,-9.649422645568848,-2.0716989040374756,-4.050314426422119,ulv,ulv_C_0.75m_tmlKlasse_001_s08.wav
0.055158015340566635,0.08619288705544097,941.9486811058802,1340.0,301.0,165711.4638198695,1707.7953422758605,55.93920377173075,29.032026399015372,-439.5067138671875,79.90585327148438,27.357471466064453,22.668434143066406,8.095394134521484,0.6334823966026306,-3.7690892219543457,-13.146279335021973,-15.14321517944336,-9.206816673278809,-8.886533737182617,-4.103387832641602,-3.792938232421875,ulv,ulv_C_0.75m_tmlKlasse_001_s09.wav
0.04797052964568138,0.11681980123757735,934.5873379727082,1400.0,313.0,102146.77436764142,1951.6209747255425,91.70835787398802,24.179750302056668,-437.04632568359375,79.12431335449219,27.399511337280273,20.53314208984375,9.123249053955078,0.30334538221359253,-6.609534740447998,-8.808597564697266,-10.32518196105957,-8.847969055175781,-9.433216094970703,-3.47316575050354,-4.856182098388672,ulv,ulv_C_0.75m_tmlKlasse_001_s10.wav
0.044163208454847336,0.11625726607912995,1010.1321324431633,1784.0,328.0,96668.19908429336,2706.515077617136,356.33145167695886,35.298717047199986,-423.6174621582031,81.12495422363281,14.427324295043945,19.074504852294922,9.442195892333984,-4.525454044342041,-4.662148952484131,-5.967043399810791,-7.567595481872559,-4.3314361572265625,-6.121737480163574,-7.000435829162598,-9.987361907958984,ulv,ulv_C_1.5m_nygaard_001_s01.wav
0.032163042575120926,0.10056878554909682,1047.0112595861312,1775.0,368.0,41650.892143957164,2512.065794970181,123.6386591639969,38.00019341789021,-416.79888916015625,90.25352478027344,22.613525390625,10.557445526123047,2.153766632080078,3.23464035987854,-2.766293525695801,-3.8788461685180664,-0.5933536291122437,-3.09090518951416,-0.4156334400177002,-5.456531047821045,-8.497920036315918,ulv,ulv_C_1.5m_nygaard_001_s02.wav
0.03935835510492325,0.1045690355647228,1207.173777202356,2565.0,324.0,55250.71861760976,3079.1372095386623,755.0294277973926,137.92410302339619,-365.7640380859375,87.42414093017578,1.4255343675613403,32.93297576904297,2.527006149291992,-13.832015037536621,-6.070145606994629,-8.727184295654297,-4.862695693969727,-7.321867942810059,-14.427864074707031,-8.588265419006348,-0.6093717813491821,ulv,ulv_C_1.5m_nygaard_001_s03.wav
0.02845136635005474,0.1115069691855741,1075.5237626510839,1946.0,304.0,42350.41955584561,2722.832516635452,340.2914816171907,24.214186616870727,-432.0634460449219,84.12055206298828,23.59579086303711,15.719277381896973,9.207414627075195,-1.7417279481887817,-5.970218658447266,-7.493124008178711,-10.441434860229492,-6.270702362060547,-7.697325229644775,-4.2069573402404785,-6.456203460693359,ulv,ulv_C_1.5m_nygaard_001_s04.wav
0.05261724442243576,0.09600600037502344,945.1448742023055,1570.0,326.0,123613.8134835053,2301.791013573683,199.016974631905,40.24104464600424,-396.6841735839844,93.02565002441406,14.182058334350586,19.35602569580078,6.080304145812988,-6.812590599060059,-5.232008934020996,-9.324183464050293,-8.737537384033203,-7.2919511795043945,-8.680761337280273,-7.020408630371094,-7.2267351150512695,ulv,ulv_C_1.5m_nygaard_001_s05.wav
0.026422327384352684,0.0848803050190637,1213.750703073728,2575.0,306.0,36061.33768787895,1122.5161388004944,244.2648502180448,72.50363424218835,-383.6238098144531,90.9600830078125,6.836936950683594,29.655120849609375,5.965369701385498,-4.456934452056885,-3.547642230987549,-15.132246017456055,-7.695627212524414,-6.716500759124756,-9.402547836303711,-6.846479415893555,-8.036813735961914,ulv,ulv_C_1.5m_nygaard_001_s06.wav
0.0343264602124691,0.13607100443777737,1053.3458187499275,1759.0,308.0,52452.46298319706,1848.1804667430831,101.96997533222573,21.477807559201885,-429.6672058105469,80.23855590820312,20.27178192138672,20.135828018188477,7.942585468292236,-0.043127745389938354,-0.8294866681098938,-5.344202995300293,-9.145463943481445,-8.07005500793457,-7.710371494293213,-4.165010452270508,-2.826923370361328,ulv,ulv_C_1.5m_nygaard_001_s07.wav
0.027125637978315353,0.11963247702981436,1161.2551285901382,2306.0,328.0,37686.57391196614,1259.1543430397942,85.50898689892077,39.812912708719274,-434.2677001953125,79.77468872070312,25.009952545166016,16.399341583251953,5.13681697845459,1.0424072742462158,-2.6012890338897705,-8.65716552734375,-8.392651557922363,-5.857425689697266,-6.100653648376465,1.1570924520492554,-1.8244349956512451,ulv,ulv_C_1.5m_nygaard_001_s08.wav
0.03779609501361847,0.08606787924245266,1167.328716423542,2429.0,305.0,79777.56386360542,3855.2794174852465,1136.8259859324698,240.99151473290274,-356.4383850097656,106.05789184570312,8.123865127563477,23.06130599975586,-3.627993106842041,-6.92561149597168,-7.849831581115723,-17.445741653442383,0.45280516147613525,-10.750044822692871,-16.24920654296875,-0.01357799768447876,-1.7372198104858398,ulv,ulv_C_1.5m_nygaard_001_s09.wav
0.030144348740577698,0.0827551721982624,1081.3805960223613,1826.0,305.0,47922.58913443453,2754.6405431879975,112.62954826123894,35.43800931127552,-402.9149475097656,97.95541381835938,26.107101440429688,20.343399047851562,3.4122605323791504,-3.665327548980713,-4.863807678222656,-10.046300888061523,-7.7904462814331055,-4.410006523132324,-7.84966516494751,-6.814794063568115,-5.159131050109863,ulv,ulv_C_1.5m_nygaard_001_s10.wav
0.044029638171195984,0.15588474279642478,942.6477964707163,1528.0,327.0,96346.38585343097,2383.744846367659,272.1972694899091,18.765100845796233,-458.2777404785156,68.55986785888672,19.54096221923828,13.82930850982666,14.673480033874512,5.534294128417969,-3.9871654510498047,-6.677483558654785,-9.075399398803711,-4.730747699737549,-7.013381004333496,-6.26170539855957,-7.240215301513672,ulv,ulv_C_1.5m_stille_001_s01.wav
0.03175230324268341,0.16957309831864492,988.0650737647707,1587.0,368.0,40953.57102317624,2230.9217323729686,103.9192749890577,16.47818221059251,-462.8998718261719,68.24580383300781,22.74396514892578,14.81842041015625,14.462156295776367,6.496002674102783,-1.2099213600158691,-2.459254264831543,-4.2217559814453125,-4.401289463043213,-5.375799179077148,-4.103580951690674,-2.0197160243988037,ulv,ulv_C_1.5m_stille_001_s02.wav
0.0370016023516655,0.1736983561472592,1024.9942311143673,1765.0,323.0,51532.972903506896,1788.6776910652068,222.6030533974432,19.103293895288964,-461.19512939453125,64.09953308105469,20.211212158203125,16.07696533203125,15.256591796875,3.133917808532715,-1.833794116973877,-2.146031141281128,-4.41729736328125,-5.914083957672119,-7.054815292358398,-3.6572673320770264,-1.3522050380706787,ulv,ulv_C_1.5m_stille_001_s03.wav
0.028201842680573463,0.16582286392899556,1044.2231956222688,1858.0,304.0,41879.8179237522,2591.568124832363,334.35693434080264,18.571331133540724,-459.06304931640625,68.38648986816406,19.680858612060547,13.880277633666992,11.767098426818848,0.8440635204315186,-3.1785030364990234,-1.0709009170532227,-7.842987060546875,-7.298639297485352,-8.30096435546875,-4.947303771972656,-6.741753578186035,ulv,ulv_C_1.5m_stille_001_s04.wav
0.05214683338999748,0.18613663353959622,891.4754189235235,1321.0,326.0,121602.67053648435,1744.0751913520126,134.1107307734801,20.35472983502406,-462.8681640625,64.28425598144531,19.995281219482422,12.56485366821289,11.805765151977539,3.5534634590148926,-2.8122153282165527,-4.821270942687988,-7.402920246124268,-8.43899154663086,-9.440282821655273,-5.821506500244141,-4.395478248596191,ulv,ulv_C_1.5m_stille_001_s05.wav
0.024388045072555542,0.1636352272017001,1092.3726559816482,2061.0,306.0,34313.01109001925,540.30125207756,72.79016972733123,19.452065071421792,-468.82806396484375,63.84465789794922,24.878936767578125,17.073251724243164,12.169086456298828,4.479146480560303,-0.23968130350112915,-1.8536419868469238,-6.663236141204834,-6.711159706115723,-8.709542274475098,-6.633413791656494,-6.426004409790039,ulv,ulv_C_1.5m_stille_001_s06.wav
0.03422752395272255,0.15832239514969684,1035.8970659457054,1695.0,307.0,52092.218749254185,1803.0617308936169,92.2322611744619,17.535263692608083,-462.7794494628906,67.51893615722656,21.715763092041016,14.945205688476562,11.72034740447998,7.019585609436035,3.430487632751465,-0.08031243085861206,-7.624258995056152,-7.706118583679199,-7.518969535827637,-2.838531494140625,-1.4393718242645264,ulv,ulv_C_1.5m_stille_001_s07.wav
0.02672841213643551,0.17507344209013062,1115.4844138645008,2036.0,328.0,36392.106687600484,812.2899802687651,59.15022484824182,20.203130539835435,-467.0184020996094,62.19857406616211,21.184173583984375,15.758130073547363,12.425067901611328,7.991018295288086,0.6017450094223022,-3.217609405517578,-7.848488807678223,-8.13403606414795,-7.185271263122559,-0.5589451789855957,-0.9453355073928833,ulv,ulv_C_1.5m_stille_001_s08.wav
0.034239109605550766,0.1443840240015001,990.5992226333085,1671.0,304.0,66756.21781865384,1034.5287773035757,107.62648120875204,18.373493229911627,-463.64666748046875,66.7270278930664,23.38870620727539,16.37247085571289,13.643571853637695,4.814777374267578,-1.723222255706787,-3.936375379562378,-6.644627094268799,-6.186778545379639,-7.5126752853393555,-4.740018367767334,-4.730810642242432,ulv,ulv_C_1.5m_stille_001_s09.wav
0.029299955815076828,0.14882180136258516,1000.5129691230344,1555.0,305.0,46107.085862761676,2427.503794481293,91.25133130293571,18.205492361171636,-460.704833984375,69.64936065673828,22.880661010742188,17.129648208618164,14.069893836975098,7.643197059631348,2.1023995876312256,0.03334927558898926,-4.267177104949951,-7.613059043884277,-10.423660278320312,-6.6655168533325195,-4.97222375869751,ulv,ulv_C_1.5m_stille_001_s10.wav
0.04489070549607277,0.07331708231764485,949.9650599780824,1599.0,327.0,98565.38615376745,2623.017765364035,313.5460318901612,30.62041798144812,-401.2537841796875,96.33399963378906,17.15045928955078,25.681392669677734,11.936927795410156,-2.108473062515259,-10.028692245483398,-20.404945373535156,-12.291875839233398,-2.410494089126587,-7.160665512084961,-5.846741676330566,-4.314142227172852,ulv,ulv_C_1.5m_tmlKlasse_001_s01.wav
0.03177294507622719,0.14463403962747673,1000.0125942783485,1614.0,368.0,40990.798247329025,2232.7020598359195,106.5582768633533,18.76120003763597,-450.50262451171875,73.48162841796875,22.96910285949707,15.781782150268555,13.899617195129395,6.7715044021606445,-1.4027156829833984,-3.152132034301758,-4.19954776763916,-5.251584529876709,-6.021981716156006,-4.278543472290039,-3.2218832969665527,ulv,ulv_C_1.5m_tmlKlasse_001_s02.wav
0.039051882922649384,0.12144509031814489,1036.9900679799352,1790.0,323.0,51410.45565124259,1819.0486290326694,228.34955800651267,22.506135977654292,-413.040771484375,84.50691223144531,14.682788848876953,21.076705932617188,9.277130126953125,-3.8958065509796143,-3.772853374481201,-8.629858016967773,-7.397436141967773,-7.2566375732421875,-10.048998832702637,-3.81378436088562,0.1278676688671112,ulv,ulv_C_1.5m_tmlKlasse_001_s03.wav
0.028780357912182808,0.10713169573098319,1046.2396428668974,1941.0,304.0,42942.28192109791,3257.013181228458,397.9717599426993,25.15177669421727,-412.8302307128906,90.46004486083984,18.399734497070312,14.471935272216797,6.365845203399658,-5.52755880355835,-6.41200590133667,-8.363903045654297,-13.491397857666016,-7.615772247314453,-5.63056755065918,0.8181052207946777,-4.810896873474121,ulv,ulv_C_1.5m_tmlKlasse_001_s04.wav
0.05325569212436676,0.07756734795924745,922.59594180568,1528.0,325.0,126287.9764844986,3114.416768561666,261.4716333730405,45.234170470156386,-397.78472900390625,96.4510498046875,12.890779495239258,15.02242374420166,5.241909503936768,-4.659736156463623,-10.348825454711914,-19.206497192382812,-13.218482971191406,-10.471311569213867,-10.088481903076172,0.6774554252624512,-1.685300588607788,ulv,ulv_C_1.5m_tmlKlasse_001_s05.wav
0.027022721245884895,0.089818113632102,1209.3172640819698,2518.0,306.0,37851.288104129286,1604.5178662400704,163.7440908343694,78.3323649535212,-391.7615966796875,95.10186767578125,11.03697395324707,19.952604293823242,3.480280876159668,1.406358003616333,-4.752608299255371,-22.528430938720703,-11.16754150390625,-6.0468244552612305,-6.608338356018066,-6.74428653717041,-7.836194038391113,ulv,ulv_C_1.5m_tmlKlasse_001_s06.wav
0.03428814932703972,0.1184449028064254,1061.048575390047,1770.0,307.0,52204.12444878379,1823.3202643640006,96.25897162683236,24.203370550919963,-438.49163818359375,81.32154846191406,22.227689743041992,15.321918487548828,10.327066421508789,6.119956016540527,0.05282789468765259,-5.052088737487793,-10.040285110473633,-9.888461112976074,-8.107549667358398,-2.5122475624084473,-2.6168508529663086,ulv,ulv_C_1.5m_tmlKlasse_001_s07.wav
0.02733941748738289,0.08225514094630915,1111.052503308553,2077.0,328.0,36964.525193962094,1276.3214270214326,100.45989559461897,28.18710894655345,-410.3731689453125,96.39732360839844,18.73967170715332,17.428884506225586,4.884589672088623,-4.508078098297119,-5.558927536010742,-10.593072891235352,-9.707735061645508,-4.964955806732178,-5.959153175354004,-0.7048245072364807,0.1381548047065735,ulv,ulv_C_1.5m_tmlKlasse_001_s08.wav
0.03439300134778023,0.10325645352834552,1001.9086957385744,1702.0,304.0,66884.28805694019,1053.3988301628935,111.13926477089511,20.11792288139678,-435.17388916015625,80.97697448730469,22.058876037597656,12.851804733276367,9.697080612182617,0.8337454795837402,-5.317622661590576,-9.44107723236084,-10.70303726196289,-9.81669807434082,-8.224794387817383,-2.9831719398498535,-5.5452561378479,ulv,ulv_C_1.5m_tmlKlasse_001_s09.wav
0.029951563104987144,0.07819238702418901,995.754925581714,1615.0,305.0,47777.26624917432,2800.7314711598074,123.49547203523721,24.9634695551248,-408.93798828125,101.29398345947266,22.424510955810547,18.23012351989746,7.646557807922363,-2.7469048500061035,-5.487308979034424,-11.316313743591309,-12.550994873046875,-8.856698989868164,-8.280998229980469,-4.152623653411865,-3.4695682525634766,ulv,ulv_C_1.5m_tmlKlasse_001_s10.wav
0.06013157591223717,0.08188011750734421,973.8896830386564,1400.0,302.0,219083.61871729387,8151.261042027466,207.3628907088309,149.16845816226245,-412.59942626953125,89.81224060058594,29.28319549560547,17.142414093017578,5.033082962036133,-1.3548181056976318,-3.014331817626953,-16.27571678161621,-14.146690368652344,-4.532500267028809,-5.518123626708984,-3.8279335498809814,-9.052217483520508,ulv,ulv_J_0.75m_nygaard_001_s01.wav
0.05211611092090607,0.09900618788674292,1038.3445588514371,1554.0,313.0,201300.13181708287,2940.1233930073404,103.5107105212211,55.790133715529905,-418.8778381347656,83.36656951904297,27.02837371826172,16.58444595336914,5.355100631713867,4.288091659545898,1.7469544410705566,-10.851112365722656,-9.204757690429688,-4.011483192443848,-3.1620163917541504,-4.692220211029053,-8.230314254760742,ulv,ulv_J_0.75m_nygaard_001_s02.wav
0.06168832257390022,0.08994312144509031,938.6527195171691,1254.0,298.0,288990.4242744712,2542.659022077812,45.88193875387684,38.5253745128117,-432.1856689453125,86.13894653320312,26.596649169921875,7.995480537414551,-2.7239725589752197,-4.430974006652832,-3.8297526836395264,-8.874378204345703,-8.898406982421875,-7.088939189910889,-10.108360290527344,-8.71679973602295,-10.796817779541016,ulv,ulv_J_0.75m_nygaard_001_s03.wav
0.03773815184831619,0.10369398087380462,1297.0590091326217,2675.0,282.0,90823.72832741406,8054.074619472417,524.2375037333767,203.00059061155028,-360.89837646484375,91.7406005859375,-3.243046760559082,17.609182357788086,0.7771860361099243,-7.896414279937744,-9.875869750976562,-20.119300842285156,-5.960269927978516,2.0270180702209473,-6.722794532775879,-4.294623851776123,-9.700298309326172,ulv,ulv_J_0.75m_nygaard_001_s04.wav
0.04133337363600731,0.08944309019313706,1113.5769582629603,1840.0,287.0,89262.00167046537,13098.07920191406,434.19444853604205,93.06066846638693,-356.90533447265625,106.39763641357422,2.4164929389953613,10.093214988708496,-7.964022159576416,-8.182731628417969,-5.979731559753418,-18.971107482910156,-13.18181037902832,-2.5353055000305176,-3.5711851119995117,-3.227905750274658,-7.448858261108398,ulv,ulv_J_0.75m_nygaard_001_s05.wav
0.05050674453377724,0.08563035189699356,914.9194626223249,1296.0,286.0,164473.70464332378,2980.5134844634986,53.640206750097114,37.66211485046527,-429.5938720703125,84.19627380371094,30.15015411376953,21.512737274169922,6.5047407150268555,-1.3827457427978516,-3.6161751747131348,-14.333293914794922,-10.559345245361328,-1.9552229642868042,-4.746798992156982,-6.6638569831848145,-11.227322578430176,ulv,ulv_J_0.75m_nygaard_001_s06.wav
0.039585284888744354,0.09063066441652604,1010.9668724337357,1452.0,281.0,81561.25201038025,2579.931321554848,38.226843191021985,38.638524291438316,-426.267333984375,89.35298156738281,30.664058685302734,15.973370552062988,-1.4770983457565308,1.0142221450805664,0.577401876449585,-11.1380615234375,-9.736625671386719,-5.30859899520874,-3.781182289123535,-4.514392852783203,-9.447628021240234,ulv,ulv_J_0.75m_nygaard_001_s07.wav
0.04246117174625397,0.10119382461403838,1045.0158222508774,1603.0,287.0,117802.42625068323,3399.896079583462,98.95357597225541,45.44053799007092,-411.29241943359375,87.03964233398438,18.151954650878906,16.159753799438477,1.425216794013977,-5.475182056427002,-4.311923027038574,-13.30497932434082,-7.618621349334717,-3.1026034355163574,-1.4787371158599854,-4.725989818572998,-10.265177726745605,ulv,ulv_J_0.75m_nygaard_001_s08.wav
0.031849831342697144,0.10669416838552409,1143.5054482867872,2421.0,277.0,53513.51345473713,2165.1448261369437,114.89263664911167,47.9220629802726,-419.58343505859375,81.15449523925781,25.896404266357422,29.08281707763672,0.5473489761352539,-4.576343536376953,-5.949481010437012,-18.111831665039062,-13.82356071472168,-3.965054512023926,-3.2461130619049072,-1.3644461631774902,-5.363582611083984,ulv,ulv_J_0.75m_nygaard_001_s09.wav
0.035247914493083954,0.10269391836989812,1074.8609936080945,1932.0,271.0,66605.24715929924,3259.250231795767,71.82790527925755,50.57663418040542,-420.91400146484375,83.12922668457031,23.148761749267578,20.372703552246094,3.266040563583374,-1.3919179439544678,-2.315216541290283,-13.167069435119629,-10.29941177368164,-5.871799468994141,-2.983081579208374,-2.7272300720214844,-8.295526504516602,ulv,ulv_J_0.75m_nygaard_001_s10.wav
0.05995827168226242,0.12732045752859553,960.4628483100845,1374.0,302.0,218680.439021919,8107.062530338271,197.18011281744748,142.53269971930692,-447.5670471191406,70.5714340209961,26.706459045410156,12.629337310791016,7.23268985748291,2.713438034057617,-0.7271844148635864,-12.888605117797852,-11.579195022583008,-3.0465667247772217,-6.5032758712768555,-4.102317810058594,-8.261223793029785,ulv,ulv_J_0.75m_stille_001_s01.wav
0.05211023613810539,0.13282080130008125,1009.7263106597509,1421.0,313.0,201709.56438582973,2818.24420148853,75.79098443346172,35.01654469202984,-455.2977600097656,67.29531860351562,24.32217025756836,11.421449661254883,5.479047775268555,3.427464246749878,0.4150605797767639,-9.124617576599121,-10.657011032104492,-8.269458770751953,-5.889344215393066,-4.9484686851501465,-8.861010551452637,ulv,ulv_J_0.75m_stille_001_s02.wav
0.061581358313560486,0.13457091068191762,929.8434445108746,1235.0,298.0,288763.1036608209,2437.267761950736,39.760546460567944,35.42615414822613,-461.6039733886719,68.70260620117188,28.413816452026367,11.933216094970703,4.303404808044434,1.8738130331039429,-1.734843134880066,-8.983301162719727,-10.631965637207031,-7.303081035614014,-7.937478065490723,-5.913349151611328,-8.898627281188965,ulv,ulv_J_0.75m_stille_001_s03.wav
0.03674688935279846,0.14557159822488905,1155.8710775982515,2110.0,282.0,90896.27280923663,5786.056048439636,147.75052737677746,40.12023343669718,-454.8262939453125,65.41226196289062,23.67093276977539,13.983625411987305,8.954572677612305,3.1227214336395264,-1.8323390483856201,-9.077011108398438,-12.842023849487305,-4.673150062561035,-2.0811359882354736,-0.7839539051055908,-7.00693941116333,ulv,ulv_J_0.75m_stille_001_s04.wav
0.037810876965522766,0.14488405525345335,1079.968419954479,1699.0,287.0,85421.5552704526,3469.184783959224,129.27573232680788,32.16515441308941,-461.3123779296875,65.2041244506836,24.169078826904297,14.497272491455078,9.271577835083008,4.014281749725342,-3.4827632904052734,-8.990005493164062,-9.362505912780762,-3.089252471923828,-5.547371864318848,-3.291658878326416,-5.133087158203125,ulv,ulv_J_0.75m_stille_001_s05.wav
0.05014730244874954,0.13482092630789425,896.6222676443715,1285.0,286.0,163313.28207839024,2978.4759772055595,41.083418262754904,31.38436219258344,-464.5452880859375,67.23283386230469,28.657737731933594,14.127090454101562,7.8784685134887695,3.7198259830474854,-1.3545715808868408,-9.919772148132324,-10.625007629394531,-3.6905739307403564,-2.5168871879577637,-3.9970388412475586,-9.964492797851562,ulv,ulv_J_0.75m_stille_001_s06.wav
0.03927178308367729,0.14725920370023127,974.2203606337539,1351.0,281.0,80799.36170963512,2337.221912951908,25.936183761934053,23.956585564408513,-469.73095703125,64.54766082763672,28.00689697265625,14.629799842834473,7.079730987548828,4.824827194213867,-0.056834518909454346,-9.526300430297852,-11.46538257598877,-3.835803508758545,-1.06157386302948,-3.12296199798584,-8.369007110595703,ulv,ulv_J_0.75m_stille_001_s07.wav
0.041894830763339996,0.13888368023001438,1040.5528636990684,1462.0,287.0,116296.34619877499,2094.843052676746,43.65003377652354,31.423448942967376,-466.0921936035156,63.38347244262695,27.076457977294922,13.564502716064453,7.223856449127197,3.8929672241210938,-1.2105621099472046,-10.967826843261719,-8.608651161193848,-4.938056945800781,-4.187901496887207,-4.033034324645996,-7.874966621398926,ulv,ulv_J_0.75m_stille_001_s08.wav
0.03155513480305672,0.15488468029251828,1117.513448069574,2247.0,277.0,52748.00674953883,2096.993479042499,94.38645039814553,31.50651200820546,-465.77001953125,62.125694274902344,24.211183547973633,16.506011962890625,6.2928314208984375,1.8305637836456299,-1.772085428237915,-7.483559608459473,-10.793076515197754,-4.107519149780273,-1.260105848312378,-1.220901608467102,-7.3372483253479,ulv,ulv_J_0.75m_stille_001_s09.wav
0.03432639688253403,0.15444715294705919,1036.2845373622686,1436.0,287.0,63252.52569593384,3017.6485253785327,27.46884642987873,33.191408497520726,-464.6689147949219,64.98644256591797,26.661428451538086,11.743631362915039,3.8522768020629883,2.4322729110717773,-0.00015097856521606445,-9.592306137084961,-10.4544677734375,-4.929055213928223,-1.7888193130493164,-1.656308650970459,-6.654092311859131,ulv,ulv_J_0.75m_stille_001_s10.wav
0.060224734246730804,0.09669354334645916,987.2569966956826,1432.0,302.0,219829.00660556875,8807.043671620828,239.84805705093447,166.16724408264395,-409.4161682128906,89.11592102050781,29.61298370361328,19.021133422851562,6.5634918212890625,-1.1266167163848877,-4.355425834655762,-16.91941261291504,-15.843202590942383,-4.476162910461426,-6.687396049499512,-3.812814712524414,-5.428411483764648,ulv,ulv_J_0.75m_tmlKlasse_001_s01.wav
0.0531734824180603,0.07500468779298707,973.0369088828445,1446.0,313.0,205936.7548516866,5043.8528547530905,165.36670515462484,53.9174821381791,-383.13629150390625,106.6474609375,14.211065292358398,12.18327522277832,-3.454413890838623,-12.259458541870117,-4.262346267700195,-12.833502769470215,-15.968771934509277,-10.443763732910156,-6.024900436401367,-1.7418218851089478,-3.7193856239318848,ulv,ulv_J_0.75m_tmlKlasse_001_s02.wav
0.06162269040942192,0.11981998874929684,946.2297143480196,1280.0,298.0,288925.7955252541,2452.5235047527976,50.83714178740764,38.79343002447967,-441.1126708984375,78.81344604492188,26.831592559814453,13.731681823730469,4.585587024688721,-1.3252726793289185,-4.000019550323486,-10.96245002746582,-11.943243026733398,-7.267572402954102,-7.597291469573975,-4.82066535949707,-8.418375015258789,ulv,ulv_J_0.75m_tmlKlasse_001_s03.wav
0.03678710013628006,0.12388274267141697,1177.1752917835722,2228.0,282.0,90849.30809701094,5796.709441290009,159.25128533774532,47.17697619099229,-430.5286865234375,75.42160034179688,22.412723541259766,17.91731834411621,9.682254791259766,0.42236194014549255,-4.657616138458252,-11.832416534423828,-15.208436012268066,-7.624118804931641,-4.565589904785156,-0.9764916300773621,-5.499345779418945,ulv,ulv_J_0.75m_tmlKlasse_001_s04.wav
0.03790867328643799,0.11181948871804488,1087.1033085058034,1722.0,287.0,85567.63227110177,3529.0091213720693,137.30906746578898,35.30241674194477,-430.54534912109375,85.36892700195312,24.19799041748047,12.916885375976562,6.323464870452881,-0.18508493900299072,-4.775818824768066,-10.169584274291992,-9.690793991088867,-0.9301832914352417,-3.6648967266082764,-2.0680489540100098,-3.063673734664917,ulv,ulv_J_0.75m_tmlKlasse_001_s05.wav
0.05058849975466728,0.10444402775173449,974.5005121706675,1430.0,286.0,164021.09316748488,3012.2720042482774,69.05795564880893,70.82480452396814,-415.67034912109375,77.75572967529297,21.630348205566406,28.79973030090332,0.80524742603302,-3.509533643722534,-0.35115718841552734,-17.935565948486328,-10.907844543457031,-3.4222466945648193,-6.267765522003174,-3.866777181625366,-11.087631225585938,ulv,ulv_J_0.75m_tmlKlasse_001_s06.wav
0.041887812316417694,0.09219326207887993,1028.7544455449386,1775.0,282.0,85497.11181813928,12167.627591284454,464.38887410746827,94.83927636518095,-368.37823486328125,111.4008560180664,3.4151387214660645,7.272892951965332,-5.209950923919678,-7.025914192199707,-5.233520030975342,-8.97603988647461,-2.2415575981140137,-2.8951821327209473,1.134293556213379,0.9377093315124512,-10.560136795043945,ulv,ulv_J_0.75m_tmlKlasse_001_s07.wav
0.041990671306848526,0.10494405900368774,1056.9594465463194,1578.0,287.0,116436.96170328045,2096.898947610387,52.45724041580874,34.57368960765291,-439.3370361328125,74.99713134765625,24.44692039489746,20.7556209564209,12.231679916381836,1.2677632570266724,-4.46177339553833,-14.44434642791748,-10.254606246948242,-6.753904342651367,-7.383090496063232,-2.76496958732605,-5.540862083435059,ulv,ulv_J_0.75m_tmlKlasse_001_s08.wav
0.031992100179195404,0.10988186761672604,1106.687268999262,2213.0,277.0,53566.25909137562,2246.916759668573,124.87007842108298,37.59266519627809,-428.05047607421875,81.35847473144531,24.554988861083984,24.30173683166504,6.858084201812744,-3.5278842449188232,-9.712937355041504,-13.73596477508545,-10.416643142700195,-7.104781150817871,-5.315874099731445,-3.103506565093994,-5.140280246734619,ulv,ulv_J_0.75m_tmlKlasse_001_s09.wav
0.03507160022854805,0.08894305894118383,1054.9915239437305,1689.0,287.0,64503.48613136137,3750.1945003847586,68.3187235695346,42.31154834561077,-410.8739013671875,93.3418197631836,21.751922607421875,15.107766151428223,3.294785499572754,-6.213616371154785,-5.154794692993164,-13.735547065734863,-13.037001609802246,-2.5516180992126465,0.9119631052017212,0.6736190319061279,-2.584644317626953,ulv,ulv_J_0.75m_tmlKlasse_001_s10.wav
0.056718699634075165,0.08919307456716044,885.8609629167065,1506.0,295.0,170195.25542978884,3593.8915342250593,678.3688703736648,83.63608649399579,-405.08026123046875,92.79153442382812,26.196025848388672,18.71356201171875,10.824005126953125,3.6985180377960205,-4.5658183097839355,-12.398847579956055,-2.2492129802703857,0.29029738903045654,-7.820030212402344,-4.133997917175293,-4.526191711425781,ulv,ulv_J_1.5m_nygaard_001_s01.wav
0.06198735162615776,0.09363085192824551,1293.2625630325622,3086.0,305.0,230496.0887384201,6781.165095622732,641.5537106073717,672.837528296575,-391.70391845703125,90.19268035888672,24.43792724609375,15.007476806640625,-1.0272761583328247,-1.9944179058074951,-2.0752367973327637,-10.834754943847656,-6.0867719650268555,-5.388009071350098,-6.693014621734619,-0.8105169534683228,-6.430680274963379,ulv,ulv_J_1.5m_nygaard_001_s02.wav
0.05517219379544258,0.10450653165822864,849.2043707324118,1440.0,289.0,176920.86370234183,2374.7187263082315,239.6546899682359,51.95719580589615,-419.9547119140625,89.039306640625,21.534683227539062,17.31308364868164,7.839324474334717,0.40425264835357666,-3.586747646331787,-12.987950325012207,-8.488179206848145,-0.3149592876434326,-6.021912574768066,-4.695860862731934,-7.469273090362549,ulv,ulv_J_1.5m_nygaard_001_s03.wav
0.04609944671392441,0.10363147696731045,879.3419519601883,1395.0,291.0,112748.00773974964,3272.6359313387593,104.7729188095562,57.55739694934557,-421.1058349609375,88.10263061523438,29.900672912597656,24.814315795898438,8.08443832397461,1.617698073387146,-4.844192981719971,-15.449036598205566,-8.169256210327148,-3.134953022003174,-5.812600135803223,-3.5866804122924805,-6.01129674911499,ulv,ulv_J_1.5m_nygaard_001_s04.wav
0.049614015966653824,0.10938183636477279,896.0489213685016,1495.0,321.0,136130.69661834097,2176.5156421954835,265.33951735827185,41.40244337741537,-427.1920471191406,84.0977783203125,23.600814819335938,18.80803680419922,7.303745269775391,-0.3080785870552063,-6.480912208557129,-10.932539939880371,-5.551181793212891,-0.6826775074005127,-3.3867478370666504,-2.2879726886749268,-8.495580673217773,ulv,ulv_J_1.5m_nygaard_001_s05.wav
0.038424525409936905,0.101443840240015,882.8178824149363,1304.0,327.0,76595.92593506859,1725.1362234010603,68.78787149741896,49.598528130204244,-411.8133544921875,96.03184509277344,16.80121421813965,6.100350856781006,-0.9081521034240723,-1.1463593244552612,-4.673358917236328,-8.32774543762207,0.7600623965263367,5.079360008239746,-4.0058135986328125,-7.006009578704834,-9.23304557800293,ulv,ulv_J_1.5m_nygaard_001_s06.wav
0.035176657140254974,0.12069504344021502,978.7943573423041,1659.0,305.0,73516.6473315992,2700.7985975668503,148.289445107044,54.55665308930831,-415.34954833984375,92.87335205078125,21.022350311279297,15.782413482666016,2.2384934425354004,-4.319824695587158,-4.140267372131348,-9.950496673583984,-4.358542442321777,1.6534277200698853,-5.723329544067383,-5.286609649658203,-5.903131484985352,ulv,ulv_J_1.5m_nygaard_001_s07.wav
0.04050654172897339,0.09638102381398837,933.6304390930035,1514.0,159.0,92936.33551110368,1154.4093934200637,106.36421299367042,32.39770063980637,-433.861083984375,85.8511734008789,27.670734405517578,18.004253387451172,8.30506706237793,-2.7107133865356445,-8.207023620605469,-8.778258323669434,-4.282617568969727,-2.0205652713775635,-5.345699310302734,-6.7375168800354,-8.802196502685547,ulv,ulv_J_1.5m_nygaard_001_s08.wav
0.046163562685251236,0.09319332458278642,1027.529382383265,1835.0,297.0,127691.90133670426,3225.57147789821,450.1192195968536,103.46333505882643,-397.9234313964844,92.74657440185547,21.617599487304688,26.427892684936523,6.764766693115234,-5.610607147216797,-9.583614349365234,-16.65511703491211,-6.058528423309326,-3.3527979850769043,-8.751581192016602,-3.6351943016052246,-5.684025287628174,ulv,ulv_J_1.5m_nygaard_001_s09.wav
0.046250175684690475,0.09319332458278642,905.2070655639166,1424.0,298.0,131258.87485319463,2585.4836459254134,138.62534261747052,59.10649338680906,-430.68780517578125,85.65899658203125,30.37126922607422,21.74120330810547,10.048481941223145,4.520987033843994,-2.873098850250244,-12.264411926269531,-8.049880027770996,-8.437568664550781,-8.029078483581543,-6.691295623779297,-11.817142486572266,ulv,ulv_J_1.5m_nygaard_001_s10.wav
0.056500986218452454,0.14625914119632477,860.6115180857695,1462.0,295.0,169524.94000131357,3349.778010142345,643.4029458089964,69.98176560768508,-442.40960693359375,74.4403076171875,20.379770278930664,12.13833999633789,10.579195976257324,4.914117336273193,-4.661611557006836,-11.415526390075684,-4.377921104431152,-1.322678565979004,-7.691617012023926,-6.489071846008301,-6.546933174133301,ulv,ulv_J_1.5m_stille_001_s01.wav
0.061684686690568924,0.14275892243265204,795.0342845248202,1345.0,305.0,229474.7600389393,5654.331557792828,359.1462378057598,165.49486411338935,-447.52874755859375,74.51698303222656,24.618637084960938,17.878337860107422,11.146132469177246,5.062939643859863,-3.4157068729400635,-10.926483154296875,-6.74582576751709,-3.319965362548828,-7.9263129234313965,-2.6559369564056396,-6.619410991668701,ulv,ulv_J_1.5m_stille_001_s02.wav
0.0550905205309391,0.13932120757547348,824.6850897121818,1408.0,289.0,176884.68908711022,2259.6641981422626,209.78813815828278,45.77353290206123,-455.67401123046875,72.76882934570312,28.104938507080078,20.627840042114258,13.428520202636719,3.591710090637207,-2.9703216552734375,-10.04476547241211,-7.367123603820801,-1.1541997194290161,-5.131669998168945,-5.1350908279418945,-7.583444595336914,ulv,ulv_J_1.5m_stille_001_s03.wav
0.04579748958349228,0.15938496156009752,851.0541072949795,1344.0,291.0,111340.02437646608,3157.1837630552764,88.1875332827245,46.133418222117506,-459.8312072753906,69.89015197753906,27.073184967041016,17.26567840576172,10.62545108795166,6.784358978271484,0.34590446949005127,-7.6555891036987305,-5.654545783996582,-1.1490455865859985,-2.718102216720581,-2.9437646865844727,-5.979343891143799,ulv,ulv_J_1.5m_stille_001_s04.wav
0.04948291927576065,0.17376086005375335,880.347406404516,1476.0,321.0,135871.38071881275,2095.9762763643766,258.32082396890667,36.76958037713082,-462.51898193359375,65.75263214111328,23.247024536132812,16.620952606201172,11.802240371704102,6.037843704223633,-3.6852009296417236,-8.179167747497559,-4.671849250793457,-1.3357641696929932,-5.753127098083496,-4.124085426330566,-7.844650745391846,ulv,ulv_J_1.5m_stille_001_s05.wav
0.0382402203977108,0.16088505531595726,827.5384332387428,1193.0,327.0,76644.0624151254,1078.8568912116293,21.181546726608985,40.308428837459935,-466.7601623535156,68.95281982421875,31.97941017150879,16.905214309692383,6.18808650970459,4.611279010772705,0.6309860944747925,-6.0013251304626465,-7.071024417877197,-2.0698370933532715,-4.190759181976318,-2.225322961807251,-5.680233955383301,ulv,ulv_J_1.5m_stille_001_s06.wav
0.03461192548274994,0.1619476217263579,929.4775016883617,1438.0,305.0,72682.23378509167,1180.503940176955,46.070618417504775,41.6546735172165,-469.34332275390625,64.90740966796875,28.6343936920166,18.50833511352539,10.235776901245117,7.23183536529541,1.5349788665771484,-7.3499064445495605,-6.734936714172363,0.09651908278465271,-3.828767776489258,-5.216063499450684,-7.5546183586120605,ulv,ulv_J_1.5m_stille_001_s07.wav
0.04036342725157738,0.1600725045315332,903.348869096973,1457.0,159.0,92645.99931743497,1086.1687001460073,92.22353858218906,26.23523361347132,-467.3854064941406,66.33610534667969,27.29671859741211,18.94915008544922,11.948518753051758,3.592291831970215,-2.4558370113372803,-5.864028453826904,-5.107766151428223,-1.4219601154327393,-5.0456013679504395,-4.57034158706665,-6.350131988525391,ulv,ulv_J_1.5m_stille_001_s08.wav
0.04570440948009491,0.1646352897056066,914.3167896757925,1540.0,297.0,127022.87276445133,2074.416323975376,265.1063359521725,44.260194526252015,-466.07781982421875,63.751182556152344,24.31077003479004,19.880998611450195,13.899473190307617,7.98411750793457,-0.696324348449707,-7.796132564544678,-7.116431713104248,-3.881659984588623,-5.536934852600098,-2.3205723762512207,-5.874759674072266,ulv,ulv_J_1.5m_stille_001_s09.wav
0.046154558658599854,0.1595099693730858,894.6331883126531,1419.0,298.0,131171.87757465433,2552.134025792985,133.8921531287025,55.68158473278484,-459.4264221191406,68.29622650146484,24.807247161865234,16.304487228393555,9.88135814666748,5.920218467712402,-1.2657470703125,-8.471074104309082,-5.17171573638916,-3.9382760524749756,-4.20458459854126,-3.016942024230957,-9.291156768798828,ulv,ulv_J_1.5m_stille_001_s10.wav
0.056603383272886276,0.09863116444777799,881.7476241243852,1529.0,295.0,169047.28723172963,3535.463085274838,738.5709465259573,84.75062582429285,-412.0213623046875,91.17070007324219,20.903711318969727,16.929431915283203,13.369686126708984,4.622180938720703,-7.847355842590332,-16.653963088989258,-5.893719673156738,-1.4825481176376343,-7.529364109039307,-5.918328285217285,-6.18715763092041,ulv,ulv_J_1.5m_tmlKlasse_001_s01.wav
0.062187306582927704,0.0854428401775111,813.3373527124701,1379.0,305.0,231588.608554492,6506.804685950985,409.3856971096114,174.9712180105646,-399.29150390625,99.65870666503906,19.85802459716797,18.85614013671875,8.389693260192871,-3.8877224922180176,-7.964484691619873,-14.526273727416992,-10.354179382324219,-1.7489352226257324,-3.7745375633239746,0.3502127230167389,-3.333311080932617,ulv,ulv_J_1.5m_tmlKlasse_001_s02.wav
0.055345263332128525,0.08363022688918058,833.7450026089784,1420.0,289.0,177527.47739109638,2401.214072811661,215.27865486187295,49.698146335403564,-418.32098388671875,95.4091567993164,26.32954216003418,17.922645568847656,8.195478439331055,0.5554682016372681,-6.119010925292969,-18.30704689025879,-11.810900688171387,-2.3462882041931152,-7.162120819091797,-5.611082077026367,-7.914790630340576,ulv,ulv_J_1.5m_tmlKlasse_001_s03.wav
0.046206194907426834,0.08369273079567473,889.6916132930062,1456.0,291.0,112208.66078598355,3637.7251998194256,168.8935995288324,56.72286023732381,-405.7643737792969,99.07339477539062,23.177555084228516,20.290491104125977,5.747812747955322,-6.0031843185424805,-11.883743286132812,-19.712949752807617,-11.33748722076416,-3.349471092224121,-4.054940223693848,-0.29204893112182617,-0.8513877987861633,ulv,ulv_J_1.5m_tmlKlasse_001_s04.wav
0.050595492124557495,0.07712982061378836,921.1422068991,1658.0,321.0,137796.42041846897,2863.500002359491,438.45616661088775,58.53910018680442,-379.80841064453125,106.82540893554688,12.384862899780273,19.141660690307617,5.243019104003906,-7.377840518951416,-10.895893096923828,-16.083101272583008,-6.361381530761719,-2.4409782886505127,-7.3406877517700195,-1.317934513092041,-9.433228492736816,ulv,ulv_J_1.5m_tmlKlasse_001_s05.wav
0.038296718150377274,0.1370085630351897,849.0604806020424,1214.0,327.0,76806.83191744337,1092.3648994723067,29.57639854722121,43.75773337037864,-449.3341064453125,76.43949127197266,30.197437286376953,19.2706298828125,8.756089210510254,3.65012788772583,-1.2044212818145752,-7.4230828285217285,-8.061273574829102,-3.8288910388946533,-5.224751949310303,-2.918221950531006,-4.917570114135742,ulv,ulv_J_1.5m_tmlKlasse_001_s06.wav
0.03489324077963829,0.08219263703981498,931.5720902802041,1441.0,305.0,73103.37241300524,1193.379283068392,50.84240630192083,43.51185322710808,-443.53790283203125,83.46067810058594,34.968780517578125,22.55559539794922,9.028327941894531,5.8393449783325195,1.6752907037734985,-9.730591773986816,-9.663477897644043,-3.4930033683776855,-5.899567604064941,-5.514194488525391,-8.670892715454102,ulv,ulv_J_1.5m_tmlKlasse_001_s07.wav
0.0403304249048233,0.1504469029314332,919.2181820870525,1466.0,159.0,92454.5554687367,1096.210267891437,94.9759157675655,28.46989907401415,-457.93634033203125,68.8539047241211,28.0413761138916,20.43606185913086,12.530649185180664,3.6532092094421387,-2.233898878097534,-5.732127666473389,-5.008150100708008,-1.6415190696716309,-4.670382022857666,-4.105896949768066,-5.654679298400879,ulv,ulv_J_1.5m_tmlKlasse_001_s08.wav
0.045718252658843994,0.13538346146634164,928.5444686672896,1606.0,297.0,127086.88299427398,2085.291482465739,275.3460994024723,46.77484574501232,-447.69720458984375,70.61234283447266,22.840620040893555,23.61927032470703,15.635602951049805,5.571798324584961,-3.187915802001953,-9.609424591064453,-6.5830583572387695,-3.64334774017334,-7.252786159515381,-2.3743016719818115,-4.689998626708984,ulv,ulv_J_1.5m_tmlKlasse_001_s09.wav
0.04685650393366814,0.09188074254640916,950.9161739946317,1617.0,298.0,132774.52230390094,4666.180462085503,323.47109228573964,85.4031336787371,-390.6123962402344,98.20203399658203,10.399107933044434,23.383256912231445,2.9499549865722656,-9.099945068359375,-4.070436477661133,-9.166955947875977,-0.8922575116157532,-2.251272678375244,-8.451919555664062,-3.826129913330078,-7.710968494415283,ulv,ulv_J_1.5m_tmlKlasse_001_s10.wav
0.014063261449337006,0.108256766047878,1719.3550099206318,3736.0,636.0,3193.137617121294,4761.441920184785,420.96609815628426,109.32846403391903,-389.6575012207031,84.20706939697266,20.67047882080078,29.073036193847656,1.3321467638015747,-3.0732874870300293,-5.2958574295043945,-10.848617553710938,0.2677016258239746,0.7748610973358154,-1.5655699968338013,-0.9686076641082764,-2.532076597213745,unknown,unknown_nygaard_0001.wav
0.030429856851696968,0.09200575035939747,1497.868212836758,3064.0,407.0,30219.339224352836,16787.43826081519,2121.2194479790323,667.0580456192816,-325.4107360839844,106.54896545410156,4.718313217163086,18.458843231201172,-6.610779762268066,-5.931638717651367,-10.71042537689209,-13.061842918395996,-7.832629203796387,2.8582496643066406,-4.509995937347412,-5.625384330749512,-7.914078712463379,unknown,unknown_nygaard_0002.wav
0.01587281934916973,0.08819301206325396,1624.901279317457,3234.0,147.0,11123.680862187277,1987.2192509366268,947.6437551646611,136.49398583926737,-365.22015380859375,95.75873565673828,10.433982849121094,29.978866577148438,3.289262533187866,-13.852291107177734,-7.413630485534668,-11.530864715576172,-3.818080186843872,-3.313059091567993,-0.9899930953979492,-6.059212684631348,-9.965991973876953,unknown,unknown_nygaard_0003.wav
0.02045489102602005,0.08575535970998187,1452.197745036705,3125.0,227.0,16103.443806436755,4521.178267627741,347.96682307623786,203.4022485154199,-333.77606201171875,103.99860382080078,9.306793212890625,27.55202865600586,-4.618264198303223,-10.734753608703613,-0.820044994354248,-21.366436004638672,-5.2154130935668945,-2.117520332336426,-1.7583807706832886,-0.8222192525863647,-12.24276065826416,unknown,unknown_nygaard_0004.wav
0.008888022042810917,0.11994499656228515,1649.3777111336865,3518.0,101.0,2305.675483636147,860.2061324667445,124.4224897866865,52.14641380502232,-389.01959228515625,86.21434020996094,9.06190299987793,35.3536376953125,2.939955472946167,-9.190783500671387,-1.3191938400268555,-5.779360771179199,-1.728893756866455,1.955926775932312,-3.11281156539917,0.6173652410507202,-6.201784133911133,unknown,unknown_nygaard_0005.wav
0.03818776085972786,0.12688293018313646,1526.5546729579416,2833.0,670.0,13689.896399109964,52903.12039248748,3712.342570799278,951.3252368970585,-294.8778991699219,94.6181640625,-20.228559494018555,16.58492660522461,-20.073774337768555,-9.423602104187012,-1.7191623449325562,-13.571626663208008,-1.7548744678497314,2.268026351928711,-0.1645965576171875,-4.4687700271606445,-17.487478256225586,unknown,unknown_nygaard_0006.wav
0.021633939817547798,0.08319269954372148,1564.3884167074568,3279.0,244.0,15839.734990108544,1660.1976236877952,840.4049861212683,285.24755782441116,-359.3035888671875,91.48164367675781,7.445743560791016,38.3138427734375,5.462161540985107,-2.892604351043701,-1.6441669464111328,-13.787686347961426,-1.8169389963150024,-5.984144687652588,-3.7019762992858887,0.3816503882408142,-7.146339416503906,unknown,unknown_nygaard_0007.wav
0.013628915883600712,0.0854428401775111,1561.112077778921,3421.0,245.0,8835.483953325453,1669.019789991238,310.30629711239953,134.76833760378338,-378.6160888671875,94.45796203613281,20.327116012573242,26.071613311767578,-4.465577125549316,-6.448526382446289,-5.570401668548584,-13.452173233032227,0.524913489818573,2.1391453742980957,-4.234894752502441,-2.2838945388793945,-5.139971733093262,unknown,unknown_nygaard_0008.wav
0.018579674884676933,0.0738171135695981,1393.9959077195895,3033.0,449.0,13774.652851322473,1030.8939015630685,218.6543956662957,67.1111170171529,-356.71356201171875,102.80619812011719,9.450626373291016,20.243144989013672,1.6161152124404907,-7.492209434509277,-3.5238757133483887,-16.956453323364258,-9.794209480285645,-7.311482906341553,-10.618965148925781,-3.3977162837982178,-5.103450298309326,unknown,unknown_nygaard_0009.wav
0.016943905502557755,0.08038002375148447,1462.995955003505,3373.0,329.0,7559.907880147711,317.1015166653251,119.48622507418429,63.33069325822742,-382.4954833984375,89.7662353515625,19.426250457763672,40.92021942138672,1.4083815813064575,-10.68018913269043,-9.901103973388672,-15.912087440490723,-2.6864476203918457,-5.691740036010742,-9.87103271484375,-7.901918411254883,-4.844771385192871,unknown,unknown_nygaard_0010.wav
0.012080132961273193,0.07100443777736108,1409.4302217597835,3223.0,151.0,7262.836413512844,743.9367365074925,81.26887094197735,38.603795344252596,-394.54254150390625,94.89540100097656,22.64828109741211,29.705286026000977,8.604992866516113,-2.578706979751587,-3.0669803619384766,-12.82813835144043,-7.187778949737549,-2.4654245376586914,-3.8498682975769043,-1.0819302797317505,-7.292743682861328,unknown,unknown_nygaard_0011.wav
0.028392940759658813,0.10213138321145071,1487.2476630086771,2950.0,468.0,27912.607667306187,39243.565083510504,3270.3081680404557,718.0592618236543,-355.5665283203125,86.99649047851562,7.267333030700684,29.380199432373047,-11.575183868408203,-13.239933013916016,0.234922856092453,-4.7594499588012695,-2.811305522918701,-8.081080436706543,-7.777451038360596,-0.32126080989837646,-1.7821195125579834,unknown,unknown_nygaard_0012.wav
0.015496179461479187,0.08806800425026565,1623.4780806697788,3562.0,200.0,6101.638599847081,1884.2548791716338,252.15689108941046,145.5437530027634,-365.70458984375,101.6434555053711,10.674524307250977,23.79690170288086,-10.573858261108398,-5.207055568695068,-4.286046981811523,-13.64434814453125,1.4269157648086548,1.0514317750930786,1.2251559495925903,-0.29270440340042114,-1.0518559217453003,unknown,unknown_nygaard_0013.wav
0.018860427662730217,0.09038064879054941,1505.993164604557,3206.0,266.0,10446.63976176731,2049.765028776181,477.37339751722834,202.3111353890906,-338.329345703125,104.82637023925781,5.998724937438965,33.560768127441406,-5.257673740386963,-6.145751953125,2.1287171840667725,-15.495052337646484,-0.631384015083313,-1.6624774932861328,-6.603930473327637,-1.2124598026275635,-7.064709663391113,unknown,unknown_nygaard_0014.wav
0.02126687951385975,0.09244327770485655,1447.9918216473075,3180.0,698.0,9142.627372707935,12032.229180120434,506.569134277104,405.6394505672338,-340.062744140625,104.38007354736328,6.560396194458008,23.898468017578125,-8.724081039428711,-5.911689758300781,-5.986068248748779,-17.64592742919922,1.8766355514526367,2.577521800994873,-3.4035778045654297,1.9878822565078735,-9.418198585510254,unknown,unknown_nygaard_0015.wav
0.01430256012827158,0.08525532845802862,1540.9644065366704,3458.0,223.0,4912.505996937362,1924.9928138346152,155.73012854724732,77.6498432710762,-375.66595458984375,94.41139221191406,14.097768783569336,27.23293113708496,-4.072000503540039,-9.966920852661133,-1.775781273841858,-9.599641799926758,-3.4901134967803955,-4.48397159576416,-4.550827980041504,2.056163787841797,-3.734179973602295,unknown,unknown_nygaard_0016.wav
0.01759212277829647,0.10381898868679293,1491.07943718924,3077.0,649.0,6614.386392990802,11205.577038190746,688.3972724934526,237.64148081013693,-345.03631591796875,95.67697143554688,-0.1471712589263916,26.123743057250977,-7.992543697357178,-8.071866989135742,-3.793671131134033,-9.710775375366211,-0.004014015197753906,-3.0190935134887695,0.8446792364120483,0.30082884430885315,-6.946892738342285,unknown,unknown_nygaard_0017.wav
0.012329102493822575,0.10769423088943059,1865.151806725486,4210.0,236.0,3020.8764832511206,1641.050339541944,173.94787904060777,93.13310324821487,-378.76702880859375,77.24417877197266,14.26780891418457,24.073484420776367,-0.5059765577316284,-4.686087608337402,-1.719053030014038,-4.979308128356934,-1.84237539768219,-7.20167350769043,-3.3859262466430664,-1.3959064483642578,-4.725316047668457,unknown,unknown_nygaard_0018.wav
0.016346711665391922,0.10525657853615851,1576.1404772220892,3358.0,268.0,8826.720556871689,1473.349150362582,526.0708735499815,125.22655614484593,-364.6678161621094,90.55477905273438,5.4066948890686035,30.05596923828125,6.323349475860596,-6.7618560791015625,-10.637500762939453,-15.412920951843262,-3.6022229194641113,-2.2936017513275146,-5.06312370300293,-7.677708625793457,-8.2386474609375,unknown,unknown_nygaard_0019.wav
0.02001630701124668,0.10050628164260267,1582.660184763352,3273.0,133.0,12217.936960019342,7638.601309237048,847.6045278328951,239.6434864873612,-337.25885009765625,94.10447692871094,5.888869762420654,27.879236221313477,-3.571563482284546,-12.479185104370117,-5.903418064117432,-12.715063095092773,0.5971066951751709,2.417142152786255,-5.630626678466797,-8.043880462646484,-8.421029090881348,unknown,unknown_nygaard_0020.wav
0.016255509108304977,0.06325395337208575,1420.0279406823822,3035.0,190.0,10310.865184946728,627.0910255328362,161.02650310007468,54.9118211505432,-378.1822509765625,104.87454223632812,16.490543365478516,22.85866928100586,0.0894625186920166,-4.963393211364746,1.6721868515014648,-8.481281280517578,-8.538093566894531,-4.983578205108643,-7.198699951171875,-8.436368942260742,-7.414237022399902,unknown,unknown_nygaard_0021.wav
0.022229935973882675,0.0983186449153072,1435.752962397112,2797.0,619.0,12083.2437485751,16880.26581350183,1986.1039121219,228.20683206588959,-336.52490234375,97.10626220703125,-4.002364158630371,34.19758605957031,-2.8954272270202637,-14.4212646484375,-12.965921401977539,-15.670080184936523,-1.9498460292816162,-2.2760024070739746,-1.9770185947418213,-1.1861904859542847,-4.280579566955566,unknown,unknown_nygaard_0022.wav
0.08802105486392975,0.07819238702418901,1621.0116039615784,3691.0,338.0,8422.192521643361,2098.1165279452075,193.57536345260633,89.26427659108366,-351.3690185546875,89.96054077148438,19.510290145874023,26.0304012298584,-3.289102554321289,-12.040229797363281,-8.555977821350098,-15.008804321289062,-6.657090187072754,-6.8849639892578125,-6.544083595275879,-2.5029447078704834,-5.51066780090332,unknown,unknown_nygaard_0023.wav
0.01615762524306774,0.1105069066816676,1811.31910881334,3779.0,444.0,7210.765476697862,4234.680916813555,937.3472460667181,245.18761534601055,-361.873046875,72.40510559082031,6.10020637512207,36.206298828125,-6.973150253295898,-18.50298309326172,-13.903773307800293,-10.106489181518555,-3.4026191234588623,-5.472043037414551,-2.7669854164123535,-7.208296775817871,-5.575151443481445,unknown,unknown_nygaard_0024.wav
0.021809406578540802,0.09156822301393837,1417.821578471888,2978.0,405.0,29937.666962932202,3484.7362803941214,1339.8726843718496,400.3337708441003,-349.3143005371094,90.61904907226562,-4.55449914932251,31.441177368164062,2.916945457458496,-6.219114303588867,-7.305220603942871,-15.509751319885254,-4.744261741638184,-5.28908634185791,-5.976203918457031,-4.88664436340332,-8.477716445922852,unknown,unknown_nygaard_0025.wav
0.011581632308661938,0.10006875429714357,1738.451714387913,3898.0,240.0,4601.127800583874,1483.129156716404,349.32847259104955,86.60776601768634,-392.93084716796875,83.0246353149414,13.551422119140625,27.352033615112305,2.990294933319092,-2.9122629165649414,-3.976701498031616,-6.554750919342041,1.8112289905548096,-0.46265554428100586,-1.4807345867156982,-1.0927932262420654,-1.5331835746765137,unknown,unknown_nygaard_0026.wav
0.007998806424438953,0.09838114882180136,2000.8933877355164,5232.0,134.0,2085.8933419131176,67.9597311051306,34.739268215746904,44.7007368534081,-433.37725830078125,75.11896514892578,32.25187683105469,31.938661575317383,8.160493850708008,0.531877875328064,-2.2148611545562744,-5.234014987945557,-2.1576128005981445,-3.1466546058654785,-10.444756507873535,-5.127002716064453,-2.7836408615112305,unknown,unknown_nygaard_0027.wav
0.02050698921084404,0.10863178948684293,1495.338482775719,3015.0,147.0,9533.803850224795,4564.435350781966,875.1278733700899,226.3201764057491,-327.13336181640625,99.3282699584961,-7.954171180725098,15.329707145690918,-7.289093017578125,-3.197854518890381,-1.0296573638916016,-15.056262969970703,0.9568393230438232,-1.751188039779663,-6.935724258422852,-3.346447706222534,-7.076630115509033,unknown,unknown_nygaard_0028.wav
0.015006167814135551,0.13994624664041502,1885.6960881077998,3850.0,228.0,4272.308021326846,9472.950661746447,1370.516897997184,262.1121247632337,-358.1982727050781,86.26429748535156,6.63065242767334,20.309307098388672,-2.948826313018799,-9.906476974487305,-4.981265068054199,-9.762917518615723,1.108534574508667,-2.0341272354125977,0.02747189998626709,-1.1117806434631348,-7.0246171951293945,unknown,unknown_nygaard_0029.wav
0.00789667945355177,0.1211325707856741,2009.0028174338358,4577.0,195.0,1319.8500691776644,120.86900091031254,60.47706687440487,34.16249414644912,-426.08013916015625,72.4967041015625,16.15174674987793,31.885948181152344,5.231595993041992,-2.1610331535339355,1.6165472269058228,-2.4731178283691406,-0.43299877643585205,1.1751482486724854,-1.7229914665222168,0.7128801941871643,-3.381201982498169,unknown,unknown_nygaard_0030.wav
0.01761600747704506,0.09169323082692668,1450.990310910472,2957.0,204.0,8457.640178825626,2833.5671937235,469.8538416651,103.91779060064988,-346.2994079589844,100.13986206054688,-1.3053004741668701,22.772342681884766,-8.595307350158691,-13.005988121032715,-4.581271648406982,-9.494034767150879,-1.1651458740234375,-5.710547924041748,-6.801647186279297,0.325739324092865,-4.970396041870117,unknown,unknown_nygaard_0031.wav
0.00891865510493517,0.08406775423463966,1509.8466203313872,3443.0,200.0,4828.135067190318,451.48584841951055,150.6523708968361,33.964398878701346,-422.18670654296875,88.25489807128906,29.829147338867188,19.841732025146484,7.355202674865723,5.580568313598633,3.884836196899414,-4.809439659118652,-2.5879459381103516,-0.3500635027885437,-3.624178886413574,-1.0725371837615967,-2.784280300140381,unknown,unknown_nygaard_0032.wav
0.01940075308084488,0.08900556284767798,1457.0848988212242,2997.0,284.0,23625.417603060618,2201.5019375005777,457.38704478075715,80.3776540720956,-353.2851867675781,103.4470443725586,4.160284519195557,13.338003158569336,0.568483829498291,-4.401646614074707,-1.3006823062896729,-7.453256607055664,-2.910587787628174,1.1029425859451294,-6.717918395996094,-7.74674129486084,-8.570691108703613,unknown,unknown_nygaard_0033.wav
0.017664168030023575,0.07206700418776174,1403.1297963102675,3375.0,118.0,11871.98585835937,1700.8980359944999,136.80022244357838,107.50201814080972,-365.9752197265625,101.56575775146484,30.210039138793945,31.25679588317871,-1.4605406522750854,-6.445152282714844,-7.743138313293457,-13.001179695129395,-8.364766120910645,-8.677436828613281,-4.808285713195801,-1.9222575426101685,-3.0843005180358887,unknown,unknown_nygaard_0034.wav
0.03170359134674072,0.08425526595412214,1494.6917331063191,3247.0,244.0,14751.426602601608,2057.9889254481905,317.57922651223214,148.78747505037626,-351.4056701660156,101.29788208007812,19.5987548828125,30.596981048583984,-4.133448600769043,-9.1593017578125,3.1524410247802734,-15.591012954711914,-5.604635238647461,-3.332526206970215,-10.388017654418945,-3.524444580078125,-8.684274673461914,unknown,unknown_nygaard_0035.wav
0.012649468146264553,0.10213138321145071,1663.6188555078663,3697.0,264.0,3531.4987469549396,1212.5627676227568,128.62584850194725,81.19516835197805,-385.5617980957031,88.5578842163086,12.46086311340332,20.593414306640625,-3.4247324466705322,-6.519367694854736,0.7181016206741333,-3.7346880435943604,-1.9181612730026245,-2.3069100379943848,-2.085608720779419,1.7569255828857422,-5.5847063064575195,unknown,unknown_nygaard_0036.wav
0.039674218744039536,0.10131883242702669,1466.5021315479323,3001.0,209.0,57862.60937458491,15592.563377265858,4729.2156624194495,1035.4278208282344,-271.83502197265625,102.91714477539062,-3.3208305835723877,34.908843994140625,-1.8890445232391357,-10.717347145080566,-4.803953647613525,-12.871688842773438,2.84714412689209,3.3579771518707275,-6.319787502288818,0.04318106174468994,-6.785830497741699,unknown,unknown_nygaard_0037.wav
0.01655631698668003,0.08569285580348772,1399.3264672814464,3015.0,438.0,10451.12804852649,1315.6293944629147,255.3513170711148,81.65055538814761,-357.70196533203125,102.1324462890625,10.614274978637695,30.71753692626953,-4.907498359680176,-8.745075225830078,-5.516583442687988,-13.60501766204834,-4.1193318367004395,-1.1694649457931519,-1.4643127918243408,-2.1172120571136475,-5.9923858642578125,unknown,unknown_nygaard_0038.wav
0.008473163470625877,0.10206887930495656,1663.79212930869,3701.0,201.0,2628.9118658612006,1312.9392943734515,105.08326949577729,61.20661026085568,-398.1170959472656,88.91102600097656,19.098873138427734,19.52198028564453,-3.4903671741485596,-1.721692442893982,-0.4942016005516052,-7.381366729736328,-2.4778804779052734,-0.4431593418121338,-4.404363632202148,-4.515778541564941,-7.8131585121154785,unknown,unknown_nygaard_0039.wav
0.030217796564102173,0.06262891430714419,1271.1530445745632,2828.0,269.0,29269.89827614516,7614.989020449757,661.0693623097726,283.97442409578804,-349.06732177734375,114.63471984863281,24.691017150878906,33.6091423034668,-2.460784435272217,-2.157804012298584,3.574235200881958,-10.200516700744629,-0.9307020902633667,-2.4282596111297607,-6.401150703430176,-7.144361972808838,-9.173051834106445,unknown,unknown_nygaard_0040.wav
0.01200914103537798,0.08150509406837927,1736.3513312488108,3963.0,146.0,5267.134060107195,408.1558467351889,134.76538960576576,105.203266667722,-393.96673583984375,89.18057250976562,24.220680236816406,27.877941131591797,0.13161665201187134,-5.3647871017456055,-6.085780143737793,-8.17343521118164,1.3062028884887695,-1.3189258575439453,-6.54044246673584,-0.7166941165924072,-2.9116835594177246,unknown,unknown_nygaard_0041.wav
0.02228442020714283,0.12744546534158385,1795.6812954582747,3365.0,223.0,7391.703520810972,9489.452680941158,3943.1468002802253,539.3009507748603,-308.2935485839844,91.7824935913086,-12.922012329101562,21.194366455078125,-10.49887466430664,-6.212908744812012,-7.403338432312012,-8.098437309265137,-2.5316925048828125,-3.1267080307006836,-2.9850265979766846,-7.8703508377075195,-1.2237513065338135,unknown,unknown_nygaard_0042.wav
0.023170404136180878,0.09163072692043253,1424.9625892066526,3038.0,200.0,25001.439089986856,5486.5646040519305,670.1423628627581,203.6039038262167,-315.80828857421875,102.93016052246094,10.027721405029297,26.70543670654297,1.1058886051177979,-12.635764122009277,-5.345294952392578,-15.379790306091309,-0.7870448231697083,3.795132637023926,-3.9712953567504883,-3.8236083984375,-11.485254287719727,unknown,unknown_nygaard_0043.wav
0.025424417108297348,0.06900431276954809,1343.6643924171055,2741.0,233.0,29579.833413498607,7837.465203685135,740.7740452693243,197.98624474805868,-344.3996887207031,97.2703857421875,9.730809211730957,27.247098922729492,-0.5033816695213318,-1.9844486713409424,1.0950297117233276,-13.970293998718262,-1.097658634185791,-4.56915807723999,-8.265837669372559,-4.286806583404541,-10.377609252929688,unknown,unknown_nygaard_0044.wav
0.007527614012360573,0.10694418401150071,1752.1307830623487,3809.0,311.0,1688.0484545535903,946.3622033818438,105.70090352493662,50.39739532092502,-418.75848388671875,75.3926010131836,15.581539154052734,28.78183364868164,5.953220367431641,-4.740966796875,-6.057233810424805,-8.077959060668945,1.071891188621521,-0.8183454275131226,-5.714361190795898,3.0730056762695312,-2.488356113433838,unknown,unknown_nygaard_0045.wav
0.008173688314855099,0.12663291455715983,1831.5607072440885,3524.0,219.0,1720.276813339761,1324.488377178925,736.4347910100493,95.80961115583884,-413.40704345703125,81.2468490600586,13.699533462524414,31.986948013305664,5.541515827178955,-7.279378414154053,-2.2322044372558594,-4.963150978088379,-2.8251242637634277,-4.030505180358887,-1.422515869140625,1.7212355136871338,-6.470726013183594,unknown,unknown_nygaard_0046.wav
0.01376959215849638,0.11438214888430527,1562.5227863339092,3122.0,365.0,5495.3706466798085,4623.7246634322955,435.12265081737564,146.92148643284605,-361.1082763671875,92.85791778564453,-1.4251002073287964,23.6561279296875,-0.3796546459197998,-9.908392906188965,-4.67885160446167,-6.772514343261719,1.7548757791519165,0.5414122343063354,-2.992581367492676,-4.032676696777344,-2.3558638095855713,unknown,unknown_nygaard_0047.wav
0.015468861907720566,0.10388149259328708,1485.8373948922326,2807.0,793.0,4936.1245325285,4564.938337917509,412.36596982500475,66.21980094123039,-350.71221923828125,100.8866195678711,0.3854682445526123,18.371265411376953,-9.66673469543457,-13.004324913024902,1.4474608898162842,-6.736701011657715,-1.3277387619018555,0.4984070658683777,-3.208737850189209,-0.4163995087146759,-6.349495887756348,unknown,unknown_nygaard_0048.wav
0.03470471128821373,0.10056878554909682,1470.308264989025,3117.0,256.0,6260.326142925549,2193.7832068044067,278.1800700984648,90.5403345105398,-356.06890869140625,96.90963745117188,10.730329513549805,22.2501220703125,-8.715435981750488,-8.374221801757812,-4.1896185874938965,-12.099939346313477,-0.035567641258239746,-1.5197809934616089,-6.307767391204834,-3.505228042602539,-7.1247968673706055,unknown,unknown_nygaard_0049.wav
0.0178281981498003,0.09575598474904681,1608.6618183463595,3660.0,233.0,15145.274739357774,3647.9796906676515,287.7612271411207,185.96620943018706,-349.9152526855469,88.08950805664062,9.666250228881836,20.78995132446289,-5.750475883483887,-3.5452687740325928,-2.974884510040283,-11.764402389526367,-0.07196742296218872,-1.0370615720748901,-3.431150197982788,-1.6389546394348145,-7.181532382965088,unknown,unknown_nygaard_0050.wav
0.017879383638501167,0.10069379336208513,1705.699643802889,3356.0,251.0,8994.128981998745,4676.713809937385,915.8428529794517,186.86531475432747,-357.347412109375,85.69974517822266,7.105344772338867,23.170970916748047,-7.5722246170043945,-14.916600227355957,0.2591458857059479,-16.564172744750977,-2.1624107360839844,-4.321889877319336,-8.764507293701172,-2.5928218364715576,-7.760497093200684,unknown,unknown_nygaard_0051.wav
0.011612468399107456,0.1216951059441215,1770.0053300219015,3560.0,197.0,4439.770891431858,3874.5853154777624,417.85824082967133,134.75868354918728,-372.4351806640625,86.05149841308594,2.729619264602661,10.093000411987305,-4.832258224487305,-4.683640480041504,2.5717079639434814,-7.76295804977417,2.7709014415740967,5.743526458740234,-4.872660160064697,-5.010645389556885,-6.3012590408325195,unknown,unknown_nygaard_0052.wav
0.020912501960992813,0.09725607850490656,1453.7335687678797,3035.0,599.0,5953.151965352989,11374.85323684167,376.3918735106531,221.98448630323787,-335.71112060546875,102.41626739501953,-0.5827724933624268,15.967220306396484,-16.379215240478516,-10.892354965209961,-1.3705068826675415,-12.315818786621094,-0.9616737365722656,4.151795387268066,-4.614396095275879,-2.8988492488861084,-7.370090961456299,unknown,unknown_nygaard_0053.wav
0.023845499381422997,0.10500656291018189,1474.5127215964467,3089.0,254.0,30974.203434375508,3027.984821627661,1231.2443261600847,416.73792671905176,-312.8525085449219,95.6890869140625,-3.7889065742492676,32.55760955810547,-6.392000198364258,-12.703973770141602,-1.9105255603790283,-14.607280731201172,-3.228527069091797,0.5543851852416992,-10.828646659851074,-3.7251362800598145,-8.889822006225586,unknown,unknown_nygaard_0054.wav
0.015750376507639885,0.10850678167385462,1754.0447647900774,3692.0,228.0,7509.511061161928,659.5017410116998,450.78205704724576,181.63479606902735,-352.83905029296875,86.6114501953125,5.726354598999023,44.090938568115234,-1.9394139051437378,-14.881308555603027,-5.9611334800720215,-13.217662811279297,-1.487073540687561,-2.0249032974243164,-6.964499473571777,-4.212940692901611,-4.490359306335449,unknown,unknown_nygaard_0055.wav
0.008602259680628777,0.11481967622976436,1683.9297845907802,3655.0,616.0,1736.6601894594114,1903.355021330716,116.98989474986884,51.740582033159576,-421.228515625,74.41735076904297,18.633522033691406,34.43937301635742,7.568874359130859,-0.8188936114311218,0.6996996402740479,-4.636699676513672,3.4621455669403076,2.3539581298828125,-5.201569557189941,-0.781104326248169,-1.6160078048706055,unknown,unknown_nygaard_0056.wav
0.013036441057920456,0.08988061753859616,1232.2968730045854,2534.0,197.0,9425.873786536595,4779.6282912411025,163.3194345015076,75.55709988573575,-383.77142333984375,100.3984146118164,17.264442443847656,16.87485122680664,-3.3776497840881348,-3.780383586883545,2.144880771636963,-4.146519660949707,0.9966846704483032,5.138298988342285,0.8028566837310791,-0.6290166974067688,-6.658343315124512,unknown,unknown_nygaard_0057.wav
0.023251336067914963,0.10375648478029877,1575.4282848049916,3413.0,376.0,23570.952376538527,4137.161038403848,868.9762083390631,278.06826158715427,-324.64874267578125,92.4139175415039,6.797255992889404,23.712047576904297,-0.9068171381950378,-7.718499660491943,-2.666508674621582,-9.688142776489258,-3.6006171703338623,-3.93511700630188,-10.80171012878418,-6.51161003112793,-7.19422721862793,unknown,unknown_nygaard_0058.wav
0.00799962691962719,0.13838364897806113,1926.993025340477,3877.0,817.0,1505.1600587197713,2260.9860758556183,449.8718691519997,161.04109549997236,-401.6300354003906,77.21405029296875,21.543201446533203,14.469468116760254,-1.8966844081878662,-0.6333788633346558,3.1461594104766846,-4.748085021972656,-5.046849727630615,-1.8861064910888672,-0.9578820466995239,-2.657944679260254,-7.0600481033325195,unknown,unknown_nygaard_0059.wav
0.009953180328011513,0.0742546409150572,1565.4175143798943,3658.0,195.0,4086.729210344417,541.9635727053693,61.963673733092364,41.910721365092876,-416.3637390136719,89.16264343261719,30.99488067626953,29.67180824279785,8.21181583404541,-1.023984432220459,-3.296759843826294,-10.024975776672363,-4.855984687805176,0.10324478149414062,-6.605515956878662,-6.864330768585205,-6.870879173278809,unknown,unknown_nygaard_0060.wav
0.011030985973775387,0.09906869179323707,1612.011524548065,3522.0,306.0,5694.771244520759,2047.9735483152824,156.6181127511989,96.577199533237,-388.06964111328125,92.66083526611328,16.349231719970703,10.312398910522461,-5.572659969329834,-2.0677030086517334,-2.0926389694213867,-12.27774429321289,-4.824916362762451,-2.0398261547088623,-1.8653260469436646,0.7850162982940674,-7.27077579498291,unknown,unknown_nygaard_0061.wav
0.020525991916656494,0.1146321645102819,1668.7695065097316,3410.0,749.0,11467.90581569057,9945.844426633084,3517.905100255014,242.83298074214844,-326.818603515625,90.29694366455078,8.770479202270508,27.580482482910156,-6.0672454833984375,-6.600963592529297,-8.107314109802246,-9.657255172729492,-6.824594497680664,-6.820849418640137,-4.9588518142700195,-6.576704025268555,-8.666128158569336,unknown,unknown_nygaard_0062.wav
0.005190479569137096,0.10806925432839552,1894.5898034646189,4721.0,218.0,969.8346545790151,172.85339177701982,25.355937485269617,21.91698310210928,-447.45928955078125,78.17072296142578,32.05767822265625,23.041732788085938,3.7952167987823486,1.7263593673706055,2.7475101947784424,-5.2775444984436035,-6.561393737792969,-1.423539400100708,-3.7333364486694336,0.0241822749376297,-3.524035930633545,unknown,unknown_nygaard_0063.wav
0.01769457384943962,0.07781736358522408,1408.5695294429927,3068.0,255.0,10750.697011338194,3615.5165065938463,244.64004831322066,96.41715954210386,-365.6037292480469,104.79998016357422,18.013620376586914,23.007614135742188,-6.020116806030273,-8.136164665222168,-4.183554649353027,-19.107341766357422,-9.431024551391602,3.511298656463623,-4.911849021911621,-1.3484911918640137,-2.2051944732666016,unknown,unknown_nygaard_0064.wav
0.019551439210772514,0.09481842615163448,1560.5978339201693,3258.0,619.0,6695.867990111711,11695.317090298126,762.2490685195952,189.20720077474002,-360.7135009765625,87.16905975341797,11.428306579589844,21.836578369140625,-11.471446990966797,-12.62852668762207,-7.860853672027588,-10.253316879272461,0.5350000858306885,-3.1032772064208984,-8.360687255859375,-4.666280746459961,-4.974512100219727,unknown,unknown_nygaard_0065.wav
0.011699861846864223,0.08269266829176823,1942.9904079773028,4525.0,231.0,8531.62685406164,1018.4381479617834,86.36254985958898,102.87147553772968,-410.95196533203125,80.783203125,20.038196563720703,27.330747604370117,1.988065242767334,-2.276193618774414,-0.9622848033905029,-8.741022109985352,-2.1386358737945557,0.10688206553459167,0.43086719512939453,-0.07617413997650146,-5.224424362182617,unknown,unknown_nygaard_0066.wav
0.019807400181889534,0.09675604725295331,1334.0421980720382,2703.0,178.0,10596.23978345571,7799.301950721891,942.9110244881437,153.16890231872418,-338.5995178222656,112.15312194824219,-3.268921375274658,10.64706802368164,-10.122331619262695,-2.486137866973877,4.7761030197143555,-18.03137969970703,-5.419764995574951,7.219625473022461,-6.029110908508301,-8.838964462280273,-8.893023490905762,unknown,unknown_nygaard_0067.wav
0.012927061878144741,0.09156822301393837,1425.6680507357594,3121.0,322.0,7240.245144983634,1078.3782296228705,354.52331191828404,115.46186964685906,-391.7606201171875,85.16444396972656,22.415298461914062,38.93696212768555,5.6435651779174805,-3.377139091491699,-2.1603546142578125,-16.640642166137695,-5.158509254455566,-2.485290288925171,-8.208385467529297,-2.263936758041382,-2.741950511932373,unknown,unknown_nygaard_0068.wav
0.019409462809562683,0.0945059066191637,1781.685681522764,4097.0,445.0,8977.448977859862,3233.423534343333,228.03231150114573,226.83193419481952,-355.12445068359375,87.31959533691406,21.697071075439453,31.377456665039062,-0.8787575960159302,-3.7262649536132812,0.9584777355194092,-15.166509628295898,-9.579065322875977,-3.742136001586914,-5.812191009521484,-0.4974416494369507,-1.4979722499847412,unknown,unknown_nygaard_0069.wav
0.023612767457962036,0.10856928558034877,1687.164825732381,3075.0,607.0,7533.514646330535,7702.933835107294,2941.1581705249664,275.65134215257024,-324.864501953125,93.07475280761719,-9.837843894958496,32.75489044189453,-2.084202766418457,-15.908210754394531,-8.73438835144043,-9.281601905822754,2.9695892333984375,-6.498177528381348,-6.101404190063477,-2.8020029067993164,-5.84212064743042,unknown,unknown_nygaard_0070.wav
0.01384570449590683,0.07931745734108382,1463.2990216950586,3390.0,258.0,6572.719655055497,636.889605861342,90.53249343821122,52.44162437778553,-391.770751953125,95.8561019897461,22.157068252563477,34.18321228027344,2.0889663696289062,-7.31512451171875,-7.064297676086426,-12.68850326538086,-2.6305124759674072,-0.9818707704544067,-5.78392219543457,-1.3392465114593506,-7.109524250030518,unknown,unknown_nygaard_0071.wav
0.010801509022712708,0.11456966060378773,1943.6426829266888,4880.0,312.0,4071.3995280318404,1498.781977035982,122.80178196643637,96.13550828313184,-382.7119140625,90.16273498535156,16.993141174316406,10.992803573608398,1.1051653623580933,-3.593414306640625,-3.562861680984497,-12.891626358032227,-7.7234039306640625,1.3747282028198242,0.436245858669281,-2.529573917388916,-12.470233917236328,unknown,unknown_nygaard_0072.wav
0.02350795641541481,0.07469216826051628,1393.4815547578612,3159.0,245.0,16039.944212660826,2454.4913488138795,373.5629832072738,124.00729786068523,-344.7274475097656,106.9277572631836,17.693443298339844,28.503517150878906,-2.214428424835205,-4.289057731628418,-7.323486328125,-10.767093658447266,2.802128314971924,-4.540591716766357,-6.664257526397705,-4.83055305480957,-5.099310874938965,unknown,unknown_nygaard_0073.wav
0.01627621054649353,0.08606787924245266,1414.5409904761634,2750.0,138.0,8886.0772107836,5071.907497384473,471.2638227309716,93.89967549218284,-357.634521484375,100.11997985839844,9.036580085754395,24.903757095336914,3.2383933067321777,-10.077017784118652,-4.267440319061279,-10.691492080688477,-3.3970136642456055,-1.1087517738342285,-3.16082501411438,-4.557781219482422,-10.62352466583252,unknown,unknown_nygaard_0074.wav
0.020111246034502983,0.0971935745984124,1260.7561506288112,2711.0,327.0,16649.988820559403,1884.3751476915781,187.79385563195694,77.10611677825928,-354.20867919921875,98.41416931152344,9.880964279174805,19.294170379638672,-4.901371002197266,-6.555728912353516,-1.828264594078064,-9.58240032196045,-0.6076145172119141,-5.048033714294434,-11.057409286499023,-6.263092994689941,-6.76052188873291,unknown,unknown_nygaard_0075.wav
0.05509344860911369,0.08594287142946434,990.6947290688087,1689.0,205.0,136393.2507727702,27554.203914079833,580.0724311037352,308.4979534644144,-312.6560363769531,110.39686584472656,23.043237686157227,20.905254364013672,-11.353572845458984,-9.042181015014648,-5.541081428527832,-17.49641227722168,-6.6880388259887695,-0.156890869140625,-6.2658514976501465,-4.326976776123047,-4.936514854431152,unknown,unknown_nygaard_0076.wav
0.028717264533042908,0.07725482842677667,1230.551855452128,2748.0,331.0,27773.30232072247,9559.422571039402,600.3036047445175,218.20218997162067,-330.6422119140625,114.78023529052734,6.20712423324585,36.28370666503906,-14.852262496948242,-14.35788345336914,-7.89546537399292,-20.16478729248047,-6.9373626708984375,3.4019670486450195,-0.7065943479537964,-0.3103351593017578,0.5781810283660889,unknown,unknown_nygaard_0077.wav
0.011528628878295422,0.08944309019313706,1729.4104627150723,3823.0,243.0,5998.6533999400435,1219.4789971187015,265.3757648542277,120.98965078465795,-402.704345703125,78.30769348144531,25.334882736206055,30.695093154907227,7.8701066970825195,4.2869415283203125,3.404480457305908,-5.4838643074035645,-3.943765640258789,-2.4092748165130615,-1.2533543109893799,0.018144220113754272,-2.3678483963012695,unknown,unknown_nygaard_0078.wav
0.011740856803953648,0.08650540658791174,1724.3046939680103,3716.0,428.0,4667.892692627429,1279.761070169563,226.6895935097678,136.98828841937802,-405.36383056640625,87.26589965820312,28.37515640258789,32.156044006347656,0.07913428544998169,-7.096919536590576,-5.030155181884766,-14.03413200378418,-8.31788444519043,-5.901898384094238,-6.054547309875488,0.5889013409614563,-1.662124752998352,unknown,unknown_nygaard_0079.wav
0.014833924360573292,0.07662978936183512,1486.4422657487185,3091.0,196.0,8033.072971765205,1282.0563557366524,463.35688783958597,68.99594370096523,-389.662841796875,93.46421813964844,15.223605155944824,34.06321716308594,5.00492000579834,-12.58260440826416,-9.034010887145996,-7.014949798583984,-3.403998851776123,-4.357486248016357,-2.2034049034118652,-4.358920097351074,-7.092878341674805,unknown,unknown_nygaard_0080.wav
0.016256721690297127,0.08431776986061629,1308.7979684220031,2602.0,199.0,9043.695183935002,4360.824598593854,268.58489337539527,68.38081755560181,-355.4222412109375,107.72369384765625,7.572607040405273,23.578332901000977,-4.867596626281738,-6.556729316711426,2.179924964904785,-5.053621768951416,-1.695038080215454,-2.3655669689178467,-3.2403383255004883,-4.529850959777832,-5.752964973449707,unknown,unknown_nygaard_0081.wav
0.0083662373945117,0.10550659416213513,1707.5402398008748,4020.0,103.0,2503.5529174389603,503.1999945079872,57.67217239574226,48.53140950334432,-411.5080871582031,80.13163757324219,25.58454132080078,39.541412353515625,7.488256454467773,-6.714757919311523,-2.6485958099365234,-10.775991439819336,-7.423620700836182,-1.8654628992080688,-5.038658142089844,-0.9165544509887695,-2.195085048675537,unknown,unknown_nygaard_0082.wav
0.007837590761482716,0.09869366835427214,1896.912344089188,4596.0,197.0,2731.4566728032314,851.4552417081857,112.58067247604052,82.83565629057668,-419.4609375,85.98652648925781,26.363021850585938,19.628490447998047,2.1525473594665527,-2.502821445465088,1.8223512172698975,-11.468101501464844,-9.890426635742188,1.8537064790725708,-1.6584995985031128,1.8316552639007568,-1.4905297756195068,unknown,unknown_nygaard_0083.wav
0.021848592907190323,0.1008813050815676,1395.6894409462393,2637.0,530.0,12038.95667421999,17009.691430531093,1184.041802485111,138.02716621845698,-357.8482666015625,103.4053955078125,6.020031452178955,17.92197036743164,-4.889527320861816,-10.537236213684082,-4.332015037536621,-8.675802230834961,1.4137282371520996,3.4509189128875732,-3.940091133117676,-1.8074712753295898,-2.47729229927063,unknown,unknown_nygaard_0084.wav
0.01649300754070282,0.08244265266579161,1576.0816554885218,3335.0,347.0,11374.734510866263,2087.9608782963205,475.614591900534,271.3698641198177,-375.99462890625,86.2041015625,20.92633056640625,34.79021072387695,2.629727602005005,1.6182875633239746,3.1228251457214355,-10.961933135986328,-0.42837050557136536,-2.863955020904541,-7.255413055419922,-3.3564319610595703,-9.094239234924316,unknown,unknown_nygaard_0085.wav
0.022066883742809296,0.07300456278517407,1331.4114529117712,2866.0,235.0,21383.097143965635,3081.6449934481534,521.331986216088,196.8799167030382,-338.69049072265625,105.36097717285156,8.854273796081543,39.24358367919922,-1.7224130630493164,-5.146673202514648,-2.2056124210357666,-17.502059936523438,-2.2876224517822266,0.12862423062324524,-6.218218803405762,-5.770417213439941,-4.958528518676758,unknown,unknown_nygaard_0086.wav
0.013640494085848331,0.09256828551784486,1548.5646572827186,3391.0,257.0,5431.571348160772,1939.511023538629,250.58664957532523,98.19158332113355,-368.58367919921875,96.36125183105469,11.19960880279541,20.024276733398438,-7.564720630645752,-4.44675874710083,-4.604508399963379,-12.846519470214844,-5.138915538787842,-1.634311556816101,-6.600961685180664,-6.7607622146606445,-9.23971176147461,unknown,unknown_nygaard_0087.wav
0.018453095108270645,0.08919307456716044,1657.688521535396,3555.0,241.0,10718.333589763793,2140.519603257055,366.149792139899,169.99937941004004,-354.4272766113281,92.02647399902344,20.093090057373047,34.321754455566406,-4.341270446777344,-16.211776733398438,-3.599675416946411,-13.766683578491211,-2.0001285076141357,-2.2921366691589355,-9.021889686584473,-0.9050145149230957,-6.616083145141602,unknown,unknown_nygaard_0088.wav
0.013042476028203964,0.09781861366335395,1465.7968586650363,2995.0,237.0,5892.144118491958,2768.2520891202244,305.4314759816464,71.38720241475261,-381.48272705078125,91.22700500488281,9.195599555969238,22.77061653137207,-3.7475199699401855,-8.137927055358887,-6.408951759338379,-13.740248680114746,-1.722182035446167,1.268627643585205,-6.18035888671875,-5.467967987060547,-9.826506614685059,unknown,unknown_nygaard_0089.wav
0.010810984298586845,0.12844552784549035,2129.9956607783147,4962.0,350.0,2656.7396588804627,317.6512254172831,194.89674406931096,110.64184561563502,-392.23736572265625,76.4869384765625,13.863965034484863,32.53744125366211,2.1121554374694824,-10.274772644042969,-0.9633711576461792,-6.24229621887207,-2.6677610874176025,-1.2471637725830078,-6.156094551086426,-1.8161382675170898,-3.519866704940796,unknown,unknown_nygaard_0090.wav
0.007167182397097349,0.11788236764797799,2141.50901940763,5235.0,210.0,845.3630192812274,160.16268720500054,32.95984742215079,32.333015414863794,-436.6943359375,67.95183563232422,27.720409393310547,28.578516006469727,8.705931663513184,-0.9476264715194702,-2.880128860473633,-1.9180066585540771,0.9955331087112427,0.9710431694984436,-1.5464802980422974,1.874133586883545,-0.955485463142395,unknown,unknown_nygaard_0091.wav
0.05588783323764801,0.09938121132570786,1280.2847762977076,2394.0,637.0,47207.07618158497,109445.24951755602,3483.249571742292,682.6444338613026,-273.31011962890625,112.13362121582031,-13.543381690979004,14.757226943969727,-15.976083755493164,-11.662342071533203,-6.262603282928467,-19.902481079101562,-10.507577896118164,-3.1776115894317627,-1.5208821296691895,-3.4871065616607666,-5.678440093994141,unknown,unknown_nygaard_0092.wav
0.02011542022228241,0.08338021126320395,1327.6953826175777,2743.0,234.0,18428.375962333535,5621.198189991059,887.0203531537975,180.38059897241112,-343.7374572753906,109.59280395507812,12.578553199768066,25.749286651611328,-0.24491369724273682,-9.135284423828125,-8.979387283325195,-15.084070205688477,-1.1137526035308838,1.0977802276611328,-6.18271541595459,-7.441272258758545,-7.494265079498291,unknown,unknown_nygaard_0093.wav
0.015749966725707054,0.08100506281642603,1322.6372525755942,2775.0,256.0,9705.935493328347,4010.3707084611015,158.35395603788277,63.036778472093076,-362.9233093261719,106.72074127197266,7.488215446472168,15.353080749511719,-4.7833452224731445,0.0311877578496933,1.7489515542984009,-11.834871292114258,-1.0821421146392822,-2.813948154449463,-6.586157321929932,-0.008852511644363403,-5.046459674835205,unknown,unknown_nygaard_0094.wav
0.03486489877104759,0.1056941058816176,1452.5464640115003,3045.0,733.0,8721.608534091789,12039.446020367433,855.4198958202779,435.25081293300155,-330.1661682128906,104.13860321044922,-8.899811744689941,11.103436470031738,-17.230844497680664,-4.241030693054199,-6.129691123962402,-13.869668960571289,5.949048042297363,-2.858186721801758,-7.453378677368164,-5.788760185241699,-10.972347259521484,unknown,unknown_nygaard_0095.wav
0.01019219122827053,0.11219451215700982,1654.6724682548734,3529.0,119.0,3342.6729325035667,1399.2863490067284,291.4957239326717,79.6038414106485,-390.2056884765625,81.59257507324219,13.217241287231445,26.064891815185547,-0.5640125274658203,-4.443911552429199,-3.4018819332122803,-4.105864524841309,0.3726428747177124,-2.128472089767456,-2.765228271484375,-2.4478347301483154,-4.349160194396973,unknown,unknown_nygaard_0096.wav
0.015186197124421597,0.09163072692043253,1604.213719475279,3579.0,522.0,7386.5250853054895,2730.1307263844706,208.35743240571531,119.12547289788886,-364.2042236328125,86.91754150390625,17.09960174560547,36.87569046020508,-0.1684165596961975,-12.364790916442871,-8.66343879699707,-13.287544250488281,-5.083820343017578,-1.514807105064392,-3.693098306655884,-0.9785553216934204,-5.6657257080078125,unknown,unknown_nygaard_0097.wav
0.01329526212066412,0.09213075817238578,1608.0034582002943,3394.0,195.0,6641.317728561238,1157.1833605518168,364.296982861625,146.1527265120122,-383.00421142578125,86.64918518066406,12.803268432617188,44.03166961669922,8.064920425415039,-6.430958271026611,-5.199247360229492,-10.447959899902344,-1.4884083271026611,-3.055901050567627,-8.639601707458496,-4.46036434173584,-5.112798690795898,unknown,unknown_nygaard_0098.wav
0.011020873673260212,0.08919307456716044,1482.4721931980512,3282.0,134.0,5462.813676349167,620.3686167609031,155.49807086443573,55.86379699415007,-398.315673828125,86.77383422851562,23.957035064697266,31.035045623779297,1.932615041732788,-1.6235021352767944,2.6996536254882812,-10.255380630493164,-3.3900816440582275,2.530134439468384,-0.6080949306488037,2.842287063598633,-1.1891906261444092,unknown,unknown_nygaard_0099.wav
0.013094219379127026,0.07544221513844615,1602.0311361107813,3492.0,248.0,4929.775537352776,1498.2339929567272,195.85352078741545,83.49552207916607,-383.52813720703125,93.22789764404297,18.616378784179688,28.117122650146484,1.8554697036743164,1.5675162076950073,4.99030876159668,-6.495616912841797,-0.14895682036876678,1.8747742176055908,-3.413506031036377,0.8665714263916016,-2.003849744796753,unknown,unknown_nygaard_0100.wav
0.021597662940621376,0.07644227764235265,1301.2905992589558,2893.0,308.0,23814.22498996796,1780.651938055234,188.08889809315548,97.97418936281494,-379.871337890625,88.98185729980469,13.456652641296387,25.899425506591797,-1.41990327835083,-6.507843017578125,-5.073897361755371,-17.161745071411133,-4.406397819519043,-5.650029182434082,-10.862926483154297,-12.798273086547852,-17.588069915771484,unknown,unknown_nygaard_0101.wav
0.05080481991171837,0.12500781298831176,1531.116028147056,2724.0,328.0,37807.29050145665,87513.98438011264,13221.885142421186,1545.7637162475821,-249.20046997070312,97.24916076660156,-24.07485580444336,21.849761962890625,-6.365561485290527,-25.788818359375,-9.696897506713867,-9.766707420349121,-3.278745651245117,3.8694729804992676,-8.794927597045898,-4.8185882568359375,-8.518439292907715,unknown,unknown_nygaard_0102.wav
0.01209787093102932,0.11450715669729358,1904.8432708428527,4097.0,262.0,3332.5666892868235,1865.9346387451142,277.9949880213454,109.70445682540229,-374.7205810546875,89.45571899414062,6.025253772735596,14.836263656616211,-7.429984092712402,-8.105997085571289,-4.757660388946533,-13.641698837280273,-2.325155735015869,-0.09982597827911377,-3.0389556884765625,-5.303088188171387,-7.815220355987549,unknown,unknown_nygaard_0103.wav
0.01345706358551979,0.09669354334645916,1589.5288932846433,3172.0,262.0,5209.983536645308,3071.0854259117095,386.6123178566547,60.3784228389637,-363.74261474609375,95.4898452758789,8.944615364074707,21.844919204711914,4.6141581535339355,-12.159281730651855,-1.7090821266174316,-4.088547229766846,1.3264000415802002,-2.1949057579040527,-4.4693450927734375,-7.017482757568359,-6.623734951019287,unknown,unknown_nygaard_0104.wav
0.027757052332162857,0.08238014875929746,1418.9107152416827,3110.0,284.0,38048.1184995711,7988.451863207669,2390.658398837688,1151.538419879648,-326.78436279296875,107.53504943847656,-1.7510014772415161,31.80235481262207,-13.639699935913086,-6.948812007904053,-2.8990209102630615,-28.213050842285156,-3.471167802810669,-5.4800872802734375,-10.290380477905273,-3.201451063156128,-9.627096176147461,unknown,unknown_nygaard_0105.wav
0.030666738748550415,0.08863053940871304,1528.424174368938,3217.0,260.0,24776.05791350751,11254.02396261615,1218.0282517047935,418.89320257722864,-306.4717102050781,102.66757202148438,0.7419540882110596,22.421024322509766,-2.8728504180908203,-7.055208206176758,-7.330883502960205,-19.590667724609375,-4.713369369506836,-5.327957630157471,-3.587733268737793,-3.420693874359131,-12.091262817382812,unknown,unknown_nygaard_0106.wav
0.009584380313754082,0.10419401212575786,1890.1082287199101,3990.0,263.0,2417.8117126514426,1385.0098412781954,132.7497877554105,84.5703936687144,-410.0453796386719,76.37049102783203,14.306005477905273,28.50825309753418,-3.467705488204956,-3.3216552734375,-3.3599281311035156,-6.871010780334473,1.791291356086731,-0.1743069887161255,-1.9815597534179688,-1.338007926940918,-3.193493366241455,unknown,unknown_nygaard_0107.wav
0.014483694918453693,0.09650603162697668,1487.302873018467,3079.0,330.0,7024.572361711733,4078.0456333958755,345.9642537117986,112.48523709156672,-372.12115478515625,89.43016052246094,10.407538414001465,28.0357666015625,-5.549259662628174,-9.952339172363281,-2.71625018119812,-13.53762149810791,-10.130382537841797,-11.480283737182617,-11.106952667236328,-3.717897891998291,-2.478577136993408,unknown,unknown_nygaard_0108.wav
0.015872573480010033,0.09363085192824551,1620.787557981615,3460.0,275.0,8517.749349480806,2231.7553698206348,346.6278925594073,232.6422125868695,-378.730712890625,87.32157897949219,24.674604415893555,35.425384521484375,0.8972434401512146,-1.9882817268371582,-2.0743167400360107,-19.26485824584961,-5.151910781860352,3.006497383117676,-6.169882774353027,-1.997899055480957,-4.762242794036865,unknown,unknown_nygaard_0109.wav
0.021891431882977486,0.1061316332270767,1534.6692306533862,3138.0,693.0,9381.719348963657,14197.69729710011,1345.4866261102588,489.7910276035818,-333.988525390625,91.40092468261719,0.6562258005142212,22.472370147705078,-16.919944763183594,-8.369701385498047,-4.849579334259033,-18.177589416503906,-2.8638033866882324,-7.077143669128418,1.2519532442092896,-0.5814868211746216,-9.714868545532227,unknown,unknown_nygaard_0110.wav
0.01344306766986847,0.09838114882180136,1511.4723965595751,3532.0,261.0,9504.44152360019,1774.9580608179451,127.80345241980581,60.85961710209734,-402.47821044921875,79.94923400878906,26.01650047302246,33.39236831665039,1.4424207210540771,-8.895794868469238,-7.773467063903809,-13.52183723449707,-0.3900600075721741,1.2771052122116089,-6.631819725036621,-2.0762100219726562,-3.3393867015838623,unknown,unknown_nygaard_0111.wav
0.016993308439850807,0.09200575035939747,1464.8964595451098,3220.0,365.0,16835.208920510206,1973.1954183888784,426.67086152373645,294.1700606420732,-358.5866394042969,94.70326232910156,8.48447322845459,30.947856903076172,-7.180616855621338,-14.671714782714844,-4.724050045013428,-9.100776672363281,-0.204373300075531,-4.634329319000244,-8.799422264099121,-3.151423454284668,-11.80465316772461,unknown,unknown_nygaard_0112.wav
0.015362038277089596,0.09406837927370461,1448.8299357810326,3209.0,325.0,14523.362795697954,2743.244386215091,348.40972448689973,159.13097623351004,-385.8341064453125,91.65804290771484,8.612817764282227,24.435659408569336,-5.293801784515381,-9.649484634399414,-1.5914156436920166,-12.257238388061523,-2.9152331352233887,3.1041507720947266,-4.926353931427002,-7.223517417907715,-7.412263870239258,unknown,unknown_nygaard_0113.wav
0.017294561490416527,0.08200512532033252,1535.4200539438702,3427.0,469.0,10166.249134814996,2978.234551034565,585.0154426366084,247.03668150948724,-363.6769104003906,101.47248840332031,19.059783935546875,32.380577087402344,-6.501331806182861,-8.358616828918457,-4.614602088928223,-13.52829360961914,-4.719210624694824,-6.445234298706055,-3.9880943298339844,-0.6505641937255859,-3.9844155311584473,unknown,unknown_nygaard_0114.wav
0.02155502326786518,0.10238139883742733,1592.1269070167539,3427.0,144.0,8465.99739705288,2033.927098792158,304.59382539538865,190.06335219001164,-348.2349853515625,98.17684173583984,7.951730728149414,37.260032653808594,-4.8014607429504395,-2.764742612838745,2.63386869430542,-16.64150047302246,0.39184391498565674,1.5621966123580933,-8.631267547607422,-1.2547048330307007,-6.283864974975586,unknown,unknown_nygaard_0115.wav
0.025807805359363556,0.08575535970998187,1182.7609359495136,2305.0,260.0,22272.485135281357,11357.177674440338,596.081349412694,168.50494430700448,-331.0273132324219,116.14973449707031,4.518551826477051,12.85748291015625,-11.232272148132324,-2.571260452270508,0.8027670383453369,-15.366996765136719,-5.926675319671631,-0.3796735405921936,-5.729294776916504,-1.1204222440719604,-7.080481052398682,unknown,unknown_nygaard_0116.wav
0.024337509647011757,0.10769423088943059,1568.3217551915056,2785.0,488.0,14466.589822072205,11781.468663473075,3691.3273240571125,333.9951487424377,-316.25860595703125,103.72370910644531,-11.697710037231445,15.44821834564209,-7.86496114730835,-4.508246421813965,-1.2628891468048096,-10.209121704101562,-3.6366233825683594,-2.405609607696533,-3.216221809387207,-9.616586685180664,-8.859748840332031,unknown,unknown_nygaard_0117.wav
0.01070486381649971,0.09288080505031565,1692.7466738841802,3544.0,267.0,3679.6089101298517,1099.5844846664831,262.54975143353136,60.453769997408834,-398.83380126953125,86.52172088623047,17.648357391357422,22.632678985595703,2.3164470195770264,-4.146617889404297,-1.4388744831085205,-6.482929706573486,0.42870908975601196,5.58106803894043,-2.816581964492798,0.09559029340744019,-3.523184299468994,unknown,unknown_nygaard_0118.wav
0.014692678116261959,0.10331895743483968,1612.3108173905423,3166.0,431.0,5559.719889501139,2894.985421412399,652.0088193538413,116.37782771775719,-349.3067932128906,99.11402893066406,-5.016628265380859,16.94474983215332,-1.06905198097229,-8.746122360229492,-2.9027159214019775,-5.727494239807129,-3.725475788116455,-2.6727590560913086,-3.1337900161743164,-1.6913565397262573,-3.28975772857666,unknown,unknown_nygaard_0119.wav
0.01662961207330227,0.08056753547096694,1435.6600021336264,3078.0,106.0,7158.274465749919,2949.7804603687932,212.3037922729388,70.60451435500353,-360.70343017578125,102.20285034179688,11.451338768005371,22.158483505249023,-2.220818281173706,-11.099207878112793,-3.6082448959350586,-13.376045227050781,-3.924818992614746,2.91225528717041,-0.21757256984710693,-1.6477878093719482,-5.684980869293213,unknown,unknown_nygaard_0120.wav
0.008497696369886398,0.08419276204762798,1539.43971181013,3548.0,233.0,3262.5027513830564,478.6888890654584,62.5938108644701,33.55232264318451,-417.14117431640625,86.39545440673828,25.93259048461914,27.424331665039062,6.224948883056641,2.5660853385925293,-0.040274739265441895,-3.859760284423828,1.242429494857788,3.0815515518188477,-2.327181577682495,-0.49784767627716064,-3.255855083465576,unknown,unknown_nygaard_0121.wav
0.013831133022904396,0.09925620351271955,1754.1790382225508,3568.0,229.0,6736.034053390727,3792.2020794545642,793.2407072904539,204.680946342076,-374.75286865234375,87.88719940185547,8.969386100769043,24.909881591796875,-2.6997437477111816,-2.8749570846557617,-3.0480246543884277,-12.67343521118164,0.36060839891433716,-0.8406667709350586,-3.3264899253845215,-6.296790599822998,-12.244895935058594,unknown,unknown_nygaard_0122.wav
0.01126804482191801,0.10138133633352084,1574.427334014359,3607.0,306.0,8065.552187848729,512.3931936352897,43.791034623211836,81.45140614827328,-411.70184326171875,84.00717163085938,28.86419105529785,22.17005157470703,1.5554198026657104,1.322593331336975,3.886894702911377,-11.143009185791016,-6.182276725769043,-0.5764484405517578,-3.223045587539673,0.39175283908843994,-4.2895612716674805,unknown,unknown_nygaard_0123.wav
0.009741660207509995,0.08913057066066629,1817.724915636985,3818.0,194.0,2588.328152133202,1309.7860637826966,202.62167370490323,76.83341655762193,-394.2861328125,91.11913299560547,17.66282844543457,28.492801666259766,-0.6278047561645508,-6.545782089233398,-1.3740360736846924,-9.334948539733887,-0.9458974003791809,-0.9067983031272888,-9.30068302154541,-3.1876769065856934,-3.620608329772949,unknown,unknown_nygaard_0124.wav
0.015776019543409348,0.0935058441152572,1788.3650134247928,4327.0,197.0,4733.781811294368,639.6511947356516,92.42948217934452,72.25788579328903,-392.7984924316406,87.20732116699219,26.133113861083984,28.56876564025879,5.265934467315674,-5.957000255584717,-3.602566957473755,-12.058389663696289,-9.590892791748047,-3.7888402938842773,-0.9104896783828735,-2.962437152862549,-7.583024978637695,unknown,unknown_nygaard_0125.wav
0.006700159050524235,0.09113069566847928,1754.5563360967278,4318.0,67.0,1683.7841680545914,171.05650805453263,26.62750141827341,30.498609304607548,-428.41400146484375,89.46751403808594,32.09307098388672,20.5083065032959,0.28740018606185913,1.1744225025177002,2.018305778503418,-5.449429512023926,-2.387705087661743,-1.0042424201965332,-0.9549272656440735,1.9591761827468872,-0.1746501326560974,unknown,unknown_nygaard_0126.wav
0.015842238441109657,0.12857053565847865,1852.4645106479172,3930.0,446.0,3773.283814707009,2175.5331577847164,427.19696560235957,301.79697853832926,-350.75726318359375,87.85374450683594,0.8148627281188965,24.778392791748047,-13.948298454284668,-1.7490930557250977,-1.946446180343628,-8.943349838256836,6.005902290344238,0.6882312893867493,4.350721836090088,-4.643941879272461,-10.594991683959961,unknown,unknown_nygaard_0127.wav
0.008401468396186829,0.10538158634914682,1882.8451047675728,3934.0,235.0,2041.8898769545613,492.2886585937013,186.9086774089041,69.35702562012253,-402.53515625,79.83778381347656,18.45240020751953,37.60682678222656,4.636085510253906,-7.390280246734619,-0.07478004693984985,-8.227622985839844,-4.024639129638672,0.08750826120376587,-4.83126163482666,-3.4475340843200684,-6.942976951599121,unknown,unknown_nygaard_0128.wav
0.01700945943593979,0.09275579723732734,1701.9212706615601,3609.0,251.0,9672.198925530436,2167.0715085519164,405.409424661459,209.49478885090596,-332.89007568359375,92.55245971679688,4.753760814666748,23.763694763183594,-2.5505433082580566,-6.277843475341797,-1.7707186937332153,-9.32994270324707,0.16589978337287903,-5.295176982879639,-10.095366477966309,-5.823999404907227,-8.499738693237305,unknown,unknown_nygaard_0129.wav
0.015014330856502056,0.08181761360085005,1581.4864092232624,3624.0,260.0,4143.483234681867,643.1393965661167,105.87265314815093,49.056535967558744,-387.18115234375,90.13314819335938,17.619644165039062,35.35884475708008,2.921938419342041,-8.467967987060547,-3.0760040283203125,-6.963963985443115,-2.910234212875366,-1.3287177085876465,-1.4958837032318115,-1.8514043092727661,-5.141211986541748,unknown,unknown_nygaard_0130.wav
0.008379476144909859,0.10338146134133383,1815.1674956810198,4531.0,187.0,2117.633268249344,618.2657637709557,46.88541741678014,37.66206199831721,-415.3269348144531,84.59431457519531,25.46331214904785,24.401721954345703,0.7543275356292725,-6.240313529968262,-7.126072883605957,-7.121354103088379,1.1742870807647705,2.595884084701538,-1.290855050086975,-0.5911211967468262,-3.1182973384857178,unknown,unknown_nygaard_0131.wav
0.00942258071154356,0.08331770735670979,1589.3415893756323,3682.0,199.0,3476.0258654608583,373.79288246281294,78.06294061247885,35.537260264743416,-409.36700439453125,87.99014282226562,29.366485595703125,28.14069938659668,2.6036243438720703,-3.4459028244018555,-3.2081961631774902,-6.158733367919922,-1.0923455953598022,-0.9024484157562256,-3.0977060794830322,-3.1028358936309814,-4.080178737640381,unknown,unknown_nygaard_0132.wav
0.016738027334213257,0.10013125820363773,1605.5277870656744,3169.0,507.0,6263.357046618539,7122.197112496828,828.9799633975539,162.53206360487798,-350.9744873046875,89.15359497070312,4.251235008239746,26.47039031982422,-1.391432762145996,-6.813000202178955,-11.4666748046875,-14.374748229980469,0.9552716612815857,1.7901450395584106,-4.372077465057373,-3.5340700149536133,0.6468715667724609,unknown,unknown_nygaard_0133.wav
0.011530136689543724,0.09713107069191824,1709.4125762500585,3786.0,226.0,4960.7999500702845,775.2941656952246,147.99797618265217,72.97017680985637,-397.4355163574219,87.36880493164062,23.97482681274414,24.153675079345703,1.6250914335250854,-7.374732494354248,-1.8294875621795654,-4.859732151031494,2.3718578815460205,1.6808384656906128,-7.075266361236572,-0.06872785091400146,-0.20485760271549225,unknown,unknown_nygaard_0134.wav
0.02734571322798729,0.08769298081130071,1400.9242862983422,2865.0,618.0,15593.47519204538,15495.682696411413,1130.364771290689,274.572892078991,-322.0912170410156,109.87309265136719,0.6962709426879883,13.643383026123047,-10.848700523376465,-8.037629127502441,-9.114668846130371,-16.900848388671875,-2.7114784717559814,5.197140693664551,-4.589139938354492,-5.7636213302612305,-7.853255748748779,unknown,unknown_nygaard_0135.wav
0.023042770102620125,0.0871304456528533,1498.9891099987842,3191.0,144.0,16316.745180180298,3110.4518401929054,679.4408719656587,270.7909882868783,-346.69830322265625,95.9581298828125,4.290946006774902,36.544925689697266,0.5107154846191406,-7.5427093505859375,2.382354736328125,-11.523368835449219,-2.525073528289795,-4.568588733673096,-14.108320236206055,-1.5324764251708984,-9.422359466552734,unknown,unknown_nygaard_0136.wav
0.02067844569683075,0.09713107069191824,1691.2484916725193,3618.0,330.0,18333.246151094132,1802.6517677195336,359.3014726251941,316.50928564479705,-368.52490234375,82.33031463623047,16.969432830810547,32.51922607421875,-2.663789749145508,-1.9326772689819336,3.016928195953369,-18.724700927734375,-6.70426082611084,1.3296904563903809,-9.190115928649902,-6.544559001922607,-8.518850326538086,unknown,unknown_nygaard_0137.wav
0.02718503400683403,0.12863303956497282,1973.2539263191684,3577.0,157.0,41073.09239164366,2659.928894774384,5306.497714173846,1930.827112882827,-321.2149963378906,66.15001678466797,2.6736087799072266,48.05748748779297,4.760921478271484,-18.711029052734375,-7.945310592651367,-21.57539939880371,-9.479978561401367,-11.87191104888916,-15.418794631958008,-1.9838365316390991,-6.244238376617432,unknown,unknown_nygaard_0138.wav
0.013298507779836655,0.10156884805300331,1804.373260939455,4355.0,268.0,5665.123633232859,2191.0179910594165,137.49856069565027,139.20511109739317,-373.36968994140625,90.43962860107422,16.111419677734375,22.88623809814453,-0.8950218558311462,-2.4349448680877686,-6.040422439575195,-18.582889556884766,-11.737257957458496,-1.3576323986053467,4.017350196838379,0.06716591119766235,-10.38951301574707,unknown,unknown_nygaard_0139.wav
0.017519047483801842,0.08894305894118383,1391.6853296600607,3168.0,262.0,15673.31600940114,2182.317174782426,161.22664948030297,106.35360052908858,-364.841064453125,104.86273193359375,22.4547061920166,25.478073120117188,-2.9209742546081543,-3.994460344314575,-2.637423038482666,-13.044876098632812,-5.946819305419922,-3.690112829208374,-1.1650364398956299,0.05027960240840912,-6.721587181091309,unknown,unknown_nygaard_0140.wav
0.017704328522086143,0.08331770735670979,1430.3622892529734,2782.0,202.0,6974.021276943978,6836.153725885491,609.9713908469017,76.30516337855106,-358.9757995605469,104.50718688964844,1.5220332145690918,18.730384826660156,-3.479071617126465,-5.673223972320557,-4.352140426635742,-9.828680038452148,-0.9439657926559448,2.021273374557495,-0.1337834596633911,-9.517460823059082,-9.534347534179688,unknown,unknown_nygaard_0141.wav
0.014543462544679642,0.11856991061941372,1827.4896661418093,3806.0,191.0,4705.316619920038,2558.204538825915,639.1439445369219,179.6163557806813,-360.15753173828125,89.2373275756836,3.66886043548584,29.996564865112305,-1.1932107210159302,-6.031125545501709,-4.191391944885254,-14.972604751586914,-6.990385055541992,-1.3056867122650146,0.6837546825408936,-7.829529762268066,-10.005859375,unknown,unknown_nygaard_0142.wav
0.00966585986316204,0.09519344959059942,1745.8866197358984,4014.0,202.0,2096.05928250144,1634.9302749154936,124.8403289522061,51.82929976076364,-397.80267333984375,90.82485961914062,13.584790229797363,11.73627758026123,-0.24099497497081757,-5.840304374694824,-12.674993515014648,-6.147200584411621,0.8372310400009155,4.398576736450195,2.0407087802886963,-1.3010677099227905,-1.9846028089523315,unknown,unknown_nygaard_0143.wav
0.031842559576034546,0.0912557034814676,1252.9934466692023,2482.0,627.0,19289.472807431066,38013.36200660185,967.9786511784774,307.37789478499184,-308.4276123046875,113.67597198486328,-1.1502792835235596,18.261322021484375,-17.689483642578125,-11.072807312011719,-5.138489723205566,-14.658394813537598,-0.9647825956344604,-0.1820250153541565,-3.595390796661377,-3.5398049354553223,-7.826860427856445,unknown,unknown_nygaard_0144.wav
0.02068731002509594,0.0923807737983624,1354.5544303113054,2903.0,239.0,11636.275503969926,5333.00960326892,511.4958215506975,273.81371179909377,-336.40093994140625,110.65396881103516,-7.421024799346924,23.362403869628906,-11.492321014404297,-7.808402061462402,2.9240920543670654,-15.382237434387207,-5.1755900382995605,-1.5543315410614014,-7.667974472045898,-7.131518840789795,-11.349745750427246,unknown,unknown_nygaard_0145.wav
0.012317927554249763,0.09094318394899681,1645.8174174579826,3588.0,265.0,7995.42666335575,596.2994427715579,226.88606815996746,73.70890760859722,-390.33343505859375,87.9473876953125,21.899499893188477,37.365875244140625,6.688262462615967,-9.066768646240234,-1.8320049047470093,-16.58220672607422,-6.898812770843506,-0.8345760107040405,-6.358601093292236,-1.2081276178359985,-5.0511860847473145,unknown,unknown_nygaard_0146.wav
0.017056558281183243,0.10306894180886306,1869.939283714289,3977.0,389.0,6656.986111656869,2144.2763217399142,301.65726034878725,253.93676841746833,-359.2433776855469,85.27926635742188,5.036848545074463,27.591838836669922,-2.1792407035827637,-6.809930324554443,-5.604241847991943,-15.660776138305664,-6.277531623840332,-3.5480754375457764,-5.151985168457031,-1.4326727390289307,-6.904114246368408,unknown,unknown_nygaard_0147.wav
0.014273357577621937,0.08438027376711045,1401.0279363950276,3157.0,356.0,9297.324425425564,1027.008413016815,134.10307701183456,50.40564598646114,-399.14862060546875,95.11448669433594,24.106618881225586,28.327083587646484,-0.024356842041015625,-4.544950485229492,-5.522078990936279,-5.582375526428223,-3.666112184524536,-5.704047203063965,-2.2141847610473633,-3.582113265991211,-6.67628288269043,unknown,unknown_nygaard_0148.wav
0.015464916825294495,0.08700543783986499,1507.1208387131414,3163.0,199.0,11220.024955350935,3209.1470183943266,616.173275628152,131.84145836935048,-367.3459167480469,95.3577880859375,8.685921669006348,23.049238204956055,-6.516430854797363,-4.201482772827148,-1.8667857646942139,-12.757033348083496,-1.5264544486999512,-1.7291561365127563,-5.723848342895508,-5.410988807678223,-11.556841850280762,unknown,unknown_nygaard_0149.wav
0.011025432497262955,0.10706919182448903,1893.0416591435155,3944.0,267.0,3440.8234712852122,1300.9205253559514,258.9391145026408,197.0704758319642,-390.64935302734375,88.98556518554688,19.85498809814453,31.34670639038086,-6.788608074188232,-3.886239767074585,-3.2910468578338623,-21.695232391357422,-2.0019960403442383,3.043442726135254,-6.141948223114014,-3.1363534927368164,-4.104700088500977,unknown,unknown_nygaard_0150.wav
0.016009029000997543,0.08356772298268642,1843.0108037467242,4048.0,230.0,5762.947836090596,1515.7519881950916,434.47230077539984,167.09533824257738,-367.58477783203125,94.30718994140625,10.564062118530273,30.392000198364258,0.83176589012146,-8.772639274597168,-7.349053382873535,-13.187519073486328,-5.91010856628418,-3.8359036445617676,-3.2918920516967773,-5.039997577667236,-11.561182022094727,unknown,unknown_nygaard_0151.wav
0.012275686487555504,0.08706794174635915,1515.381580243249,3466.0,213.0,5115.06272548816,609.1594743151475,106.98375658606092,72.08351229282044,-386.5640869140625,88.44271850585938,15.50331974029541,24.895816802978516,-8.114984512329102,-6.417814254760742,-3.475701332092285,-15.21876335144043,0.7277470827102661,-0.2569841742515564,-10.112625122070312,-2.5535309314727783,-3.9106388092041016,unknown,unknown_nygaard_0152.wav
0.020511092618107796,0.10169385586599163,1599.6620918271806,3363.0,203.0,19573.693389075088,4422.362942359132,1611.7479763970075,379.2718801370799,-344.44378662109375,93.45310974121094,5.908400058746338,31.125757217407227,-12.226468086242676,-16.505046844482422,-5.447585105895996,-11.735356330871582,-6.901671409606934,-10.813199996948242,-0.2552812099456787,-2.623887538909912,-6.165257930755615,unknown,unknown_nygaard_0153.wav
0.015065519139170647,0.10788174260891306,1542.6491884070942,2635.0,1132.0,3699.423528022424,9581.711621497056,1862.0381303223219,103.65720986158867,-381.7940673828125,91.32133483886719,3.6677699089050293,18.78817367553711,2.6528584957122803,0.2336714267730713,2.2537670135498047,-10.401403427124023,-4.563948631286621,-1.635906457901001,-4.947238922119141,-1.8734968900680542,-7.053993225097656,unknown,unknown_nygaard_0154.wav
0.017280790954828262,0.06481655103443965,1186.3707461498066,2707.0,253.0,15556.864695434544,4029.9285527174693,136.82245383731114,69.48637732758147,-391.13262939453125,105.61305236816406,24.87513542175293,32.684486389160156,0.8112180233001709,-0.6618542671203613,-1.4189162254333496,-15.34253215789795,0.42345449328422546,6.422210693359375,-3.823624849319458,-0.3008691668510437,-4.70252799987793,unknown,unknown_nygaard_0155.wav
0.010006590746343136,0.08531783236452278,1638.295503003059,3834.0,231.0,4208.8529746616405,574.8798279444193,86.23520898534188,75.16977054144346,-397.8743591308594,90.46783447265625,21.64788055419922,29.22849464416504,-0.8267099261283875,-4.876989841461182,-2.961472272872925,-7.580205917358398,-2.479325771331787,-3.7575559616088867,-1.5926491022109985,0.17702153325080872,-5.304750919342041,unknown,unknown_nygaard_0156.wav
0.0241666529327631,0.07256703543971499,1440.5026788931832,3087.0,152.0,26877.564117030604,3492.9561037550457,652.4503008948942,279.06497109674694,-344.28131103515625,101.39787292480469,13.560171127319336,39.105709075927734,-1.3613204956054688,-5.981062889099121,2.433089256286621,-13.78031063079834,-8.42381763458252,-3.6178832054138184,-13.305533409118652,-7.214405536651611,-6.797497272491455,unknown,unknown_nygaard_0157.wav
0.016642089933156967,0.11756984811550722,1654.962755863908,3357.0,231.0,8998.307177202247,1347.8479678763792,667.2970359232979,452.5071754833863,-351.90521240234375,89.51131439208984,6.340480804443359,40.67107391357422,-12.669065475463867,-11.949514389038086,5.958074569702148,-22.300846099853516,0.4204460382461548,7.418845176696777,-6.795452117919922,1.112446665763855,-8.836198806762695,unknown,unknown_nygaard_0158.wav
0.01187578123062849,0.09106819176198512,1544.1321866125259,3635.0,442.0,7829.638666490088,588.4734136044611,127.72439154150618,90.76227707529392,-396.53057861328125,86.64356994628906,30.1121826171875,30.20451545715332,2.5260610580444336,2.0261523723602295,-2.335998773574829,-13.906526565551758,-8.765049934387207,-4.969489574432373,-5.219082832336426,-0.48995187878608704,-4.110530853271484,unknown,unknown_nygaard_0159.wav
0.010762127116322517,0.10800675042190137,1816.2342373975325,3593.0,225.0,2379.150818009076,894.1251801397702,886.8892725827346,106.15018511149796,-385.75091552734375,90.57239532470703,5.269585609436035,19.891117095947266,0.6483891010284424,-2.236480712890625,-4.425466060638428,-8.632719039916992,0.8529897332191467,4.0183000564575195,0.8138247132301331,-0.4251985549926758,-4.129668235778809,unknown,unknown_nygaard_0160.wav
0.009362327866256237,0.08913057066066629,1792.4942291362995,4060.0,240.0,1488.858145337117,421.7160961045921,92.68334305121567,45.49525622508942,-414.77655029296875,86.944580078125,22.6512508392334,25.790603637695312,3.335331439971924,1.7641059160232544,-1.7602943181991577,-8.009592056274414,-4.716651916503906,-0.940782368183136,-2.692308187484741,-3.8166847229003906,-1.9012041091918945,unknown,unknown_nygaard_0161.wav
0.013642475940287113,0.08481780111256954,1530.9270648316142,3386.0,245.0,4201.591853832078,3021.1834537698724,168.4556965776964,50.82287056462287,-386.0439147949219,97.95539855957031,18.83775520324707,21.369407653808594,-0.004907131195068359,-12.708345413208008,-10.38308334350586,-5.977932929992676,0.6461374759674072,-1.4414403438568115,-3.0573859214782715,-4.96589469909668,-10.38722038269043,unknown,unknown_nygaard_0162.wav
0.011347964406013489,0.0956309769360585,1689.507651387429,3719.0,198.0,2255.544688037722,1007.700265355908,148.5084848982067,66.60219284267515,-394.91973876953125,91.83131408691406,17.424863815307617,20.73963165283203,0.08257931470870972,-11.2525634765625,-8.915739059448242,-5.300830364227295,0.5973631143569946,-0.6215816736221313,-3.741713523864746,-4.832359313964844,-7.832799911499023,unknown,unknown_nygaard_0163.wav
0.021515561267733574,0.10769423088943059,1484.006163151584,3074.0,406.0,17982.515470169295,10349.340893417697,886.9733356334818,286.7712153853703,-317.63055419921875,102.79456329345703,-0.5004770755767822,25.614858627319336,-7.741590976715088,-11.893396377563477,-1.2254763841629028,-12.745099067687988,-3.468899965286255,-0.5486111640930176,-4.13271427154541,-3.1051764488220215,-4.242396831512451,unknown,unknown_nygaard_0164.wav
0.00687614269554615,0.09856866054128383,1811.9589576707626,4189.0,107.0,2017.9566625636985,200.44487749576882,53.02645980558533,36.88617507130755,-442.93389892578125,77.24514770507812,30.05724334716797,30.541088104248047,8.840818405151367,-0.06640616059303284,-1.1802898645401,-5.891589641571045,-6.073678493499756,-3.938981771469116,-4.752079486846924,-1.917539119720459,-3.8278965950012207,unknown,unknown_nygaard_0165.wav
0.03236689418554306,0.08369273079567473,1309.1583764464103,2666.0,204.0,48763.55822465765,21450.77818329966,1846.235071691367,430.778182085284,-309.87115478515625,107.27149963378906,18.666868209838867,28.475120544433594,-4.4806976318359375,-4.427951812744141,-7.191821098327637,-9.106099128723145,3.2608370780944824,-2.021275043487549,-4.90018367767334,-6.2029876708984375,-4.263378143310547,unknown,unknown_nygaard_0166.wav
0.017783664166927338,0.15407212950809426,1864.3682757843928,3862.0,259.0,7639.645717167832,5074.610459659266,571.6339611883902,475.7168266150313,-336.3403625488281,68.52753448486328,24.188053131103516,31.25554847717285,-3.6375372409820557,-6.774534225463867,-4.297408103942871,-19.698772430419922,-7.464570045471191,1.7667336463928223,-4.4443817138671875,3.7561111450195312,-4.29786491394043,unknown,unknown_nygaard_0167.wav
0.017216015607118607,0.08600537533595849,1505.9834394801012,3067.0,231.0,7709.018249210691,7760.268073308694,965.50599814544,146.8435362605711,-360.51910400390625,96.85643005371094,8.896872520446777,30.068557739257812,4.312912464141846,-6.269324779510498,-5.282042980194092,-10.91640567779541,-6.559791088104248,-5.212917327880859,-2.3742473125457764,1.895042896270752,-3.7639737129211426,unknown,unknown_nygaard_0168.wav
0.012721322476863861,0.09369335583473967,1488.890875391457,2822.0,665.0,3292.603301146308,7708.645421542613,635.9694710666236,73.8345196782891,-395.8621826171875,90.51846313476562,14.000208854675293,21.522254943847656,-7.647051811218262,-12.368646621704102,-7.5108795166015625,-8.510754585266113,-5.554710388183594,-4.750150680541992,-2.5519256591796875,-1.2747461795806885,-2.246772527694702,unknown,unknown_nygaard_0169.wav
0.017752502113580704,0.10125632852053253,1660.419327469939,3364.0,235.0,7281.856400617999,2469.354038100799,839.9119341597943,133.65607279794887,-348.87335205078125,90.02186584472656,-2.6112871170043945,33.23707580566406,-0.8145660161972046,-12.650418281555176,-8.500298500061035,-12.06938648223877,-2.1177010536193848,-4.657463550567627,0.6289516687393188,-5.204790115356445,-8.351852416992188,unknown,unknown_nygaard_0170.wav
0.016532709822058678,0.10000625039064942,1494.3136559687473,3221.0,103.0,5026.6584187042245,1408.1817934375035,298.91981817701117,101.21626802323749,-359.5525207519531,97.07637023925781,6.638785362243652,31.22727394104004,0.90313720703125,-4.893455505371094,-5.81651496887207,-9.084486961364746,5.495345115661621,-2.441689968109131,-6.413278102874756,3.9554340839385986,-3.932898759841919,unknown,unknown_nygaard_0171.wav
0.008287886157631874,0.08331770735670979,1578.5679252718214,3698.0,228.0,3054.3635492353164,321.98155761556916,54.63266887107724,27.758848815590838,-424.3348388671875,87.69801330566406,26.5949649810791,29.904747009277344,7.962584018707275,-4.720682144165039,-4.1010541915893555,-7.620041847229004,-2.301222085952759,2.3370425701141357,-1.5769860744476318,-2.8172924518585205,-6.684796333312988,unknown,unknown_nygaard_0172.wav
0.011456485837697983,0.07994249640602538,1689.281081721256,3772.0,223.0,2603.7765942384503,465.47336441017353,134.24724299100302,37.8938814386936,-404.2911376953125,91.26213073730469,18.730382919311523,27.477657318115234,1.819264531135559,-6.073122024536133,-5.277209758758545,-8.378169059753418,-1.1704590320587158,-2.620396614074707,-3.5811686515808105,-1.8004636764526367,-2.7507972717285156,unknown,unknown_nygaard_0173.wav
0.013820507563650608,0.08375523470216889,1381.519140626457,3202.0,293.0,9356.101754351328,1006.8299638044489,94.6963040135145,66.14074473746074,-386.1656494140625,96.06926727294922,17.98116111755371,18.375886917114258,-7.4858784675598145,-1.3904736042022705,3.3305578231811523,-8.466594696044922,-1.970022439956665,-3.518538475036621,-7.389559745788574,-8.730968475341797,-10.706788063049316,unknown,unknown_nygaard_0174.wav
0.009677073918282986,0.08969310581911369,1497.6291905502962,3172.0,191.0,3427.952753906534,1161.099221256061,127.90245403521342,40.045627673996975,-391.87652587890625,94.83612060546875,15.842279434204102,20.130056381225586,5.752232551574707,2.203293561935425,3.3959031105041504,-6.153779983520508,-4.665345191955566,2.308213710784912,-2.776933193206787,-2.7150840759277344,-1.4922382831573486,unknown,unknown_nygaard_0175.wav
0.015597083605825901,0.08788049253078317,1743.0196570909468,3698.0,258.0,11384.446109676686,1385.9986138832246,622.4506354333257,160.18207278101346,-368.0948486328125,86.91899871826172,15.15861701965332,34.0728645324707,-4.4172163009643555,-23.527681350708008,-9.163106918334961,-5.992068290710449,-0.8139615058898926,-8.780810356140137,-9.997112274169922,-7.229849338531494,-10.074721336364746,unknown,unknown_nygaard_0176.wav
0.026040801778435707,0.08700543783986499,1415.3069141996289,3002.0,264.0,22431.53499536227,21167.873963812188,1317.3884750231075,754.6720423315958,-309.30084228515625,106.6699447631836,-1.938784122467041,24.32168960571289,-6.668778419494629,-10.420389175415039,-6.132974147796631,-16.69110107421875,-1.88106107711792,-2.318391799926758,1.7263015508651733,-2.9088144302368164,-13.005932807922363,unknown,unknown_nygaard_0177.wav
0.019501283764839172,0.08431776986061629,1393.4963567622349,2964.0,355.0,19097.237790645515,5215.921964751583,942.290907073391,350.9961065895713,-358.23284912109375,103.80386352539062,10.309706687927246,30.11043357849121,-1.647791862487793,-9.027976989746094,0.03926539421081543,-14.073270797729492,-4.497673034667969,-2.9366893768310547,-7.938441276550293,-3.3700380325317383,-4.094958305358887,unknown,unknown_nygaard_0178.wav
0.014684906229376793,0.10013125820363773,1539.5037682579366,3098.0,214.0,5348.950466795508,2805.5891131048793,608.4483883724807,118.30526142870585,-357.1019287109375,99.65567016601562,-4.677359104156494,28.098731994628906,-1.5419777631759644,-4.788227558135986,-11.487595558166504,-13.395317077636719,6.680295944213867,3.0256383419036865,-1.8312351703643799,-11.438684463500977,-6.745077610015869,unknown,unknown_nygaard_0179.wav
0.013769770041108131,0.10819426214138383,1765.0868146810576,3694.0,716.0,1443.2359241647816,2449.963869957748,300.5452366509345,72.01997740285559,-389.6849670410156,84.93386840820312,6.501800060272217,18.22201919555664,-0.8737276792526245,-4.034787654876709,-4.816023826599121,-6.84697151184082,1.2906184196472168,4.605203151702881,2.511943817138672,-1.1309406757354736,-4.387552261352539,unknown,unknown_nygaard_0180.wav
0.013981216587126255,0.08294268391774486,1644.4471473670762,3620.0,225.0,5399.291138529422,691.7230943715083,200.8834060438378,74.7236206444922,-381.8262939453125,84.59281921386719,15.199950218200684,37.898155212402344,2.5704078674316406,-10.586599349975586,-9.88524341583252,-16.181861877441406,-2.249159812927246,-3.8888468742370605,-10.050793647766113,-3.151017427444458,-0.8763837218284607,unknown,unknown_nygaard_0181.wav
0.009327100589871407,0.10700668791799488,1840.2403684988656,3778.0,200.0,2211.0606561018776,1053.857927434213,588.6868029203891,151.7507541892416,-389.50238037109375,89.48323822021484,10.890113830566406,24.831754684448242,-0.6370304822921753,-3.2544097900390625,-4.37985897064209,-8.928255081176758,-4.126009464263916,1.6799955368041992,-0.5871629118919373,-4.825356960296631,-6.238469123840332,unknown,unknown_nygaard_0182.wav
0.009032036177814007,0.0919432464529033,1664.2491484862724,3817.0,219.0,2984.970576020115,352.227923182404,66.01679804931382,31.46594474969811,-415.49530029296875,86.64855194091797,22.456172943115234,24.93500328063965,4.891026973724365,-5.6605753898620605,-5.024618148803711,-5.653153419494629,-3.38785457611084,-2.8604838848114014,-3.4597110748291016,-4.563571929931641,-5.9116106033325195,unknown,unknown_nygaard_0183.wav
0.010853472165763378,0.08725545346584161,1417.219854489626,3042.0,524.0,4175.102541612196,2647.8681020982417,175.61772567162916,56.52118915997545,-403.0273742675781,89.8037109375,18.333724975585938,27.536296844482422,1.8198145627975464,-7.123137950897217,-2.5034263134002686,-9.016347885131836,2.054324150085449,6.567370414733887,-2.033897876739502,-2.657505512237549,-5.469094276428223,unknown,unknown_nygaard_0184.wav
0.012276467867195606,0.12732045752859553,2178.8851772644302,5281.0,261.0,6259.95482901576,2259.4009049335605,513.0037104338963,255.57536063628874,-346.3745422363281,77.47061157226562,11.272247314453125,15.254983901977539,0.7737290859222412,-6.606252670288086,1.8877251148223877,-9.731518745422363,1.5227853059768677,-1.5357255935668945,-8.370038986206055,-3.8723678588867188,-6.783885955810547,unknown,unknown_nygaard_0185.wav
0.01324407383799553,0.09550596912307019,1669.4295663686714,3962.0,125.0,6766.34539037729,1031.4907127212948,111.16111283765882,114.74788752523664,-372.13873291015625,85.41506958007812,21.77759552001953,37.96565628051758,-1.2933249473571777,-5.815835952758789,-1.2260475158691406,-10.34123706817627,-3.1098597049713135,-6.954811096191406,-6.812567234039307,0.26685261726379395,-6.8352861404418945,unknown,unknown_nygaard_0186.wav
0.01145168300718069,0.0668791799487468,1450.9771226908247,3390.0,238.0,5383.64499572585,516.8596129554078,54.77950218872033,30.40982226419632,-408.1228332519531,92.415771484375,22.379802703857422,22.599151611328125,5.172398090362549,-2.0385444164276123,-5.0288591384887695,-11.45448112487793,-5.0606513023376465,0.2558436393737793,-4.895044803619385,-8.628890991210938,-9.920309066772461,unknown,unknown_nygaard_0187.wav
0.016465360298752785,0.0844427776736046,1415.1131486862316,2887.0,443.0,5521.532196648801,2661.632271723729,191.9985915856804,47.39917876057697,-378.8815002441406,99.85737609863281,15.518854141235352,19.94692039489746,-6.941108703613281,-8.826058387756348,-7.502799034118652,-9.292566299438477,0.1358906626701355,0.8805858492851257,-4.591979026794434,-3.2954258918762207,-4.4108195304870605,unknown,unknown_nygaard_0188.wav
0.01739727333188057,0.09625601600100006,1549.9383679164434,3236.0,234.0,12362.125117691794,4657.054862229898,669.7853521588627,203.41510970963918,-346.7293701171875,89.1032485961914,10.63713550567627,32.301185607910156,2.4891090393066406,-5.204109191894531,1.6490353345870972,-16.113916397094727,0.5812652111053467,3.704075813293457,-3.9298431873321533,-3.390429973602295,-4.290597915649414,unknown,unknown_nygaard_0189.wav
0.07336338609457016,0.08769298081130071,1297.9959310911427,2623.0,361.0,241081.64995389717,34317.610601936016,3523.4726364612197,1192.9656453168586,-298.773681640625,101.71830749511719,12.847419738769531,21.355167388916016,-7.2207841873168945,-15.557975769042969,-10.384218215942383,-8.054268836975098,-4.755509376525879,0.48976409435272217,-5.945550918579102,-2.547269344329834,-5.465025424957275,unknown,unknown_nygaard_0190.wav
0.018901702016592026,0.08638039877492343,1458.2068151856583,3157.0,196.0,5992.934802672316,3312.8282142876337,303.4857068016569,106.49003757036743,-355.68243408203125,108.12838745117188,11.830465316772461,18.820720672607422,-12.135169982910156,-9.032045364379883,-1.6379973888397217,-7.246633529663086,1.2775473594665527,-0.3670560121536255,0.8906315565109253,0.36633068323135376,-3.661893367767334,unknown,unknown_nygaard_0191.wav
0.014249036088585854,0.09338083630226889,1629.3031869731349,3521.0,225.0,4688.6638847754875,3134.1795484440786,388.770439552678,167.8094784430652,-371.9344482421875,92.42758178710938,16.540441513061523,33.90937805175781,-5.058469295501709,-10.281781196594238,-4.0708537101745605,-12.362472534179688,4.757395267486572,4.2526397705078125,-2.9122889041900635,-1.5322155952453613,-5.719415187835693,unknown,unknown_nygaard_0192.wav
0.006700332276523113,0.11644477779861241,1690.686117826561,4088.0,209.0,2372.9408277334815,192.55959364873527,39.66435064478129,29.08076729254656,-427.5867614746094,76.91014099121094,21.274839401245117,27.681133270263672,-0.06620430946350098,-3.3097827434539795,-3.441394805908203,-7.620243072509766,0.09687262773513794,-1.1912097930908203,-4.493751525878906,-0.06108212471008301,-4.523592472076416,unknown,unknown_nygaard_0193.wav
0.014443661086261272,0.08238014875929746,1624.0271134896334,3732.0,259.0,7957.282893773334,1965.9736775413398,108.72772061954873,97.91930161790886,-383.091552734375,88.08501434326172,23.90965461730957,35.55358123779297,4.579717636108398,-1.8579481840133667,1.7366149425506592,-12.63773250579834,-7.974356651306152,-7.0279741287231445,-7.470457077026367,0.027571558952331543,-5.846864700317383,unknown,unknown_nygaard_0194.wav
0.012087640352547169,0.07444215263453965,1532.2137690238783,3572.0,181.0,3618.032513804748,480.4365204197049,73.97299762062075,38.259221762616804,-398.9248046875,95.71900939941406,23.175575256347656,29.91185188293457,1.512686848640442,-4.073751449584961,-3.6801955699920654,-11.5281343460083,-7.506906032562256,-5.288762092590332,-3.861600875854492,2.2973670959472656,-2.2288119792938232,unknown,unknown_nygaard_0195.wav
0.01647394336760044,0.0892555784736546,1579.7343665602182,3556.0,209.0,9656.241511087897,3972.8843862612953,415.5671731306494,227.1764421170281,-350.30584716796875,94.84080505371094,16.48582649230957,32.20655059814453,3.1841742992401123,0.28726255893707275,-4.049200057983398,-15.286677360534668,3.1171629428863525,0.11342740058898926,-1.9954276084899902,-1.2918339967727661,-3.9881703853607178,unknown,unknown_nygaard_0196.wav
0.013531210832297802,0.10875679729983125,2002.2006015994816,4306.0,199.0,4169.3030419915685,1076.5135204956123,323.5660160865351,145.51380308943078,-376.6189880371094,79.7146987915039,11.990676879882812,28.413814544677734,4.145526885986328,-5.349620819091797,-4.304835796356201,-9.474010467529297,-0.24830621480941772,-2.6406378746032715,-3.6416025161743164,-1.2494648694992065,-9.40198040008545,unknown,unknown_nygaard_0197.wav
0.009344645775854588,0.09250578161135072,1725.7250897843087,4324.0,194.0,3056.603244733031,338.823244602566,73.92340881950659,43.64124120344693,-397.96380615234375,87.25431823730469,21.5750675201416,19.9426212310791,2.4015870094299316,-2.923203229904175,-5.122173309326172,-4.006039619445801,-2.614600658416748,0.9582173824310303,-7.2247419357299805,-7.964580535888672,-4.328948020935059,unknown,unknown_nygaard_0198.wav
0.011879196390509605,0.1109444340271267,1836.1535668321615,4420.0,217.0,3816.974160476714,581.8256275676024,99.19020258456771,63.109724597947206,-392.4384765625,84.91110229492188,20.3657283782959,19.3719539642334,-4.318465232849121,-7.561673164367676,8.443849563598633,-4.475961685180664,-6.548580169677734,0.15995609760284424,-0.045230090618133545,0.7372128963470459,-0.6630131006240845,unknown,unknown_nygaard_0199.wav
0.009058084338903427,0.09213075817238578,1851.1348699075186,3859.0,131.0,1465.6371927826372,800.139885605376,146.3888020353399,53.49097949967719,-407.8954772949219,83.74125671386719,13.13873291015625,26.96682357788086,3.432328224182129,-7.436901569366455,-5.5727128982543945,-10.848703384399414,-3.9927446842193604,0.018644094467163086,4.897079944610596,4.409809112548828,-9.165056228637695,unknown,unknown_nygaard_0200.wav
0.032632697373628616,0.1708856803550222,869.315862471466,1464.0,205.0,49554.4131431125,4270.895155752471,143.46965081662748,30.070096221669097,-463.60211181640625,64.54755401611328,32.33818817138672,29.297483444213867,10.53073501586914,4.231142997741699,1.4405829906463623,-1.2764959335327148,-5.689897537231445,-1.834632396697998,-8.424579620361328,-2.5151519775390625,-1.072706699371338,unknown,unknown_random_0001.wav
0.05847176909446716,0.13557097318582412,1035.1334727689837,2078.0,409.0,198757.41398349614,60359.32702176862,6482.658499745137,924.795332685637,-390.7232360839844,92.3333969116211,10.115652084350586,21.954256057739258,-3.469362735748291,-10.5463285446167,1.396538496017456,-8.43407154083252,-8.924172401428223,-1.1466078758239746,-8.254278182983398,0.7233579158782959,-8.499531745910645,unknown,unknown_random_0002.wav
0.05456153675913811,0.08119257453590849,984.5850162446758,1769.0,376.0,224538.48700522014,30166.274474070422,6061.551742740787,140.51814107630517,-379.84320068359375,101.86327362060547,5.330461502075195,21.991819381713867,15.297815322875977,-3.3049025535583496,-3.243640422821045,-10.17749309539795,-13.45582103729248,-2.140781879425049,-8.774999618530273,-11.414722442626953,-6.4656171798706055,unknown,unknown_random_0003.wav
0.03508828952908516,0.09856866054128383,1094.8001009901996,1397.0,746.0,21167.99862980671,52923.51669468441,445.78934647968276,60.304540990323154,-420.4002990722656,89.88812255859375,14.862411499023438,4.21739387512207,2.3521969318389893,7.372984409332275,8.462749481201172,-1.363572359085083,-5.742977619171143,-1.524139165878296,0.5329157114028931,-3.364483594894409,-8.998992919921875,unknown,unknown_random_0004.wav
0.03581790253520012,0.08456778548659291,931.9427594839116,1630.0,228.0,104789.70042721271,6349.00056104533,1427.3461026510329,49.21322882435865,-408.5877685546875,93.8168716430664,13.243188858032227,16.444807052612305,14.853545188903809,1.3406639099121094,-5.777613639831543,-13.995344161987305,-9.221735954284668,-2.944584846496582,-5.394018650054932,-10.812500953674316,-7.44172477722168,unknown,unknown_random_0005.wav
0.016712099313735962,0.26270391899493717,2223.818043531066,4998.0,105.0,12045.067262624985,2560.4041207743635,369.2539921517765,419.01770212231327,-448.3269348144531,48.35242462158203,22.032886505126953,20.641246795654297,1.3174636363983154,0.49534156918525696,-2.7421181201934814,-4.3790411949157715,-0.06199687719345093,-2.782986640930176,-9.021001815795898,0.3766496777534485,3.371892213821411,unknown,unknown_random_0006.wav
0.029584219679236412,0.2005125320332521,921.218213131392,1812.0,204.0,38598.852742368836,3544.5959545601254,159.6045822746787,29.211575133764704,-464.1174011230469,60.711021423339844,28.756179809570312,26.885515213012695,9.048761367797852,1.159114122390747,1.7373932600021362,-1.2028030157089233,-4.393278121948242,-1.8498344421386719,-7.5624589920043945,-1.7409883737564087,-0.20621651411056519,unknown,unknown_random_0007.wav
0.020332034677267075,0.13100818801175074,1219.1618011601033,3234.0,138.0,13976.074119896999,52.17826748448378,16.23463417262099,20.250875918548452,-450.015869140625,58.61820983886719,35.252281188964844,27.683897018432617,10.931686401367188,9.73852825164795,9.971027374267578,0.5814346075057983,2.7628893852233887,2.9721860885620117,-2.690049648284912,0.16354510188102722,-3.2185797691345215,unknown,unknown_random_0008.wav
0.03515926003456116,0.1425089068066754,757.6131446663604,860.0,216.0,82139.33457846034,10039.115749467512,30.256040318724736,21.687541807224015,-461.2283935546875,77.28872680664062,39.957462310791016,21.809173583984375,2.865433692932129,4.063564777374268,8.070901870727539,2.555746078491211,-3.4858336448669434,-2.5422892570495605,-9.026627540588379,-7.323697090148926,-2.1605141162872314,unknown,unknown_random_0009.wav
0.10062727332115173,0.08188011750734421,905.3635617922739,1057.0,550.0,84950.23286245481,248368.9635643586,336.082357062391,335.3923681230852,-381.3512268066406,95.60392761230469,20.228363037109375,17.185760498046875,-5.645616054534912,-1.556104063987732,-0.660443902015686,-2.4801595211029053,-3.002362012863159,-1.5890069007873535,-4.4406328201293945,8.21700382232666,3.8666908740997314,unknown,unknown_random_0010.wav
0.04199085384607315,0.1375710981936371,1137.379343454628,1978.0,614.0,73427.8377209755,81446.3410104635,6352.501144558119,305.74419442297017,-401.16973876953125,98.96913146972656,16.702558517456055,2.420689105987549,-9.204635620117188,-5.806884765625,1.646111249923706,-3.0305638313293457,-1.0332469940185547,-0.1463852822780609,-10.735467910766602,-2.4213099479675293,-3.7047972679138184,unknown,unknown_random_0011.wav
0.015832606703042984,0.2828301768860554,2938.3118193386567,7036.0,105.0,6446.312258154589,3084.3333902292466,570.4044271737357,289.43711037351363,-444.73834228515625,48.17284393310547,22.935585021972656,16.49369239807129,3.8699212074279785,-0.13379836082458496,0.08959029614925385,-4.529653549194336,1.7950079441070557,-0.2520388960838318,-6.851913928985596,2.2559237480163574,2.4104561805725098,unknown,unknown_random_0012.wav
0.020902715623378754,0.21076317269829364,2006.1120811200667,4697.0,207.0,12215.115456634245,7204.529483412064,505.59861627885925,285.9987374390775,-444.125732421875,55.43340301513672,21.20957374572754,19.94146156311035,3.624014139175415,3.518026113510132,2.726557731628418,0.1803351640701294,4.798365592956543,2.79142427444458,-6.714219093322754,-0.026511147618293762,2.6207568645477295,unknown,unknown_random_0013.wav
0.053057171404361725,0.07881742608913057,944.9298415812607,2579.0,229.0,219896.07510405473,446.75065180801414,2036.1216073277556,159.87569712051695,-435.8236083984375,72.14884948730469,33.12510681152344,37.31867218017578,14.892228126525879,2.0708861351013184,7.179815769195557,-12.061162948608398,-13.153310775756836,-5.748461723327637,-8.474447250366211,-9.898233413696289,-4.9737443923950195,unknown,unknown_random_0014.wav
0.05337037518620491,0.13932120757547348,972.9464200680263,1570.0,129.0,208744.65229892576,58411.55393787638,1849.2183167758285,313.5298825803762,-369.44287109375,89.70001983642578,16.14057731628418,12.47727108001709,2.5162951946258545,-2.1490612030029297,1.1440455913543701,-12.574943542480469,-3.3216333389282227,-7.042654037475586,-4.665927410125732,-7.318926811218262,-10.967287063598633,unknown,unknown_random_0015.wav
0.04925074428319931,0.05381586349146822,974.0549969853244,1475.0,170.0,36857.69808299779,10025.780147519292,124.4097741485128,52.52160637833079,-383.24566650390625,107.14625549316406,24.1414737701416,29.327495574951172,9.156303405761719,-0.1851731538772583,2.241037607192993,-8.332355499267578,-6.733684539794922,3.5316479206085205,-8.10107707977295,-5.581606864929199,-4.202491760253906,unknown,unknown_random_0016.wav
0.055415134876966476,0.16569785611600726,681.9174102444447,778.0,448.0,190559.08462072237,49295.01383942241,96.87179528421876,43.76354232712616,-448.09735107421875,84.71928405761719,37.25853729248047,16.446685791015625,-8.26072883605957,-7.53441047668457,-1.627844214439392,-5.480849266052246,-5.139955520629883,-1.9108010530471802,-5.2705278396606445,-1.7326301336288452,-3.616781711578369,unknown,unknown_random_0017.wav
0.04683142527937889,0.08381773860866304,1442.7970152497649,2996.0,282.0,85430.5242196454,128.56330277456004,1788.7020798872547,201.7897235115022,-426.1231384277344,74.62702941894531,30.27480697631836,33.278011322021484,12.361800193786621,3.8128631114959717,9.32070541381836,-5.719691276550293,-5.385698318481445,3.583134889602661,-0.5051631331443787,-2.02255916595459,-0.6185171604156494,unknown,unknown_random_0018.wav
0.032132022082805634,0.15194699668729295,1274.8369854768152,2343.0,206.0,18909.87711297683,8469.604548693773,529.4239024311132,110.66715536083086,-371.8751220703125,75.44581604003906,24.525344848632812,29.655447006225586,14.915731430053711,-3.2599284648895264,-3.0352277755737305,2.8739564418792725,-0.9176621437072754,-0.9779813289642334,-3.8721530437469482,-1.6416852474212646,-11.048644065856934,unknown,unknown_random_0019.wav
0.0864424780011177,0.09713107069191824,703.6642831247165,689.0,533.0,142849.10026683484,291641.1938221909,39.53029926682629,104.69272430539908,-434.0044250488281,88.30133056640625,45.53856658935547,18.483009338378906,-6.091471195220947,-6.67107629776001,-5.21129035949707,-4.7429609298706055,-3.7797627449035645,6.285618305206299,-0.7044714093208313,5.722646236419678,-0.8590366244316101,unknown,unknown_random_0020.wav
0.060355182737112045,0.08894305894118383,884.2189710345374,1448.0,229.0,269789.62065031764,9452.911854967568,1529.9076598782053,93.62727995700737,-401.51806640625,95.67210388183594,19.490591049194336,14.660770416259766,11.303498268127441,-1.7208976745605469,2.2492897510528564,-13.440664291381836,-12.181146621704102,-4.6963043212890625,-6.5985870361328125,-10.311180114746094,-7.831813812255859,unknown,unknown_random_0021.wav
0.03986210376024246,0.22657666104131508,3566.135046025089,6632.0,537.0,4564.724552241499,9828.378502975045,351.9688033543192,2604.8816337815742,-373.64874267578125,59.32728576660156,21.408878326416016,7.193284034729004,1.1352835893630981,4.082383155822754,-6.362068176269531,-5.699882507324219,0.006513923406600952,8.214068412780762,0.3549995720386505,6.767981052398682,6.220968246459961,unknown,unknown_random_0022.wav
0.05407262593507767,0.09013063316457279,1313.5554422306832,2362.0,127.0,98723.23637356097,103296.16376223796,30466.199691567206,183.09325169923744,-349.55859375,109.11807250976562,3.571859121322632,26.09125518798828,6.979156494140625,-12.547250747680664,-0.6089721918106079,-12.226648330688477,-7.882954120635986,2.63061785697937,-8.339544296264648,-15.337921142578125,-4.5291571617126465,unknown,unknown_random_0023.wav
0.03010631911456585,0.11006937933620851,1115.1997476681343,1503.0,350.0,38518.83012520922,28576.02799599561,619.8495774691305,76.19642713450325,-426.01800537109375,77.50360107421875,11.821598052978516,8.112749099731445,7.913242340087891,16.41331672668457,16.751283645629883,9.367477416992188,-0.0734415352344513,1.727156162261963,-5.323829650878906,-1.7251439094543457,-7.86483907699585,unknown,unknown_random_0024.wav
0.03099828213453293,0.18451153197074818,1811.0532120996274,4204.0,234.0,63479.696371056845,781.5725861936683,693.1622205757678,1051.3298723632656,-439.396484375,58.18473815917969,31.769763946533203,31.514244079589844,7.1389031410217285,2.5243000984191895,-0.10997956991195679,-10.539226531982422,-4.685490608215332,-5.677677631378174,-15.741432189941406,-7.776875972747803,-0.09335100650787354,unknown,unknown_random_0025.wav
0.04302700236439705,0.08194262141383836,862.91660356487,992.0,239.0,40741.12122864494,18727.42672578287,57.921110258422985,28.43909651498713,-389.9813232421875,115.35107421875,30.04452133178711,5.593082427978516,-7.066311836242676,-6.612030506134033,3.444340229034424,4.108171463012695,2.0150113105773926,0.259954571723938,-5.644229888916016,-0.5930447578430176,-5.482329368591309,unknown,unknown_random_0026.wav
0.04820701479911804,0.1517594849678105,1134.2768819016133,1660.0,333.0,53742.94593338741,121129.00728261635,1664.1400461511817,264.34398007352684,-359.0135498046875,92.4762954711914,15.418829917907715,9.39830493927002,1.4778766632080078,1.1106219291687012,-4.276299476623535,-8.580381393432617,-8.665336608886719,-1.0949995517730713,-2.081052780151367,7.093934059143066,-0.5742457509040833,unknown,unknown_random_0027.wav
0.05525733903050423,0.0827551721982624,1123.4561083451904,2435.0,368.0,268458.7948268005,5065.40176295877,5049.441844467892,592.2522325583151,-399.30291748046875,72.83039093017578,30.062211990356445,43.796295166015625,14.80460262298584,-6.240131378173828,-2.7399492263793945,-1.3053083419799805,-5.709321975708008,-2.237760305404663,-3.3695626258850098,0.1448538899421692,-5.225545883178711,unknown,unknown_random_0028.wav
0.01735038124024868,0.22620163760235015,1476.9285817015514,4105.0,204.0,8654.269124731756,21.566749209287156,13.299499614431678,19.901041393204306,-467.32196044921875,43.401832580566406,33.39091110229492,25.099828720092773,10.944686889648438,9.011009216308594,7.647258281707764,-6.888459205627441,-5.26844596862793,-3.070840835571289,-7.130121231079102,-1.8360545635223389,-1.7461642026901245,unknown,unknown_random_0029.wav
0.04919624328613281,0.06219138696168511,795.8268033093354,1107.0,249.0,187565.16608102128,884.4269855834127,358.015658753767,124.17720404815842,-431.511962890625,82.07904815673828,40.58710479736328,38.92710876464844,14.300464630126953,7.479463577270508,9.637076377868652,-8.694097518920898,-7.444886684417725,-1.2737023830413818,-3.10103702545166,-5.540088176727295,-3.130263328552246,unknown,unknown_random_0030.wav
0.016046548262238503,0.1542596412275767,1486.8372831670615,3971.0,50.0,4544.838537991013,122.24358344696499,22.099599159910767,23.849156136969818,-443.3062438964844,49.688819885253906,36.957359313964844,26.249744415283203,13.225528717041016,12.068132400512695,6.468884468078613,-1.8084193468093872,-1.8563340902328491,0.4164513051509857,-0.2685907781124115,1.5185067653656006,-0.8270167112350464,unknown,unknown_random_0031.wav
0.04039774090051651,0.17607350459403712,1637.597976309794,3520.0,344.0,74321.44454669417,29210.62099777827,6859.209832091293,1141.9762820040519,-334.43450927734375,85.48819732666016,11.03191089630127,16.271926879882812,9.538782119750977,-5.288789749145508,-10.241328239440918,-4.436873435974121,2.9390792846679688,4.019682884216309,-4.729353427886963,0.7427674531936646,-11.614959716796875,unknown,unknown_random_0032.wav
0.03666746988892555,0.07650478154884681,1563.3155974353424,3325.0,274.0,29408.20521732942,8366.275394486363,2188.6234606115204,696.4022154841126,-357.5455322265625,92.83488464355469,30.441850662231445,39.59911346435547,10.378866195678711,-12.76134204864502,-7.169568061828613,-9.298116683959961,-1.3007739782333374,-0.047149062156677246,-13.138458251953125,3.335115671157837,-12.386015892028809,unknown,unknown_random_0033.wav
0.02226809784770012,0.1712607037939871,1433.3814071148406,2899.0,345.0,11379.403872820105,1157.8853402066304,608.6022554092466,63.25061437228341,-422.8873291015625,50.63626480102539,19.063608169555664,26.641826629638672,26.338470458984375,8.758513450622559,6.754199981689453,-2.712049961090088,-1.1940093040466309,6.705057144165039,-3.79805326461792,5.914201736450195,-0.01745784282684326,unknown,unknown_random_0034.wav
0.02658846788108349,0.13650853178323646,1152.7653551212695,1734.0,206.0,21773.055570671073,25793.04024854058,487.06573912622855,85.49506090191164,-434.08636474609375,80.22657775878906,17.567609786987305,11.746728897094727,-0.06739073991775513,10.570810317993164,11.770578384399414,0.9219900369644165,-0.14114932715892792,-0.010301411151885986,-4.992148399353027,-6.030191421508789,-8.42728328704834,unknown,unknown_random_0035.wav
0.044756680727005005,0.16913557097318582,1167.3099598155557,2451.0,332.0,103709.86103676129,8632.352676327233,3254.6956500632227,309.52571932938497,-383.236572265625,51.15745162963867,29.43851089477539,40.891563415527344,14.288074493408203,1.42277991771698,0.8946323394775391,-3.8790502548217773,-7.194727897644043,0.15146702527999878,-7.917565822601318,2.8527817726135254,-2.6687591075897217,unknown,unknown_random_0036.wav
0.06954547017812729,0.09163072692043253,1035.173980415155,1651.0,534.0,62194.691068512606,258204.58367519864,7485.203094052311,237.89427571054398,-346.7958984375,112.7706527709961,4.472609519958496,10.231459617614746,6.549620151519775,-9.298957824707031,-13.177419662475586,-9.34233283996582,-4.630024433135986,7.442732810974121,0.08705414831638336,3.1391143798828125,0.6830134987831116,unknown,unknown_random_0037.wav
0.05020519345998764,0.07519219951246953,743.0518180352766,824.0,229.0,172596.1208683931,4468.496489783646,84.73881328417072,57.82989563092943,-440.95684814453125,84.057373046875,34.17884063720703,24.424598693847656,3.041180372238159,1.901672124862671,1.2219932079315186,-6.9416913986206055,-8.824203491210938,-6.1942291259765625,-9.296382904052734,-7.228906631469727,-7.719929218292236,unknown,unknown_random_0038.wav
0.02644166350364685,0.10506906681667605,1114.154153939747,1647.0,203.0,38748.0887761271,6762.0317689979765,62.205628621986,59.69894496782553,-437.85821533203125,68.45780181884766,34.78544616699219,19.900238037109375,4.972054481506348,14.167008399963379,16.58416748046875,-2.5730793476104736,3.243391513824463,3.0509915351867676,-1.478682279586792,3.657747268676758,2.1737539768218994,unknown,unknown_random_0039.wav
0.04881717264652252,0.15575973498343645,2495.0917696963274,5799.0,417.0,157915.71494912324,11483.812247370712,3533.271852478054,7395.1602758177005,-377.01373291015625,68.79051971435547,38.62154006958008,34.7459602355957,13.162208557128906,0.04697856307029724,-6.904863357543945,-2.578556537628174,-8.642343521118164,-8.803156852722168,-9.006306648254395,0.380418062210083,0.872078537940979,unknown,unknown_random_0040.wav
0.05485023930668831,0.14638414900931307,859.9712084209017,1854.0,235.0,294739.0864826089,9284.603635238584,2253.1782419275605,296.80113755059494,-410.0909423828125,81.60307312011719,12.316091537475586,31.767379760742188,6.286583423614502,2.194143772125244,1.2674962282180786,-9.930696487426758,-9.656291961669922,-3.6730642318725586,-9.843688011169434,-3.1082026958465576,-7.248819351196289,unknown,unknown_random_0041.wav
0.03436397761106491,0.27057941121320084,2864.384210625054,6293.0,290.0,29661.27118760018,2047.530185738788,254.3577955898491,2397.153008685609,-363.0914306640625,43.51023864746094,29.36565589904785,33.38275146484375,12.891477584838867,-2.735934019088745,7.260217189788818,-4.159981727600098,-7.942646026611328,-1.031463861465454,-6.347297668457031,3.6104183197021484,2.1500368118286133,unknown,unknown_random_0042.wav
0.04425264894962311,0.18619913744609037,883.0927707373446,1314.0,205.0,69204.60779533436,60045.75968500395,764.9547876673074,78.92637175177909,-424.9267578125,86.17001342773438,11.881107330322266,4.531937122344971,-2.202329635620117,3.0223422050476074,6.431653022766113,-1.8698387145996094,-3.6174869537353516,-1.226304292678833,-4.800863265991211,-1.8071519136428833,-7.360118865966797,unknown,unknown_random_0043.wav
0.03712930902838707,0.09056816051003187,1464.6030195899064,3529.0,344.0,30699.859424770286,250.09411580882264,422.3304999619987,342.63071305457106,-421.9017333984375,69.59478759765625,33.27607727050781,48.27875900268555,10.287428855895996,-1.0902957916259766,6.000576019287109,-2.6556897163391113,-9.148748397827148,-5.453827381134033,-5.307735443115234,0.6733015775680542,-6.041479587554932,unknown,unknown_random_0044.wav
0.045154523104429245,0.15694730920682542,2195.736605264911,5762.0,333.0,59010.61821296139,3947.5845984225816,675.0643513786935,1747.287132056037,-371.713623046875,77.51466369628906,25.14315414428711,27.281803131103516,16.897029876708984,5.640341281890869,-5.953962326049805,-15.865409851074219,-6.27579402923584,-3.635071039199829,-8.89590835571289,2.4273438453674316,-6.488983631134033,unknown,unknown_random_0045.wav
0.06109846755862236,0.12375773485842866,937.681967981477,2226.0,135.0,331816.4336766944,2341.128059845896,4604.330778240381,191.53734203606038,-383.141357421875,86.5077896118164,19.003787994384766,40.288394927978516,17.001449584960938,-7.949124813079834,-0.5879344940185547,-14.380304336547852,-13.00772476196289,-10.414209365844727,-10.929906845092773,-10.551209449768066,-3.4053659439086914,unknown,unknown_random_0046.wav
0.01799878105521202,0.2005125320332521,2685.5146785353604,6085.0,228.0,5678.550771499235,811.0076696448932,274.94520842371196,511.2012642486105,-415.9344787597656,44.87799072265625,25.948375701904297,24.683921813964844,10.76019287109375,4.775659561157227,-3.3631105422973633,-0.48299694061279297,9.548907279968262,4.498501300811768,-3.612732172012329,-0.3163965046405792,-5.841137409210205,unknown,unknown_random_0047.wav
0.028788531199097633,0.12957059816238514,2713.509752718112,5976.0,50.0,393.94304843934276,32.90118354757995,12.344916458060148,16.397411795927884,-473.29730224609375,53.11894989013672,22.149478912353516,16.165863037109375,12.212994575500488,8.94139289855957,6.801335334777832,5.4864182472229,1.0591657161712646,2.5064096450805664,3.535141944885254,8.002099990844727,4.868256568908691,unknown,unknown_random_0048.wav
0.036797042936086655,0.2004500281267579,1172.7862007954125,2673.0,121.0,65388.31383836283,919.0452491540498,1037.156424050588,81.4418193573019,-455.92608642578125,56.666709899902344,19.926944732666016,27.093873977661133,8.209447860717773,-2.0973808765411377,2.8833866119384766,-0.9045702815055847,-7.888837814331055,-4.4771270751953125,-5.813584804534912,0.10556834936141968,-2.5423331260681152,unknown,unknown_random_0049.wav
0.0206318162381649,0.24889055565972873,2212.7049744244405,5168.0,433.0,11647.520899138566,9449.036130727298,703.0087900364535,323.13125998722046,-433.7716064453125,55.76881790161133,17.018583297729492,14.030801773071289,-1.9992804527282715,-2.37937068939209,-0.2754964828491211,-0.6009126901626587,2.522885799407959,-1.1773834228515625,-7.073369026184082,0.2688978910446167,0.25140005350112915,unknown,unknown_random_0050.wav
0.04732174053788185,0.155572223263954,1179.1509451285328,2528.0,344.0,95019.14069786476,28387.897458122596,541.858882668627,371.14962685605826,-334.2134704589844,91.39700317382812,21.440185546875,9.396484375,-2.100757122039795,6.232946395874023,1.1829708814620972,-17.42489242553711,-12.950485229492188,0.008946657180786133,2.8421225547790527,8.642841339111328,-5.52016019821167,unknown,unknown_random_0051.wav
0.05794214457273483,0.12175760985061566,793.3099603574356,1597.0,235.0,339703.8690079332,6503.246801282951,1337.5864081118864,185.61554757129664,-409.0889892578125,87.06401062011719,21.71683120727539,36.514076232910156,6.523669719696045,0.010250210762023926,3.299926519393921,-8.697444915771484,-9.9010591506958,-2.8731837272644043,-14.866678237915039,-5.280518531799316,-4.120292663574219,unknown,unknown_random_0052.wav
0.07868792116641998,0.10750671916994813,1712.3325123898903,4139.0,290.0,119430.41696552289,26831.270084167823,1372.0030250179161,1475.0149208321288,-342.55487060546875,103.37832641601562,22.02278709411621,25.729503631591797,-0.3095588684082031,-3.056107521057129,-0.914460301399231,-20.2432861328125,-11.62324047088623,0.45409882068634033,-10.174688339233398,-2.5384743213653564,1.4459065198898315,unknown,unknown_random_0053.wav
0.06394638121128082,0.18338646165385336,920.7588579406344,1793.0,261.0,239928.23600453307,12609.847205127098,2854.3279153448193,360.37090889461035,-425.84613037109375,74.12260437011719,13.948478698730469,22.942771911621094,7.279171466827393,-2.5549728870391846,1.2359249591827393,-5.855469703674316,-7.561767578125,-3.5333199501037598,-8.763829231262207,-2.3826980590820312,-6.815357208251953,unknown,unknown_random_0054.wav
0.04317164048552513,0.16869804362772672,1468.5422768381818,3353.0,206.0,66878.11604494463,46551.68371672584,313.04636753299445,896.1359385284125,-399.4977722167969,94.1592788696289,35.130550384521484,6.944269180297852,-17.224607467651367,-1.3687553405761719,11.762432098388672,-4.311820030212402,0.4838799238204956,-1.5150552988052368,-6.842958450317383,-1.9827017784118652,-2.8882384300231934,unknown,unknown_random_0055.wav
0.03813043236732483,0.07400462528908057,1190.9165207320175,2492.0,208.0,108008.93592588465,3392.243221292794,2405.3850819617146,301.86332702280043,-403.3373107910156,84.58674621582031,21.029064178466797,46.36255645751953,20.425731658935547,-3.190840005874634,-3.07167387008667,-2.7113659381866455,-3.687565803527832,-9.680374145507812,-11.284128189086914,0.27168166637420654,1.0142775774002075,unknown,unknown_random_0056.wav
0.025961782783269882,0.1523220201262579,1170.3144328059273,1718.0,205.0,25385.481880002993,17825.52423553847,625.1402185402604,89.36797734351087,-440.01947021484375,73.13602447509766,14.713258743286133,8.630230903625488,-0.34361571073532104,10.908851623535156,12.351055145263672,4.575255393981934,4.69797420501709,1.4323899745941162,-4.439350128173828,-2.434521436691284,-3.3504908084869385,unknown,unknown_random_0057.wav
0.08009945601224899,0.07994249640602538,1054.4974677646455,1604.0,511.0,233861.10908509782,318831.3549571956,6693.6043271166745,1329.0580867697436,-349.8133239746094,113.89239501953125,22.110246658325195,8.076924324035645,-12.811345100402832,0.32594001293182373,-4.7928996086120605,-17.061649322509766,-13.730293273925781,-0.3252495527267456,-2.7462680339813232,2.892853260040283,4.247134685516357,unknown,unknown_random_0058.wav
0.05944447964429855,0.1401337583598975,788.7386369304663,1192.0,262.0,306391.65934682917,21368.510790307384,486.1246435271621,146.5657425758882,-404.80096435546875,94.81076049804688,17.894411087036133,14.855594635009766,0.47775816917419434,5.767406463623047,10.620525360107422,-13.171380996704102,-13.43798828125,-4.595122814178467,-8.642629623413086,-6.067156791687012,-7.487462520599365,unknown,unknown_random_0059.wav
0.005829865112900734,0.23751484467779235,2317.2555993800347,4920.0,235.0,883.790229014222,723.6359123191269,95.14589245962145,118.00976422368447,-451.1180419921875,46.43696212768555,13.422426223754883,10.399206161499023,-1.9381483793258667,3.997088670730591,-1.3627793788909912,-0.31008556485176086,-5.023662567138672,-5.659083366394043,-3.257326602935791,-0.8115478157997131,-0.4166848957538605,unknown,unknown_random_0060.wav
0.0469471700489521,0.10844427776736046,1380.4610775016647,2717.0,345.0,134981.70368051602,23759.488185799062,12003.388290007539,787.1373169508361,-362.92889404296875,95.1279296875,33.41086196899414,24.437328338623047,12.887476921081543,-0.23350480198860168,-13.230951309204102,-11.47812271118164,-3.221406936645508,1.358154535293579,-12.04947280883789,-8.24427318572998,-6.233523368835449,unknown,unknown_random_0061.wav
0.050653956830501556,0.08469279329958122,618.4680778723654,721.0,260.0,175126.20171063673,19509.700741032077,38.88153092517402,21.195688404806898,-436.628173828125,97.12308502197266,42.35625457763672,18.097932815551758,-3.621804714202881,-6.6075029373168945,-4.000615119934082,-5.723624229431152,-9.161357879638672,-2.5734496116638184,-4.332131385803223,-6.466761589050293,-6.893214702606201,unknown,unknown_random_0062.wav
0.048325568437576294,0.1610725670354397,1340.490269209652,3129.0,313.0,45042.35574819789,5338.491231995243,110.25755178600397,241.61589902623922,-380.3057556152344,70.49946594238281,27.451126098632812,27.25699806213379,1.947124719619751,6.082283973693848,3.256936550140381,-13.632450103759766,-8.590330123901367,-10.435233116149902,-7.73342227935791,6.558776378631592,-6.368028163909912,unknown,unknown_random_0063.wav
0.06002301722764969,0.23513969623101444,1592.6032809403087,3094.0,637.0,15093.802164868237,262090.2826890286,5404.49151090485,2349.7522631526845,-351.0075988769531,77.28977966308594,2.4525933265686035,-4.162266731262207,-12.28256893157959,1.9019615650177002,1.9515033960342407,-7.339265823364258,5.947915077209473,5.264099597930908,-0.5074991583824158,11.94304370880127,-4.073449611663818,unknown,unknown_random_0064.wav
0.07299159467220306,0.11525720357522345,730.2346913315452,1255.0,268.0,504109.55631961935,6233.587968081198,1328.000280576759,389.28229456074536,-402.86285400390625,95.94779968261719,18.09738540649414,24.61315155029297,4.645395755767822,0.19005513191223145,7.85032320022583,-10.970394134521484,-13.416062355041504,-4.359441757202148,-12.910088539123535,-10.786660194396973,-5.68512487411499,unknown,unknown_random_0065.wav
0.05197272449731827,0.14675917244827802,846.6261125311345,1312.0,490.0,143653.96638683224,43644.45728684951,841.1737023080119,140.89059099036416,-411.9670104980469,93.21705627441406,13.362052917480469,6.8157243728637695,-3.328401565551758,2.710482120513916,4.281976222991943,-6.172974109649658,-5.548836708068848,0.5108640193939209,-5.164409637451172,-4.327761173248291,-4.843991756439209,unknown,unknown_random_0066.wav
0.026326822116971016,0.1677604850303144,2243.156086842848,5317.0,264.0,781.1415677471147,34.58500402094408,31.813689472776705,20.189780090482316,-457.03851318359375,61.490318298339844,18.19420623779297,20.852108001708984,10.156717300415039,1.2610538005828857,-1.5840630531311035,-2.2708191871643066,-6.391753196716309,-7.854550361633301,-9.960138320922852,-6.9703049659729,-5.711102485656738,unknown,unknown_random_0067.wav
0.057824477553367615,0.13163322707669228,949.0625525478995,1325.0,247.0,158370.3598347113,160078.8378842851,1552.9055716243283,325.6117671683198,-375.491943359375,104.07815551757812,-0.32473039627075195,1.3908178806304932,-12.694196701049805,3.0199010372161865,7.724222183227539,-8.20317554473877,-5.3835859298706055,0.35668283700942993,-13.653095245361328,-9.458667755126953,-5.777040004730225,unknown,unknown_random_0068.wav
0.033660173416137695,0.19232452028251765,1642.9788924745378,3775.0,228.0,41483.23446294319,18289.180464339468,406.78449186504963,1048.1159476301427,-416.5224609375,76.39205169677734,25.94258689880371,13.641636848449707,-2.3727622032165527,3.5247201919555664,1.3921120166778564,-13.58632755279541,0.6647843718528748,0.1068158745765686,-9.035664558410645,-2.0995302200317383,-2.5739521980285645,unknown,unknown_random_0069.wav
0.048123691231012344,0.23776486030376898,2948.400912354537,6615.0,417.0,146027.87487379703,5194.08183431074,1272.8165159733353,4561.98810714602,-374.83612060546875,56.062232971191406,32.33689880371094,23.001951217651367,18.607969284057617,4.684727191925049,1.2879202365875244,-13.390768051147461,-4.118316173553467,-1.6186509132385254,-6.953603744506836,-0.22879278659820557,-5.121849060058594,unknown,unknown_random_0070.wav
0.03284940868616104,0.14957184824051503,1048.2693828189563,1855.0,206.0,64699.953066975824,21948.660896185636,1380.2538361199574,97.41071557374194,-413.32403564453125,89.41952514648438,14.8756103515625,9.808643341064453,-2.817391872406006,2.0546412467956543,4.457955360412598,0.85671466588974,-1.9106080532073975,-3.6764273643493652,-10.724664688110352,-3.552258253097534,-5.108110427856445,unknown,unknown_random_0071.wav
0.03792186081409454,0.1545721607600475,2223.2124180784435,5789.0,230.0,54645.918499921114,44149.1882722305,726.9763128879913,2426.296810736,-352.88165283203125,85.4858169555664,23.606647491455078,18.78116798400879,10.169849395751953,0.6714203357696533,-2.7697064876556396,-8.44693374633789,-11.98717212677002,-3.0915377140045166,-4.254121780395508,-0.061687469482421875,-5.225907325744629,unknown,unknown_random_0072.wav
0.03190479427576065,0.11913244577786111,1238.9650456355484,2810.0,207.0,27719.295662980025,4049.888207085068,26.39000629137491,54.03261986796263,-424.58013916015625,77.07943725585938,31.690759658813477,13.767236709594727,0.4777405261993408,-1.9781813621520996,-0.29453685879707336,-3.681121587753296,3.5949361324310303,4.529339790344238,-3.68019700050354,1.4589059352874756,-3.001464605331421,unknown,unknown_random_0073.wav
0.04862923547625542,0.16751046940433778,1173.7257340143742,2326.0,289.0,42696.46344319233,7146.675281372977,952.4075178235582,115.15357083489829,-382.5406188964844,74.65238952636719,16.72173500061035,21.006263732910156,1.9732849597930908,0.03643620014190674,3.9285221099853516,-0.0323939323425293,-3.77962589263916,-0.34361982345581055,0.3186090290546417,7.3385515213012695,-10.091282844543457,unknown,unknown_random_0074.wav
0.04797174409031868,0.2126382898931183,1127.3480385119808,1793.0,131.0,206897.63498948404,42062.29613153559,1011.9513379384005,293.2398202232786,-404.3716125488281,74.51358032226562,16.25286865234375,8.225975036621094,-0.5303739309310913,5.141976356506348,10.835367202758789,-5.664401054382324,-2.1506712436676025,0.006647586822509766,-7.472429275512695,-7.330739974975586,-5.318328857421875,unknown,unknown_random_0075.wav
0.052744973450899124,0.0573785861616351,929.9254747794454,1561.0,333.0,138584.32148149086,36428.69056224081,806.1680638154758,138.30005600916493,-372.0318603515625,121.35413360595703,32.85960006713867,21.7214412689209,-1.9083256721496582,-8.449535369873047,-6.319042205810547,-10.610337257385254,-10.007216453552246,-6.464233875274658,-7.783156394958496,5.445664405822754,-3.327265739440918,unknown,unknown_random_0076.wav
0.059324026107788086,0.2172010750671917,2914.453547134033,6402.0,338.0,57418.2828076289,1089.9208960400424,929.0349425594145,2259.97495075334,-375.7754821777344,42.14690399169922,29.801000595092773,42.69085693359375,12.084440231323242,-1.6371396780014038,2.1771492958068848,-2.4033119678497314,-6.8459906578063965,-4.355772018432617,-10.85810661315918,5.4547038078308105,-2.20123291015625,unknown,unknown_random_0077.wav
0.039689794182777405,0.15550971935745983,1010.5891826736126,1867.0,217.0,121559.46009935523,17230.53679392794,1688.2122067754622,52.40498428662635,-443.4513854980469,72.56961059570312,20.40220069885254,25.014833450317383,12.779655456542969,3.3203749656677246,1.6941840648651123,0.17451441287994385,-3.3524179458618164,-0.5874083042144775,-9.460966110229492,-7.465289115905762,-4.273580551147461,unknown,unknown_random_0078.wav
0.051160652190446854,0.06894180886305394,997.2302604803399,2572.0,229.0,209151.7582166858,619.5144967141289,1874.7130885035456,212.528199648481,-423.5862121582031,75.12477111816406,30.1901798248291,38.91105651855469,14.370922088623047,1.4278502464294434,7.560392379760742,-11.647649765014648,-12.376020431518555,-5.675624847412109,-8.213493347167969,-10.540603637695312,-5.952528953552246,unknown,unknown_random_0079.wav
0.02942044846713543,0.10231889493093319,1119.988369889264,1527.0,498.0,13450.96582184977,18644.0674791671,125.48469603669105,50.0241437249455,-417.8687438964844,87.50782012939453,18.741641998291016,11.552885055541992,3.8074092864990234,8.820676803588867,2.8037171363830566,-4.362974166870117,-3.716327667236328,2.5739686489105225,3.4990968704223633,7.383286952972412,-1.1412677764892578,unknown,unknown_random_0080.wav
0.03087260015308857,0.17563597724857805,899.3763798384979,1543.0,217.0,47961.50848633821,2826.6841181518307,191.4656431818369,40.994702113218196,-460.36090087890625,63.982460021972656,30.375896453857422,25.493322372436523,7.412315845489502,3.683488607406616,-0.6054737567901611,-4.287795543670654,-6.234306812286377,-4.630163669586182,-10.072530746459961,-2.5445621013641357,-1.430110216140747,unknown,unknown_random_0081.wav
0.03298536315560341,0.08419276204762798,1735.003150860107,4145.0,213.0,16836.013090328164,132.10818802469788,83.20367334469468,216.3687869912638,-438.40826416015625,66.29114532470703,39.57794952392578,41.12374496459961,13.693857192993164,6.625476837158203,9.747949600219727,0.5930001735687256,-3.303934335708618,1.8404884338378906,-6.31409215927124,-0.43902313709259033,0.8432222008705139,unknown,unknown_random_0082.wav
0.028561830520629883,0.10156884805300331,1291.794995758289,2673.0,319.0,44162.545990473736,226.91189345319654,842.9193914326697,46.24586488796359,-443.56170654296875,68.19692993164062,22.309755325317383,29.70562744140625,13.159284591674805,-2.004314661026001,-2.1139233112335205,-5.417693138122559,-11.108184814453125,-7.133852481842041,-3.5641047954559326,-5.481565952301025,-8.275918960571289,unknown,unknown_random_0083.wav
0.04394970461726189,0.07794237139821239,1389.1132230460553,2985.0,509.0,113281.33679009444,46885.61735256817,15974.938259854476,3930.912229385846,-375.0821533203125,99.17451477050781,17.41411590576172,20.40472984313965,-1.1967105865478516,-2.255838394165039,5.796119689941406,-3.611546754837036,3.2264838218688965,8.766926765441895,-9.233654022216797,-0.21855151653289795,-3.559858560562134,unknown,unknown_random_0084.wav
0.064612977206707,0.18757422338896182,684.2132441158594,777.0,386.0,202161.73132528446,20853.44089509398,26.46384123458379,29.453048419921515,-464.5426025390625,71.57807159423828,37.556800842285156,17.928428649902344,-2.2814364433288574,-2.1551716327667236,2.6955151557922363,-0.6952352523803711,-3.6409826278686523,-3.1660637855529785,-11.099174499511719,-7.594059944152832,-6.945217132568359,unknown,unknown_random_0085.wav
0.06231994554400444,0.09188074254640916,1094.724611370257,1578.0,676.0,53773.11417642387,162484.8628830281,1869.5889147265893,378.7936230682539,-383.71429443359375,95.174560546875,9.258647918701172,19.809497833251953,7.396986961364746,2.375758409500122,-7.366642951965332,-10.554122924804688,-2.4288783073425293,0.844258189201355,-1.0076355934143066,3.3934924602508545,-9.99225902557373,unknown,unknown_random_0086.wav
0.05056970193982124,0.06250390649415588,926.940178403941,1303.0,277.0,142297.60817944724,25095.178367579203,195.84413318524904,151.33827087425865,-395.84039306640625,102.24803161621094,41.78792190551758,26.715621948242188,10.292683601379395,0.15687501430511475,-1.9803037643432617,-7.065759658813477,-8.807218551635742,0.8131194114685059,-7.6099958419799805,-4.205889701843262,-9.135202407836914,unknown,unknown_random_0087.wav
0.03796060383319855,0.0691293205825364,937.768676553784,1563.0,288.0,48005.720665408204,36431.57273051713,943.7457394579197,108.17355426146895,-373.63134765625,114.62690734863281,24.359375,21.285030364990234,-0.5774651765823364,-5.793128967285156,-0.988465428352356,-2.146941661834717,-1.460731029510498,2.8848626613616943,-4.1576642990112305,3.432818651199341,-9.717199325561523,unknown,unknown_random_0088.wav
0.014497787691652775,0.2692043252703294,2884.750165711852,6649.0,377.0,5410.582167025834,84.44707654604063,59.22415555870029,626.1088026799769,-434.5072021484375,37.75926971435547,33.387474060058594,25.689868927001953,5.509546279907227,8.07895565032959,2.5900535583496094,-11.794639587402344,5.501335620880127,-5.977952480316162,-8.826396942138672,-1.8426215648651123,0.5247529745101929,unknown,unknown_random_0089.wav
0.022451847791671753,0.1119444965310332,1213.1524637433954,2555.0,418.0,17063.083785870043,2272.4329836394263,353.15192711168265,52.81968480760635,-440.0950927734375,65.98802185058594,25.33729362487793,29.1884708404541,15.706871032714844,5.558520793914795,2.3414907455444336,-1.1314648389816284,-3.3070499897003174,1.4279444217681885,-4.373391151428223,3.5787882804870605,5.227828025817871,unknown,unknown_random_0090.wav
0.039996594190597534,0.14757172323270204,985.869378241165,1811.0,247.0,149346.98129113467,24491.31980313445,2533.523130970145,255.28746055233592,-416.32806396484375,85.03417205810547,20.101181030273438,17.2884521484375,0.21496617794036865,3.9473090171813965,5.533364295959473,-5.824981212615967,-6.173569679260254,-1.306775689125061,-13.151585578918457,-7.070459842681885,-5.619950294494629,unknown,unknown_random_0091.wav
0.05020423233509064,0.0742546409150572,778.3814310410677,1067.0,266.0,199694.8564255426,19615.984051276908,205.2655295402887,173.39975674800152,-422.11456298828125,94.11886596679688,36.3881721496582,26.818138122558594,7.058465957641602,6.595537185668945,11.366273880004883,-1.999894380569458,-11.714737892150879,-3.5501556396484375,-5.196409702301025,1.2346324920654297,-3.4075136184692383,unknown,unknown_random_0092.wav
0.06815430521965027,0.13694605912869554,929.4194284654202,999.0,536.0,20507.005850754573,228638.0908974029,69.11472154035813,144.09554729808102,-387.9453125,89.4498519897461,26.956161499023438,4.974590301513672,-14.227651596069336,-1.1902130842208862,3.452220916748047,-7.395808696746826,-0.4613085985183716,1.1328887939453125,-1.4916138648986816,7.546313762664795,5.206091403961182,unknown,unknown_random_0093.wav
0.05126684159040451,0.2472029501843865,1347.7121621787321,2714.0,761.0,73960.49088553937,141189.11814402227,9577.729747174424,799.5950454108693,-383.0643005371094,71.499267578125,10.966094970703125,4.528618335723877,-4.151813507080078,1.1961318254470825,-0.37883302569389343,-10.883910179138184,1.090681791305542,1.8802578449249268,-10.66370677947998,-4.630748271942139,0.42461466789245605,unknown,unknown_random_0094.wav
0.032263774424791336,0.10794424651540721,963.377498818288,1167.0,207.0,28205.383356253595,2123.170370933269,16.59647382649927,26.767738943515276,-412.91400146484375,86.08881378173828,37.29730224609375,18.867969512939453,-0.0247189998626709,-0.5885685682296753,4.011460304260254,-3.8421876430511475,0.7648332118988037,3.9664714336395264,-5.1874566078186035,0.012581348419189453,-6.642209529876709,unknown,unknown_random_0095.wav
0.04177616909146309,0.09356834802175136,1050.7910310196728,2523.0,121.0,163815.02016760255,3271.671221009907,1524.9500806764804,228.27818603833666,-418.7071533203125,70.19682312011719,17.114089965820312,36.03777313232422,20.49587631225586,13.066425323486328,11.702789306640625,-0.10638546943664551,-4.204992294311523,1.1177546977996826,-8.172513961791992,-4.88986873626709,-6.634390830993652,unknown,unknown_random_0096.wav
0.04253444820642471,0.18951184449028063,1262.049836580092,2841.0,242.0,127721.4079043522,12102.989971021538,2376.554826883817,514.0368093094642,-423.59088134765625,70.37066650390625,20.420236587524414,20.91655158996582,4.89827823638916,4.289894104003906,-2.6446759700775146,-9.78288745880127,-4.135876655578613,-3.2884092330932617,-14.361259460449219,-6.442173004150391,0.7162306308746338,unknown,unknown_random_0097.wav
0.04182250425219536,0.08313019563722733,1079.2909783369216,1655.0,228.0,44344.89940115585,49125.07691458344,4059.685460096212,84.22111381434448,-398.0635986328125,95.92918395996094,12.66500186920166,12.743597030639648,8.670129776000977,7.442160606384277,5.745406150817871,0.03048749268054962,-0.16489186882972717,4.629502296447754,-0.3067995607852936,-3.1252810955047607,-4.328519821166992,unknown,unknown_random_0098.wav
0.026175500825047493,0.1591349459341209,2067.8960464141364,5152.0,337.0,12901.996373782222,4762.1070869159885,375.3681005422503,555.6107305644204,-390.5224609375,75.58941650390625,26.08111000061035,23.157487869262695,6.822325706481934,4.072277069091797,7.42126989364624,-7.2854533195495605,-0.7394939661026001,3.9744088649749756,-1.8909642696380615,3.841953992843628,-8.610076904296875,unknown,unknown_random_0099.wav
0.0330985002219677,0.14257141071316956,1420.3689787874473,2827.0,676.0,3118.456536618617,34688.281413036544,271.51843929150795,307.9910387080279,-385.46124267578125,75.91864013671875,12.681268692016602,13.732284545898438,-5.685404300689697,-3.805856227874756,10.037668228149414,2.3005013465881348,4.009479999542236,11.1279296875,-0.651699960231781,3.67928147315979,-7.180559158325195,unknown,unknown_random_0100.wav
0.03556499257683754,0.17388586786674168,1152.0869292204702,1844.0,203.0,54217.64693533384,42044.63689551437,1601.753900432304,203.1217656907911,-420.52020263671875,77.83488464355469,8.937508583068848,7.728315353393555,-3.764410972595215,9.353168487548828,10.528367042541504,1.561290979385376,0.5181748867034912,-2.240267038345337,-6.68630313873291,-2.9242656230926514,-4.654809951782227,unknown,unknown_random_0101.wav
0.03711986914277077,0.10944434027126695,1118.7181127477656,2176.0,229.0,101472.7747752585,4429.80466833883,2148.98048498534,67.7139728153263,-403.83990478515625,82.52491760253906,13.004273414611816,23.608713150024414,16.512134552001953,-3.2065505981445312,-5.463637351989746,-13.353290557861328,-13.144331932067871,-1.76109778881073,-6.37066650390625,-9.196795463562012,-3.0534205436706543,unknown,unknown_random_0102.wav
0.04887061193585396,0.07025439089943121,845.1401822114744,1024.0,313.0,116000.89936027597,21624.692518775206,136.39876576217523,63.04703488133271,-412.48626708984375,97.44448852539062,42.5782470703125,18.95777130126953,5.751455307006836,0.4848726689815521,-0.9482558965682983,3.0172910690307617,-7.855690002441406,0.6334060430526733,-4.371953964233398,-0.16820287704467773,-3.1255836486816406,unknown,unknown_random_0103.wav
0.03976990655064583,0.17832364522782673,1441.7562837070627,2868.0,587.0,10150.96331115186,59748.49323085006,1395.5779447561238,321.9311269248926,-380.857666015625,73.14730072021484,20.528823852539062,7.407911777496338,0.3686981201171875,3.901582956314087,-4.264286041259766,-3.5874040126800537,2.9299960136413574,8.602386474609375,5.508655548095703,9.074878692626953,0.019055843353271484,unknown,unknown_random_0104.wav
0.05775541439652443,0.0726920432527033,792.2937003786437,954.0,332.0,108210.71592379507,125785.10254300041,64.1495533507956,99.9578009670867,-399.074462890625,112.41744995117188,38.45864486694336,19.22774887084961,-10.94383716583252,-7.3521246910095215,-1.3336374759674072,-7.153135299682617,-9.962449073791504,-1.712640404701233,-2.257009506225586,4.090235710144043,0.9117029905319214,unknown,unknown_random_0105.wav
0.04774409532546997,0.12325770360647541,2012.857793799925,5513.0,336.0,94155.40689518869,13389.588179980252,1264.2712834129043,1647.59689977241,-361.1646728515625,91.66548156738281,18.3724365234375,18.4578800201416,11.391056060791016,3.6097517013549805,-4.709259986877441,-16.398117065429688,-9.266242027282715,-3.902012348175049,-3.1359364986419678,4.4113240242004395,-6.767364501953125,unknown,unknown_random_0106.wav
0.03988251835107803,0.07994249640602538,1099.0513929178403,2171.0,208.0,108895.20693210614,7305.415365635506,2791.296472471585,122.0091768227998,-414.81646728515625,83.77899932861328,14.362516403198242,32.545074462890625,17.608423233032227,-4.521294593811035,-5.216116428375244,-7.364449977874756,-5.963567733764648,-5.5091962814331055,-6.369968414306641,-5.564678192138672,-4.530106544494629,unknown,unknown_random_0107.wav
0.04456697404384613,0.16682292643290206,1675.7352690835708,4076.0,313.0,80872.24965780518,1484.894502177694,468.46244650580127,359.36250538829785,-382.46856689453125,62.45861053466797,22.758865356445312,31.08853530883789,24.109466552734375,1.9276609420776367,-2.170780658721924,-8.821175575256348,4.731951713562012,2.2725253105163574,-11.95193099975586,-3.7361793518066406,-10.058341979980469,unknown,unknown_random_0108.wav
0.05769806355237961,0.075379711231952,1055.9153099881162,1682.0,480.0,46516.10815532517,118583.97237926131,2525.23686362279,307.86863105966256,-360.365966796875,108.5318603515625,5.714141845703125,28.332294464111328,5.235722064971924,-8.776598930358887,-4.04949426651001,-3.7129735946655273,-5.848949432373047,-3.1049375534057617,2.5356640815734863,7.108057498931885,-8.534954071044922,unknown,unknown_random_0109.wav
0.036761634051799774,0.20457528595537222,3116.8706044473124,7120.0,229.0,87300.76502934855,386.4147137880824,1323.8155103995573,1774.9791301717632,-414.9568786621094,46.56867218017578,24.66796875,25.79529571533203,14.321845054626465,1.2008328437805176,-2.6251537799835205,-8.669133186340332,-3.2823920249938965,-10.319982528686523,-0.8701044917106628,-6.826956748962402,-4.776640892028809,unknown,unknown_random_0110.wav
0.04755951836705208,0.122695168448028,1064.6132011166326,2465.0,261.0,162908.35544001815,18551.486688881425,4196.940514348607,340.7489941197521,-383.91973876953125,100.41654205322266,11.790781021118164,19.056167602539062,-3.6299843788146973,-1.9390994310379028,8.109489440917969,0.9720528721809387,-5.726275444030762,-4.9615278244018555,-8.072166442871094,-9.109321594238281,-12.897368431091309,unknown,unknown_random_0111.wav
0.047734614461660385,0.15688480530033128,1195.1130293286265,2693.0,408.0,145750.1595733485,2796.911257986942,425.0227015651651,270.9409385693032,-419.2005615234375,75.21569061279297,28.38399314880371,25.817726135253906,4.9572553634643555,-0.9846436977386475,0.23251119256019592,-12.02109146118164,-5.536853313446045,-8.11158561706543,-14.463354110717773,-4.991157531738281,-1.2349929809570312,unknown,unknown_random_0112.wav
0.053735218942165375,0.11850740671291955,1101.1251464532456,2417.0,208.0,189204.59630729794,70182.98100528862,10106.270707002686,571.9246590646866,-379.3359680175781,99.943359375,9.058500289916992,23.26545524597168,-4.859349250793457,-3.545170545578003,5.181143283843994,-3.756972312927246,-5.175575256347656,-2.0571541786193848,-12.004637718200684,-5.796722412109375,-5.396533012390137,unknown,unknown_random_0113.wav
0.0671594887971878,0.06506656666041627,832.2952068039764,1534.0,369.0,315141.45782420406,5548.414025442833,1412.0030025228307,198.46057877168346,-376.0021057128906,102.2753677368164,19.378480911254883,41.430538177490234,23.77556610107422,-3.2494850158691406,-7.769411563873291,-11.973544120788574,1.6810535192489624,1.7922576665878296,-16.003482818603516,-6.524134159088135,-5.925798416137695,unknown,unknown_random_0114.wav
0.0425141304731369,0.08825551596974811,1201.5200993276733,2606.0,284.0,14529.398524672546,371.13820181653426,166.8419166326778,26.23799034165437,-405.059814453125,86.13917541503906,14.791755676269531,27.832130432128906,12.491406440734863,-2.886568069458008,0.4086951017379761,-6.887974262237549,-8.86627197265625,-1.3059464693069458,-8.1001558303833,-9.187910079956055,-1.847097396850586,unknown,unknown_random_0115.wav
0.03182925656437874,0.16044752797049816,1197.090252213845,2255.0,207.0,32827.505219250685,10512.337897255857,2304.2263044557635,44.556187765992,-402.3941345214844,69.76046752929688,15.674674987792969,16.191455841064453,10.676836967468262,0.42064350843429565,-4.074978351593018,-8.281901359558105,-3.200205087661743,-4.042520999908447,-1.6039636135101318,-9.748265266418457,-3.171543598175049,unknown,unknown_random_0116.wav
0.06712459772825241,0.06925432839552471,878.3557521635757,1250.0,513.0,219456.06064696176,127061.17264996428,1397.637192181117,517.6695265117927,-353.4602966308594,117.69732666015625,20.302574157714844,16.635395050048828,-1.877367377281189,4.286624431610107,-4.156557083129883,-19.069782257080078,-14.330880165100098,-4.60496711730957,1.6288212537765503,7.39997673034668,-2.1348483562469482,unknown,unknown_random_0117.wav
0.04640261456370354,0.06575410963185199,977.8552181563476,1650.0,406.0,118723.08459399035,2424.2644250132685,1502.2553970951055,59.75694343142,-403.017578125,106.5114517211914,36.08027648925781,26.21613311767578,14.511466979980469,-2.8897972106933594,-7.005302429199219,-15.939533233642578,-10.679068565368652,-7.985610008239746,-11.664243698120117,-12.261270523071289,-4.990660190582275,unknown,unknown_random_0118.wav
0.05924196168780327,0.06481655103443965,784.3414498169344,1647.0,252.0,308389.509194172,1187.419327680293,1115.7941962970021,139.40302791535586,-410.2039489746094,90.69796752929688,27.50323486328125,44.779022216796875,16.92120361328125,1.3149734735488892,7.681445121765137,-11.164037704467773,-15.32071304321289,-2.3325328826904297,-7.22728967666626,-14.179162979125977,-11.021061897277832,unknown,unknown_random_0119.wav
0.05827336385846138,0.12700793799612475,968.0173325021058,1129.0,535.0,16421.989443687697,83293.64956326672,124.50554218564015,57.154795319812884,-364.2467041015625,95.84534454345703,18.48512840270996,2.4842236042022705,-4.708474159240723,2.2334952354431152,1.5238912105560303,-3.848590135574341,-4.094533920288086,1.013596773147583,5.544040679931641,11.25665283203125,-3.750993251800537,unknown,unknown_random_0120.wav
0.07229961454868317,0.11331958247390463,1103.3365354695252,1576.0,488.0,172184.02989347326,112095.48078131332,1346.7548523532982,1063.3196567188797,-339.3446960449219,112.3798828125,21.542224884033203,0.4420388340950012,-14.66994857788086,-1.5441317558288574,-2.3403451442718506,-17.218765258789062,-13.003006935119629,3.747692108154297,-2.350423812866211,9.653797149658203,0.3094611167907715,unknown,unknown_random_0121.wav
0.039584532380104065,0.1401337583598975,750.5300872912329,790.0,433.0,112045.86397088043,2645.3820729747827,27.7347627592557,23.55702013170172,-452.175537109375,79.65095520019531,36.407203674316406,19.800758361816406,1.2299814224243164,2.494169235229492,5.180569171905518,-3.5109822750091553,-7.971645355224609,-7.438364028930664,-13.150015830993652,-8.762206077575684,-6.606529712677002,unknown,unknown_random_0122.wav
0.07512523233890533,0.08238014875929746,1011.6016162359285,1760.0,535.0,39181.7543576004,154586.25011918152,1120.5969249186892,198.67483054877283,-393.384033203125,94.2619400024414,18.22834587097168,24.62474250793457,4.754779815673828,-4.915152549743652,-2.7413313388824463,-4.96497106552124,-6.283964157104492,-3.747859001159668,-4.103659629821777,6.176575183868408,3.679452896118164,unknown,unknown_random_0123.wav
0.08198821544647217,0.08188011750734421,857.7821233337329,1150.0,551.0,147635.2529068721,405202.4040623723,1115.5652603868102,418.84434018841085,-350.66522216796875,110.51754760742188,14.7360258102417,19.617839813232422,-7.687626838684082,-4.191250801086426,8.853158950805664,-7.177093982696533,-11.323448181152344,1.2323639392852783,-7.723677158355713,5.382026195526123,-9.955503463745117,unknown,unknown_random_0124.wav
0.05214855074882507,0.07619226201637602,1154.8169692344752,2499.0,246.0,202056.70530995884,1263.3952786271536,10794.002499842314,221.46991878772212,-414.84576416015625,74.89473724365234,20.462581634521484,45.700416564941406,18.376358032226562,-8.87790298461914,3.5589792728424072,-5.452670097351074,-14.24702262878418,-12.346020698547363,-6.263503074645996,-7.615614414215088,-8.513694763183594,unknown,unknown_random_0125.wav
0.062290240079164505,0.06931683230201888,724.1359187978202,924.0,404.0,390905.33283929725,8758.848292759692,207.7510674439059,119.66995198858996,-415.72515869140625,102.88894653320312,40.17393112182617,18.10087013244629,0.9905766248703003,-0.9665439128875732,-2.632538080215454,-12.228561401367188,-6.940561771392822,-4.283175468444824,-8.936302185058594,-8.408251762390137,-11.124383926391602,unknown,unknown_random_0126.wav
0.06101226434111595,0.12494530908181761,777.3968693057616,1190.0,264.0,263065.0661431853,3759.685040072185,520.6517851589356,117.03513439215222,-441.276123046875,77.32289123535156,26.497169494628906,25.743989944458008,8.072656631469727,8.603814125061035,13.18935775756836,-7.17210578918457,-14.461519241333008,-5.758490562438965,-9.04526138305664,-3.6610665321350098,-1.4693565368652344,unknown,unknown_random_0127.wav
0.056680526584386826,0.06950434402150134,677.7072049227805,744.0,298.0,197507.53536073683,10070.149877472453,28.621887597495586,27.4292232121989,-437.19879150390625,90.28184509277344,43.54859161376953,17.951276779174805,7.051145076751709,0.4537339210510254,2.3854148387908936,3.7249391078948975,0.3108142018318176,-0.9117574691772461,-6.0921430587768555,-4.194462299346924,-6.240468978881836,unknown,unknown_random_0128.wav
0.047201968729496,0.19882492655790987,1210.6904759311196,2706.0,126.0,73397.30339123713,47070.06961920698,4095.857024340019,520.3851922649656,-424.6639404296875,63.73119354248047,19.476953506469727,23.0511417388916,3.944010019302368,3.8854517936706543,-0.4886268377304077,-3.4848697185516357,-1.3316400051116943,0.524965763092041,-8.271821975708008,-3.921997547149658,-3.498906373977661,unknown,unknown_random_0129.wav
0.04917312040925026,0.143946496656041,1029.339192556605,1503.0,204.0,55814.054304082565,103636.83476717038,2467.8097371442573,125.66506840382492,-417.320556640625,85.33001708984375,10.305549621582031,4.886691570281982,0.1284029483795166,9.708595275878906,10.488557815551758,1.4765187501907349,-2.15647554397583,-0.45910996198654175,-10.188457489013672,-4.457025527954102,-6.107196807861328,unknown,unknown_random_0130.wav
0.06338348239660263,0.11994499656228515,2418.207535888571,5955.0,532.0,125478.1545281419,286457.1605177509,13877.248976895764,6468.372450971234,-367.92730712890625,72.48300170898438,21.092708587646484,41.18162155151367,17.079971313476562,-5.964476585388184,-4.785572052001953,0.05323207378387451,-10.342302322387695,-6.331324577331543,-1.9499003887176514,2.507713556289673,-3.3529038429260254,unknown,unknown_random_0131.wav
0.059248585253953934,0.08031751984499032,1347.2069610703809,3527.0,343.0,229527.13162097908,3782.5184610945294,1138.571068774637,449.8898897913949,-367.36114501953125,82.2171859741211,29.477394104003906,35.2872200012207,8.966314315795898,3.2438855171203613,0.7494888305664062,0.30930423736572266,3.8449723720550537,1.33664071559906,-14.807392120361328,-9.567941665649414,-6.633767127990723,unknown,unknown_random_0132.wav
0.036924321204423904,0.07356709794362147,1000.6936350012587,1398.0,228.0,42513.27123006713,32995.86588376899,719.0449039250682,35.712933331325985,-405.22711181640625,101.51726531982422,13.698930740356445,5.17340612411499,8.45035171508789,16.038116455078125,13.131978034973145,1.2690367698669434,-4.261301040649414,3.1498851776123047,-1.1051212549209595,-7.671656608581543,-6.054262161254883,unknown,unknown_random_0133.wav
0.043189678341150284,0.18176136008500532,1466.4108249215901,3592.0,349.0,38777.62641729064,27963.58680687442,289.5561189347018,404.1766206581913,-356.3631896972656,75.90482330322266,25.32177734375,22.79509735107422,7.583032608032227,2.4389262199401855,-3.947457790374756,-7.428422927856445,-8.754888534545898,-1.9223461151123047,-9.987565994262695,4.72156286239624,-3.1137235164642334,unknown,unknown_random_0134.wav
0.06519223749637604,0.0973185824114007,1254.8661220574165,2474.0,353.0,283006.02361076715,47899.164566810396,16254.351015120306,1319.215266672809,-354.35333251953125,91.85385131835938,4.733475208282471,30.711400985717773,8.412124633789062,-7.2547101974487305,-8.19021987915039,-12.293636322021484,-4.071224212646484,-3.228555202484131,-5.133583068847656,8.84414005279541,-5.2832350730896,unknown,unknown_random_0135.wav
0.005225268192589283,0.2352022001375086,2271.1519381732755,5491.0,59.0,654.6531835072436,45.958981005990296,20.388738981554333,22.40902119582325,-486.8568115234375,43.00701904296875,21.184436798095703,17.874095916748047,10.254473686218262,7.215831756591797,5.462440490722656,3.9767603874206543,0.6779985427856445,-0.23227664828300476,-2.008450746536255,2.334860324859619,1.3990566730499268,unknown,unknown_random_0136.wav
0.026899423450231552,0.09513094568410525,1209.2476356213008,2477.0,130.0,40759.03870665576,7719.635339977908,510.7497717876371,111.9839034886313,-404.76055908203125,84.63981628417969,26.056522369384766,28.024093627929688,11.237322807312012,-1.4521434307098389,-9.825285911560059,-9.114431381225586,0.9615210890769958,3.9069204330444336,-2.3213396072387695,0.13392135500907898,-3.101480484008789,unknown,unknown_random_0137.wav
0.05243341252207756,0.21032564535283454,1934.968097680437,4659.0,545.0,54635.487000131034,98035.46772416488,2662.393709800177,3449.457047740618,-332.8955383300781,72.29898071289062,17.257118225097656,11.031928062438965,-5.8479719161987305,-2.637665033340454,-1.7631897926330566,-13.100737571716309,-5.596588611602783,0.893256425857544,2.8795299530029297,11.85572624206543,-6.22432804107666,unknown,unknown_random_0138.wav
0.030677668750286102,0.07725482842677667,1353.8353431280032,3521.0,227.0,15892.674426407393,278.1208018407983,71.67607139768849,56.93591564719668,-402.280517578125,77.14678955078125,34.908409118652344,40.83991622924805,8.31315803527832,-0.28013360500335693,3.677157402038574,-0.41188645362854004,0.4703289270401001,1.0868152379989624,-9.929422378540039,0.049315571784973145,-11.57559585571289,unknown,unknown_random_0139.wav
0.04700738936662674,0.06775423463966498,932.9719177638274,1536.0,135.0,113656.7370629086,32845.1473902601,446.158945460834,132.308202126614,-401.4255065917969,93.83634948730469,35.279579162597656,32.07763671875,7.055466651916504,-0.11637231707572937,1.4474093914031982,0.999651312828064,-4.6866374015808105,-2.674767017364502,-7.207058906555176,1.5781282186508179,-6.632630348205566,unknown,unknown_random_0140.wav
0.041519418358802795,0.14869679354959686,1061.100632308923,1625.0,234.0,76045.94419061544,39226.63291124216,2348.975428666131,117.5585161702464,-398.5400390625,96.33038330078125,11.400205612182617,1.8054378032684326,-5.80692195892334,1.3839408159255981,6.905847549438477,-2.193902015686035,-3.8420023918151855,-2.5330114364624023,-8.280736923217773,-4.359243392944336,-4.228137016296387,unknown,unknown_random_0141.wav
0.047850947827100754,0.16413525845365334,958.436994532841,1472.0,228.0,209236.8684262369,17912.357256675525,800.8672812443089,104.91074005300734,-375.36541748046875,88.79443359375,16.47403907775879,10.605488777160645,5.326475620269775,2.794341564178467,2.293012857437134,-13.538867950439453,-3.995427370071411,-1.180501103401184,-7.304758071899414,-12.652917861938477,-3.6976418495178223,unknown,unknown_random_0142.wav
0.034790102392435074,0.10619413713357084,1695.172433639945,4747.0,287.0,7924.088045376022,41.08919240894463,27.536979880485397,33.94266227450909,-430.28692626953125,69.38893127441406,29.537050247192383,26.691211700439453,17.82169532775879,14.895149230957031,11.55974292755127,-0.3331642150878906,-2.661367893218994,-1.5215591192245483,-5.413124084472656,-3.4611570835113525,-4.891506671905518,unknown,unknown_random_0143.wav
0.014558687806129456,0.20226264141508846,1385.996975209986,3095.0,207.0,7565.991385895316,460.21254158497004,93.28027487147341,28.905706206310626,-457.33642578125,58.810150146484375,26.116600036621094,19.132429122924805,7.753171920776367,1.8310474157333374,-2.3878936767578125,-6.215036392211914,-5.480748176574707,-1.7752972841262817,-8.893314361572266,-6.257903099060059,-0.9428479671478271,unknown,unknown_random_0144.wav
0.08005348592996597,0.11269454340896307,762.4723803265243,888.0,549.0,104344.88306211062,394994.2458107481,109.11566613691095,203.40173712123857,-389.2742614746094,105.19091796875,31.275020599365234,5.965431213378906,-20.717487335205078,-8.254339218139648,1.3515470027923584,-6.968984603881836,3.0229415893554688,8.0872163772583,-1.2104028463363647,8.762247085571289,-1.5022224187850952,unknown,unknown_random_0145.wav
0.05387238413095474,0.14188386774173387,1639.8146667417432,3790.0,587.0,14484.376761460759,62013.11714737975,2350.1482301737733,730.8710251873354,-395.84844970703125,73.92122650146484,17.34682846069336,20.68315315246582,-1.3236374855041504,0.04314994812011719,-6.546412467956543,-5.134913444519043,2.055171012878418,5.420424938201904,0.33382856845855713,6.384567737579346,6.4859700202941895,unknown,unknown_random_0146.wav
0.027259422466158867,0.18726170385649102,1033.7692098725547,1968.0,206.0,44958.23416846087,4380.178958740575,478.5926960328985,48.19117232591625,-449.6507263183594,62.60087966918945,21.472240447998047,24.734167098999023,6.967354774475098,2.2134814262390137,3.7044830322265625,-0.6840193867683411,-4.433399200439453,-1.9219518899917603,-11.73304557800293,-5.639104843139648,-2.365574836730957,unknown,unknown_random_0147.wav
0.07040537893772125,0.15207200450028127,1871.813116623145,4214.0,512.0,26508.420996414538,185020.1243302089,3635.391107875817,2279.9614137406925,-414.33209228515625,57.077064514160156,17.261932373046875,20.460018157958984,4.287656784057617,3.6792032718658447,-4.049044609069824,-1.9125677347183228,3.0542643070220947,4.146515846252441,-0.9467772245407104,8.217229843139648,5.2142815589904785,unknown,unknown_random_0148.wav
0.040327947586774826,0.16857303581473843,714.3919648224551,830.0,349.0,132406.30559584353,18705.37300316733,24.699712953318425,19.29746945746754,-460.23675537109375,80.03233337402344,39.71978759765625,14.253920555114746,-4.948609828948975,-5.403754234313965,0.3247813582420349,-0.2524527311325073,-4.080641746520996,-1.896244764328003,-6.888582229614258,-6.0444440841674805,-5.330427169799805,unknown,unknown_random_0149.wav
0.025841375812888145,0.09100568785549097,1495.9255561755847,3566.0,208.0,12301.699148666397,143.28927696686276,96.49590860256902,120.67514728894807,-410.44720458984375,72.96941375732422,34.08668518066406,42.701141357421875,4.625652313232422,-4.644812107086182,4.940225124359131,1.1472169160842896,0.39763858914375305,0.23563069105148315,-11.079081535339355,0.5955774188041687,-10.559727668762207,unknown,unknown_random_0150.wav
0.022100308910012245,0.09325582848928057,1106.989047691167,1637.0,532.0,7553.044819155979,8058.5329271420815,90.13392464385885,22.72478941212731,-425.6246337890625,88.75857543945312,23.6282958984375,14.299070358276367,6.813140869140625,6.811711311340332,3.5062646865844727,-3.2284579277038574,-4.600315093994141,1.0703251361846924,3.081954002380371,5.168251037597656,-1.3911731243133545,unknown,unknown_random_0151.wav
0.06573178619146347,0.18013625851615725,1169.8638846073545,2607.0,289.0,141233.65292383893,102770.50340231886,3876.482434432733,1303.8617853033263,-344.42767333984375,65.32833099365234,16.608610153198242,37.23030090332031,0.3845621943473816,-5.1773247718811035,-8.765405654907227,-15.116924285888672,-0.48516780138015747,-0.4687071442604065,-10.239274024963379,8.721800804138184,-0.47916555404663086,unknown,unknown_random_0152.wav
0.03950934112071991,0.0939433714607163,1206.4235143546687,3070.0,132.0,97416.00199537551,83.56732084789923,84.82822614553957,71.93069160380091,-463.099365234375,56.460811614990234,37.77436065673828,30.906982421875,15.376940727233887,11.225968360900879,15.050901412963867,3.953468084335327,-1.9373548030853271,1.7992916107177734,-5.58761739730835,2.0561885833740234,1.8501334190368652,unknown,unknown_random_0153.wav
0.03309529647231102,0.09988124257766111,1252.2532682161448,1756.0,712.0,5429.2621220981755,63047.00383466199,2900.695015514102,163.6618443589966,-368.31707763671875,103.09910583496094,-4.712715148925781,0.7335383892059326,-0.2129962146282196,-4.278246879577637,-1.9330552816390991,-2.373561382293701,9.55230712890625,20.64432144165039,4.381838321685791,6.062992572784424,-8.476224899291992,unknown,unknown_random_0154.wav
0.05429155007004738,0.07287955497218576,835.0071024823213,1722.0,130.0,268225.8455607175,5501.121776500795,2257.881641669885,106.7358671689738,-408.15966796875,87.27960968017578,15.911650657653809,31.33580207824707,14.005720138549805,-1.784069299697876,-1.5261787176132202,-5.76473331451416,-6.597484111785889,-4.523426532745361,-7.951992988586426,-6.997790336608887,-6.327736854553223,unknown,unknown_random_0155.wav
0.029181472957134247,0.16669791861991373,1718.4312925401234,3925.0,205.0,51543.22625773903,12218.35571310673,1864.623620069964,647.2321979094664,-405.628173828125,77.90396118164062,20.586483001708984,15.31933879852295,-1.7782831192016602,3.207202672958374,1.1981608867645264,-9.733095169067383,-0.16671690344810486,1.8091299533843994,-9.374345779418945,-2.0106804370880127,0.405936598777771,unknown,unknown_random_0156.wav
0.08479030430316925,0.05819113694605913,844.3544841505154,1745.0,408.0,737207.3890253009,19528.57902762444,4009.0153157386903,244.96388050685994,-378.1881103515625,107.8018569946289,22.281070709228516,31.423381805419922,11.960829734802246,-3.8496780395507812,8.273812294006348,-12.695328712463379,-18.05340576171875,-12.178970336914062,-7.258138656616211,-8.014984130859375,-11.829940795898438,unknown,unknown_random_0157.wav
0.021036645397543907,0.15900993812113257,1316.10050808705,3252.0,208.0,24674.914484245426,30.99716722788491,59.351080456446205,47.978190265571385,-476.9818115234375,56.85710144042969,37.0782356262207,32.73469543457031,11.176989555358887,7.560611724853516,6.824685573577881,-4.05834436416626,-7.846012115478516,-6.480076789855957,-10.176610946655273,-6.408863067626953,-4.156274318695068,unknown,unknown_random_0158.wav
0.02957332134246826,0.19488718044877804,2282.0797514480782,6217.0,326.0,64768.5458061292,1779.101626727811,494.5045919181995,849.8461255126128,-429.79449462890625,65.91729736328125,28.37085723876953,28.643489837646484,7.230761528015137,0.31033504009246826,2.186629295349121,-6.897944927215576,-4.174410820007324,-4.771958827972412,-13.546424865722656,-5.96735954284668,-2.523540496826172,unknown,unknown_random_0159.wav
0.051816727966070175,0.08469279329958122,1152.8916911678616,1825.0,302.0,51312.954489162286,40299.91448050884,250.18004739903702,153.0615752562225,-341.7906494140625,114.3121337890625,15.798992156982422,-0.610482931137085,-19.971220016479492,-10.40385627746582,-0.17695096135139465,13.26327133178711,6.384510040283203,-4.570581436157227,-4.204141139984131,-4.455661296844482,-6.527750015258789,unknown,unknown_random_0160.wav
0.05264705419540405,0.14032127007937997,1013.5886855438014,1867.0,455.0,247670.37747515726,2360.5228055639627,842.9807471335725,275.93680405813245,-441.1682434082031,76.15640258789062,29.824508666992188,20.08078384399414,8.195869445800781,9.034832000732422,5.223196029663086,-7.861248970031738,-7.4976348876953125,-5.160171031951904,-13.412567138671875,-1.019362211227417,-2.5730717182159424,unknown,unknown_random_0161.wav
0.031089134514331818,0.18638664916557285,3028.760843210972,6612.0,50.0,956.9675696232596,25.872027607490132,31.42474199882392,40.05152324455045,-436.51361083984375,50.9626579284668,20.22553825378418,22.544694900512695,20.275489807128906,3.671388864517212,4.28815221786499,-1.1354587078094482,2.7165889739990234,4.043954849243164,-1.5970430374145508,6.579737663269043,0.2118227481842041,unknown,unknown_random_0162.wav
0.04946498945355415,0.12988311769485592,1041.6982896236318,2495.0,228.0,174273.90230887168,15854.12527960989,2970.8553980087063,177.88743281909893,-422.1507568359375,81.3536605834961,18.184326171875,27.179948806762695,8.050625801086426,-0.9996615648269653,4.0587687492370605,-2.252368450164795,-6.984767913818359,-3.937796115875244,-14.272038459777832,-11.6727294921875,-5.8811750411987305,unknown,unknown_random_0163.wav
0.05798952281475067,0.06137883617726108,946.1068346271718,1702.0,340.0,214847.09038948617,54613.99976569454,3678.132298395196,419.6795606909769,-395.1239318847656,109.42007446289062,31.242351531982422,22.504749298095703,-0.8482223749160767,-8.040953636169434,-1.939404010772705,-5.709381103515625,-0.7479285001754761,3.5287344455718994,-10.816497802734375,-1.9961087703704834,-3.262118339538574,unknown,unknown_random_0164.wav
0.035920798778533936,0.0790674417151072,1208.855612153124,2040.0,578.0,13873.722053181838,21999.340194203585,236.3276817140505,69.46996145245376,-396.865478515625,97.30528259277344,25.389570236206055,14.725765228271484,1.3331775665283203,-0.2588791847229004,0.6402121782302856,-1.8806564807891846,-1.142905592918396,6.77287483215332,-2.460719585418701,3.235466241836548,-1.2732645273208618,unknown,unknown_random_0165.wav
0.05267711356282234,0.12725795362210138,1751.1028831411768,5256.0,299.0,80276.91845023405,3169.197820209403,50.95096143880594,364.94755681355025,-402.86407470703125,81.9349365234375,39.44798278808594,21.215744018554688,5.807080268859863,-2.2229092121124268,-6.530838489532471,-2.0199735164642334,0.1710388958454132,-0.45358002185821533,1.4320148229599,1.0813484191894531,-7.5450663566589355,unknown,unknown_random_0166.wav
0.06789074838161469,0.13607100443777737,922.0407388091528,2277.0,237.0,432757.24912173004,3669.58852240547,4061.043921546913,556.9118979842322,-403.5028991699219,85.97071838378906,16.82754135131836,37.08648681640625,7.4137067794799805,-5.449865341186523,2.096174716949463,-8.895739555358887,-7.614262580871582,-10.011029243469238,-17.901203155517578,-5.768618106842041,-2.5139970779418945,unknown,unknown_random_0167.wav
0.0448906272649765,0.09138071129445591,1372.5791971209335,2702.0,208.0,69292.74824123138,15741.762947996087,4564.705492060064,878.0797044561002,-352.759033203125,97.38361358642578,10.421884536743164,36.956939697265625,15.779959678649902,-2.7398929595947266,0.13646769523620605,-4.132937908172607,1.0264673233032227,-1.3818154335021973,-13.293983459472656,-3.7340574264526367,-8.450599670410156,unknown,unknown_random_0168.wav
0.04706345126032829,0.09619351209450591,934.5045411577187,1338.0,138.0,164331.1708584263,6944.468027211342,187.0434764816402,180.41885572962266,-419.5428466796875,88.46829223632812,27.5074462890625,11.609922409057617,1.6703672409057617,14.255817413330078,20.335163116455078,-0.9233707189559937,-7.434493064880371,-2.5788469314575195,-5.769636154174805,-0.20855826139450073,-9.782550811767578,unknown,unknown_random_0169.wav
0.04767273738980293,0.061316332270766924,1042.3448983495277,2365.0,413.0,95344.59092535193,3498.9537526439835,1094.0045034593832,187.69911408290017,-392.09490966796875,95.45221710205078,32.09516906738281,46.0585823059082,19.986026763916016,0.7813080549240112,2.715151071548462,-9.2634859085083,-9.00631046295166,-3.2948338985443115,-13.55262565612793,-2.484768867492676,-1.5448691844940186,unknown,unknown_random_0170.wav
0.03376569226384163,0.12325770360647541,1249.7623083933022,2366.0,500.0,17444.642028176153,15413.599964334491,1632.3185689547813,73.12151210701194,-427.4024658203125,65.41645812988281,14.666906356811523,35.40110778808594,14.775339126586914,-5.669759750366211,-0.02375909686088562,0.32966065406799316,-3.0885701179504395,-2.575723171234131,0.9432772397994995,6.824824810028076,1.9512475728988647,unknown,unknown_random_0171.wav
0.05750219151377678,0.1684480280017501,1733.2954475531399,4201.0,263.0,230273.6132300914,3243.2512428430528,778.3082213137407,833.7644282711797,-424.068603515625,65.0172119140625,29.437652587890625,33.87300109863281,15.09992790222168,3.5209851264953613,6.12938117980957,-14.979616165161133,-8.275968551635742,-5.487321853637695,-13.853253364562988,-5.256314754486084,-3.638519525527954,unknown,unknown_random_0172.wav
0.029220804572105408,0.16432277017313582,1311.3960211774586,2812.0,204.0,73522.6428368981,1958.1989393755193,690.2028676084699,145.8757780225475,-437.34820556640625,67.51840209960938,27.854717254638672,27.05913543701172,11.285812377929688,6.405670642852783,1.69202721118927,-6.084817886352539,-4.585474014282227,-3.2421278953552246,-9.947996139526367,-5.993987083435059,-1.1169891357421875,unknown,unknown_random_0173.wav
0.03267606347799301,0.094630914432152,1362.0560804892662,2681.0,136.0,69449.9814208794,29878.818407027677,4094.3097726744973,468.3248747218066,-393.62506103515625,92.13693237304688,18.141990661621094,5.517435550689697,4.067300796508789,8.291584968566895,13.822428703308105,5.35776424407959,-1.187056303024292,3.633826971054077,-11.397104263305664,-2.8049559593200684,-8.212746620178223,unknown,unknown_random_0174.wav
0.04525728151202202,0.19644977811113196,1174.1887225779726,2738.0,137.0,170484.1702029407,3242.2433983840237,2179.606981008995,336.86294424675714,-424.2059020996094,64.8774642944336,19.267398834228516,25.67341423034668,5.6319499015808105,1.0255298614501953,3.047166585922241,-6.290098190307617,-5.939913749694824,-0.9375853538513184,-10.526585578918457,-5.706279277801514,-0.8769460320472717,unknown,unknown_random_0175.wav
0.033287227153778076,0.075379711231952,1022.7762140797225,2625.0,158.0,54239.212331128,125.29426475966662,178.44395895089025,153.05182740797758,-400.48980712890625,80.51988983154297,28.318103790283203,48.36021041870117,20.76472282409668,-0.4705827236175537,-2.6425559520721436,-5.838939189910889,-1.117274522781372,0.29664117097854614,-14.678144454956055,-5.79327392578125,-9.036354064941406,unknown,unknown_random_0176.wav
0.056078922003507614,0.12375773485842866,743.1223218434227,930.0,338.0,315589.30594744254,6748.424322928472,27.902191470095243,22.073002557537873,-441.8557434082031,96.13783264160156,45.57685089111328,18.834333419799805,-3.5752079486846924,-4.695440292358398,-2.609400987625122,-6.71119499206543,-10.668346405029297,-8.472915649414062,-8.428491592407227,-5.692712783813477,-5.441689968109131,unknown,unknown_random_0177.wav
0.05353512614965439,0.08694293393337084,694.140042120111,806.0,228.0,210932.74487677618,35154.32766968155,195.76725764772405,31.65140236939184,-416.2536315917969,103.4552993774414,31.856185913085938,14.467347145080566,0.8681890964508057,-5.4673662185668945,-0.7621458768844604,-4.362146377563477,-7.4800920486450195,-0.2995370328426361,-1.8533018827438354,-4.938525676727295,-7.4183502197265625,unknown,unknown_random_0178.wav
0.05929919332265854,0.2486405400337521,2046.8333004831454,5072.0,410.0,264172.07571998617,11450.063080294172,6633.176108329343,2677.5500978268055,-401.7667541503906,56.65470886230469,14.131128311157227,20.013229370117188,4.1559529304504395,-5.371208667755127,1.3983020782470703,-6.331109046936035,-2.4770188331604004,-3.742846727371216,-10.657918930053711,0.0523911714553833,-0.21533608436584473,unknown,unknown_random_0179.wav
0.036691486835479736,0.2234514657166073,3507.460947020876,7258.0,120.0,58993.18848998859,544.8267770503094,1473.0478672060367,1648.370729795892,-411.69512939453125,45.50514221191406,28.767301559448242,26.068458557128906,16.68111801147461,3.845181703567505,-2.6751303672790527,-6.957752704620361,0.1055697500705719,-6.260475158691406,-1.0742300748825073,-6.558228492736816,-1.5294592380523682,unknown,unknown_random_0180.wav
0.08058355003595352,0.06287892993312082,765.7080323214043,1096.0,338.0,489606.2148851844,30234.15723633252,375.59489718441677,193.82708260810185,-389.1384582519531,110.78411102294922,41.344459533691406,11.357213973999023,-1.591644048690796,4.137258529663086,-1.0841922760009766,-6.510881423950195,-10.386865615844727,-1.7886329889297485,-8.089483261108398,-10.1538724899292,-9.55909252166748,unknown,unknown_random_0181.wav
0.042656462639570236,0.14800925057816114,2869.9601850613517,6381.0,207.0,86866.99387171649,12939.863222625281,793.1864238118858,5917.2799504148625,-363.72265625,83.47277069091797,35.63469314575195,23.037723541259766,3.9747214317321777,0.3635403513908386,5.84626579284668,-2.2492799758911133,-9.421733856201172,-3.4662694931030273,-8.849393844604492,1.9453861713409424,1.085094690322876,unknown,unknown_random_0182.wav
0.05919661745429039,0.07237952372023251,905.4509880218781,1515.0,262.0,186072.18537027604,38021.82496547329,2437.869415602855,66.11485125261623,-392.1142578125,108.98568725585938,17.879535675048828,12.67628288269043,9.967181205749512,4.898951053619385,3.351499080657959,-3.5127696990966797,-6.742379188537598,5.830816268920898,1.6161832809448242,-6.42423677444458,-6.336029052734375,unknown,unknown_random_0183.wav
0.03241898491978645,0.09325582848928057,1371.514773210154,2918.0,333.0,80877.1804912636,6775.230858029651,2923.7737539735976,748.2117657820597,-394.7418212890625,84.14701843261719,24.106067657470703,28.558773040771484,11.199426651000977,0.7551532983779907,3.285382032394409,-7.54508113861084,-5.365360260009766,-2.4637811183929443,-11.911517143249512,3.693582534790039,-2.011061906814575,unknown,unknown_random_0184.wav
0.03987507149577141,0.09800612538283643,1463.9363846826452,2964.0,206.0,38040.03375977133,14340.250010945365,2847.02035711492,540.2830082605668,-361.343505859375,92.7548828125,15.713842391967773,34.239906311035156,14.304737091064453,-1.2146666049957275,-3.895930051803589,-4.970829010009766,-1.2644097805023193,3.117833137512207,-12.745015144348145,-3.6122260093688965,-10.901102066040039,unknown,unknown_random_0185.wav
0.05750163644552231,0.11044440277517345,850.4097021943352,1032.0,339.0,118654.96283412879,53395.85804773596,366.66770245806936,203.39438801050937,-355.9959716796875,100.60067749023438,31.510831832885742,28.014339447021484,-5.597803115844727,-10.738077163696289,-13.057720184326172,-17.730241775512695,-4.565412521362305,-3.859127998352051,-9.868471145629883,1.5281171798706055,-4.1932759284973145,unknown,unknown_random_0186.wav
0.048760704696178436,0.1030064379023689,999.6143934424209,1203.0,611.0,21755.370161946696,39355.8678079759,136.09810037549397,83.93100555224302,-403.87835693359375,92.1722412109375,17.820266723632812,12.863771438598633,6.45635986328125,3.558685064315796,1.2301862239837646,-6.669036865234375,-4.552456378936768,0.2331954836845398,-0.02243673801422119,11.131874084472656,2.767364501953125,unknown,unknown_random_0187.wav
0.028624892234802246,0.1726982936433527,1547.596862027739,3534.0,513.0,9808.276811405467,20122.545446860695,57.4576626724321,153.69979421426433,-416.3738708496094,64.05130767822266,32.838008880615234,13.952646255493164,4.182092666625977,6.7705817222595215,7.468524932861328,-5.372884273529053,1.1008704900741577,-0.11430540680885315,0.18832838535308838,8.147947311401367,1.828858494758606,unknown,unknown_random_0188.wav
0.050392843782901764,0.10981936371023189,1950.1638281743337,5360.0,262.0,201668.9161112829,5792.444126065333,1039.3466485076278,1222.2684785693898,-384.1500549316406,90.3724136352539,22.593128204345703,24.859071731567383,12.367072105407715,1.871388554573059,0.36823970079421997,-12.967687606811523,-8.302167892456055,-4.275291442871094,-3.1011338233947754,-9.203946113586426,-6.987610816955566,unknown,unknown_random_0189.wav
0.025281812995672226,0.18657416088505532,903.9547231898263,885.0,408.0,39918.30169792333,11725.82017194639,11.80508584418723,18.213199325173267,-467.6798095703125,76.39401245117188,40.23675537109375,14.322324752807617,-5.787628173828125,-4.823028087615967,-1.8482431173324585,-0.3475556969642639,-3.5356550216674805,-3.0470468997955322,-5.7569403648376465,-3.8618252277374268,-3.9898719787597656,unknown,unknown_random_0190.wav
0.035917241126298904,0.22813925870366897,1362.100865191915,2943.0,263.0,124161.91886223674,152.73318338441265,1460.9559355450274,156.1209808481704,-446.9141845703125,43.3374137878418,22.280967712402344,34.748565673828125,16.720108032226562,-5.61513614654541,6.370811939239502,0.517853856086731,-5.500548839569092,-7.889227867126465,-10.92241096496582,-4.422941207885742,-5.403833866119385,unknown,unknown_random_0191.wav
0.03789878264069557,0.18088630539408712,897.3667867035339,1584.0,131.0,111717.91946859758,1946.8401108106605,380.9160585866654,75.079644262084,-432.5804748535156,67.72593688964844,23.453388214111328,22.92671775817871,6.944293022155762,6.054208755493164,-0.7243843078613281,-9.606023788452148,-3.924260139465332,-3.445338249206543,-12.236236572265625,-7.055869102478027,-2.274731159210205,unknown,unknown_random_0192.wav
0.06577877700328827,0.06519157447340458,756.0821027976044,1034.0,468.0,399716.42066110694,14927.619299600185,118.53312778812084,157.0677612401777,-420.97711181640625,96.75213623046875,38.72897720336914,18.47425651550293,-2.05794620513916,10.935935974121094,15.76418685913086,-6.72860860824585,-11.317834854125977,-9.570266723632812,-13.954923629760742,-0.3375008702278137,0.4162451922893524,unknown,unknown_random_0193.wav
0.01720171421766281,0.2120757547346709,1700.3259060239225,3954.0,102.0,7048.305094403984,373.3274533701993,129.79720220723328,148.2617711161626,-434.47747802734375,58.88042449951172,22.62806510925293,16.660808563232422,-0.7193914651870728,4.472414970397949,3.0246264934539795,-4.474127292633057,-1.8450376987457275,-5.789909839630127,-7.20953369140625,-0.3591863512992859,-0.3602459132671356,unknown,unknown_random_0194.wav
0.018849536776542664,0.1385711606975436,2469.477447616962,6516.0,207.0,13593.018750496694,3000.0432813407306,476.3167953162868,220.72337787082049,-425.20916748046875,65.46856689453125,16.59214973449707,16.926292419433594,12.368963241577148,2.6667869091033936,-5.396872520446777,-5.920378684997559,-0.8765383958816528,-1.8246827125549316,-3.828512191772461,-3.3101654052734375,-0.32695457339286804,unknown,unknown_random_0195.wav
0.030833421275019646,0.19657478592412025,1206.2738808111822,2532.0,217.0,43520.77746198924,9107.909886737705,1684.7469800626695,118.10933222768509,-440.5548095703125,64.64469909667969,15.872722625732422,19.68678855895996,4.044865608215332,1.9478623867034912,1.970056414604187,0.4522354006767273,-2.809924840927124,-3.1062772274017334,-12.074378967285156,-0.7013064026832581,-1.3238434791564941,unknown,unknown_random_0196.wav
0.08185620605945587,0.08450528158009876,676.2672712087177,684.0,607.0,145654.41071587373,233926.65605888882,41.01688821626759,92.1972082180639,-418.9803771972656,100.47425079345703,46.58125686645508,23.26004981994629,-3.8642377853393555,-6.129203796386719,-1.6781498193740845,-7.246463775634766,-4.024982452392578,5.059946060180664,1.5423858165740967,4.631244659423828,-2.8083558082580566,unknown,unknown_random_0197.wav
0.052306003868579865,0.08525532845802862,787.0377919151124,1033.0,337.0,194529.34889038737,16002.263766133598,307.5047177697284,52.799114493304884,-403.8784484863281,105.87767028808594,33.042518615722656,14.567754745483398,2.982529878616333,-4.967084884643555,3.1923341751098633,-1.4961161613464355,-11.459831237792969,-10.303815841674805,-8.266188621520996,1.487177848815918,-3.2233173847198486,unknown,unknown_random_0198.wav
0.04873239994049072,0.10438152384524033,964.5261461671392,1496.0,536.0,84692.77242080624,47523.47349475219,1062.3333105999884,139.2126906417912,-421.2279052734375,81.6861572265625,25.7050724029541,14.785967826843262,3.3485937118530273,4.4201202392578125,0.044951677322387695,-7.166068077087402,-4.50932502746582,1.2907341718673706,-2.0963563919067383,4.585885524749756,2.544966697692871,unknown,unknown_random_0199.wav
0.02385319396853447,0.19688730545659103,1447.6516324482823,2891.0,229.0,49279.65403027551,6711.908550428396,2173.6278412800407,246.77370819726858,-417.84307861328125,65.28065490722656,22.490676879882812,26.703556060791016,2.7659783363342285,-2.061688184738159,-1.134028434753418,-6.423293113708496,-5.945231914520264,-5.31523323059082,-11.301252365112305,-10.010541915893555,-0.6053695678710938,unknown,unknown_random_0200.wav
0.04014071449637413,0.14907181698856178,1959.5032340195382,5417.0,240.0,9605.525482790816,744.6451708801081,223.12473984757366,144.77294691446662,-374.97283935546875,73.24456787109375,25.019351959228516,40.83977508544922,15.882603645324707,-1.93695867061615,-3.6681711673736572,-5.706475257873535,-9.114290237426758,-11.69398307800293,-5.488661766052246,3.1578879356384277,-5.129621505737305,unknown,unknown_random_0201.wav
0.038650576025247574,0.12050753172073254,874.3147038035918,2011.0,239.0,105890.84792811016,1886.1366768086268,433.22642223585626,101.65638056136882,-451.1586608886719,64.51339721679688,32.78925323486328,39.41755294799805,6.707319736480713,1.0705552101135254,6.3395795822143555,-2.9374587535858154,-7.838374614715576,-4.533578872680664,-9.925970077514648,-4.306265830993652,-0.7917495965957642,unknown,unknown_random_0202.wav
0.03562658652663231,0.14613413338333645,1324.624573714366,2326.0,587.0,10087.181349891438,27897.1869167818,468.4553055225117,165.99611816963784,-357.304931640625,92.2490234375,12.980329513549805,5.479666233062744,-5.6982927322387695,-3.024702787399292,7.186028003692627,-5.773153305053711,4.263575553894043,12.063076972961426,3.008547782897949,5.987137794494629,-7.6757988929748535,unknown,unknown_random_0203.wav
0.020239677280187607,0.19194949684355272,1381.9215686968837,2935.0,201.0,22105.46150088931,7428.843982102205,343.291299369037,143.19825625663972,-416.0308837890625,71.7630615234375,16.899158477783203,12.816152572631836,-2.670384407043457,1.235863208770752,2.307588815689087,-4.668150901794434,-1.664971113204956,-0.8001992702484131,-7.900363445281982,-5.165942192077637,0.28861933946609497,unknown,unknown_random_0204.wav
0.03585807606577873,0.07587974248390525,944.6303857631247,1878.0,206.0,81610.65994285492,8246.889929712923,711.1055194035863,43.91633032640159,-430.9419250488281,82.35657501220703,22.320486068725586,24.74106216430664,13.525455474853516,3.355742931365967,-0.9778509140014648,-1.886857032775879,-6.712344646453857,-5.555359840393066,-9.129819869995117,-7.847517013549805,-5.6538801193237305,unknown,unknown_random_0205.wav
0.05892964079976082,0.15082192637039815,913.9944505839917,1324.0,131.0,265782.7359767393,105471.12406709164,1405.0357502128663,491.46395314571095,-422.0247802734375,86.21373748779297,18.343198776245117,13.324000358581543,1.463623285293579,3.624969720840454,9.095410346984863,-8.14250373840332,-8.798151969909668,-2.10160756111145,-9.750635147094727,-6.301332473754883,-5.808521747589111,unknown,unknown_random_0206.wav
0.06359171122312546,0.11950746921682605,635.9649134550616,865.0,127.0,385681.9296447857,24448.792854075462,431.43725805188205,35.015668561453666,-418.73651123046875,98.49451446533203,25.408946990966797,21.565189361572266,11.009454727172852,2.2671613693237305,-2.214761257171631,-10.300735473632812,-10.815206527709961,-8.73127555847168,-14.42862319946289,-11.278386116027832,-7.05702018737793,unknown,unknown_random_0207.wav
0.05892473831772804,0.10013125820363773,1309.1840314760486,3039.0,338.0,9217.843843622904,330.6599220404714,34.93614366497208,23.772165546686367,-403.785888671875,84.67727661132812,20.855741500854492,16.057109832763672,8.436933517456055,4.644599914550781,3.043887138366699,-2.2385921478271484,-4.800935745239258,-2.2046239376068115,-8.755531311035156,4.736690521240234,-2.0063347816467285,unknown,unknown_random_0208.wav
0.03052164986729622,0.1800737546096631,2844.5610213504465,6110.0,208.0,32405.845326481387,34.5187260484817,111.49263325503394,2087.5313462001996,-418.8658447265625,38.64164352416992,44.96369171142578,45.74089050292969,16.544254302978516,16.37622833251953,1.5679359436035156,-1.1402159929275513,7.498409271240234,-0.4718233346939087,-7.7569990158081055,0.9160103797912598,-10.92714786529541,unknown,unknown_random_0209.wav
0.06223730742931366,0.14119632477029814,2004.2095133563148,5575.0,608.0,50560.14450052391,192210.98068658815,5880.12899863459,1987.81817482397,-358.201171875,89.53821563720703,13.014885902404785,9.201957702636719,0.34880971908569336,-0.5416657328605652,0.4467853009700775,-4.100630283355713,1.1764049530029297,6.345963001251221,-3.768216371536255,3.4100756645202637,-9.558074951171875,unknown,unknown_random_0210.wav
0.0369131863117218,0.1562597662353897,919.9687269077608,2350.0,205.0,100556.67803764356,436.376583787089,440.01784941032747,118.51310014576758,-447.11029052734375,65.16568756103516,26.887004852294922,35.79108810424805,7.202812671661377,4.1721954345703125,9.877630233764648,-6.3978376388549805,-11.576139450073242,-5.224552154541016,-8.414807319641113,-6.31147575378418,-5.499104022979736,unknown,unknown_random_0211.wav
0.0327007994055748,0.1366960435027189,1131.609704328118,2373.0,208.0,53203.84196469693,13350.798013412394,166.6079500010964,148.15119599990192,-389.3333740234375,78.73820495605469,36.317344665527344,27.464801788330078,0.3930877447128296,0.889894962310791,10.759113311767578,-5.922549247741699,-0.49315810203552246,0.164533793926239,-9.476112365722656,-2.620598793029785,-4.892937183380127,unknown,unknown_random_0212.wav
0.025378994643688202,0.07925495343458966,1414.296594722873,3448.0,158.0,16032.4910436144,298.1202059679694,55.11447680691881,33.164711122919506,-438.595703125,73.39144134521484,40.18113708496094,25.330263137817383,15.517463684082031,10.060930252075195,6.4718780517578125,-1.7236398458480835,-4.111981391906738,3.0330100059509277,-2.972731113433838,-3.315014362335205,-5.0604143142700195,unknown,unknown_random_0213.wav
0.023598171770572662,0.24189011813238329,2201.944294383159,5280.0,206.0,22706.507214857033,7326.590490111308,321.77196717765867,533.7851414769167,-444.99853515625,52.23912048339844,24.13577651977539,18.529067993164062,0.2359485626220703,1.7785131931304932,-0.9980637431144714,-2.0457348823547363,2.3307151794433594,1.2360162734985352,-4.508690357208252,0.6641221642494202,2.0412979125976562,unknown,unknown_random_0214.wav
0.11655128747224808,0.07412963310206888,1049.319958898196,1626.0,553.0,128025.24228015929,458735.65092183556,508.9762459332205,1277.0370001961464,-368.34765625,93.46925354003906,20.43169593811035,19.43743896484375,-10.013976097106934,-3.2477283477783203,-2.795595169067383,-1.5985993146896362,-1.2958182096481323,0.6701624393463135,-4.534794807434082,8.215188980102539,-0.2087843120098114,unknown,unknown_random_0215.wav
0.02318466268479824,0.14825926620413776,2596.715463240692,6744.0,207.0,21180.904741198785,186.3627051106449,316.62594309301096,308.56901897920955,-438.7110290527344,56.07045364379883,23.493396759033203,28.65420150756836,12.292052268981934,2.0682461261749268,0.33398282527923584,-10.509035110473633,-7.4265971183776855,-8.700006484985352,-7.480899810791016,-4.809833526611328,-2.9439802169799805,unknown,unknown_random_0216.wav
0.08395285904407501,0.18088630539408712,2036.7191454155757,5076.0,534.0,120338.30263237414,535993.621796797,35975.328948051014,6416.334299819397,-327.2811584472656,80.81095886230469,11.348642349243164,19.96002960205078,13.169654846191406,-2.3079142570495605,-11.966348648071289,-12.225746154785156,-6.6207122802734375,2.018481731414795,-6.933102607727051,1.46950364112854,1.782253384590149,unknown,unknown_random_0217.wav
0.05492449179291725,0.07856741046315395,1237.6254730776204,2590.0,336.0,101836.06428319022,27882.97851759589,2697.1043738799553,582.6300457056335,-326.13604736328125,115.80138397216797,15.50245189666748,30.81574249267578,6.250725746154785,-10.32509994506836,-10.679349899291992,-10.018182754516602,-9.343109130859375,-11.392172813415527,-6.228268623352051,6.6097869873046875,-5.782924652099609,unknown,unknown_random_0218.wav
0.03528113663196564,0.10006875429714357,2162.769664608143,6082.0,228.0,40365.11340276808,1512.7118299850092,327.04432090622896,554.3417321200045,-384.81500244140625,94.75912475585938,31.25835418701172,32.3922119140625,8.537729263305664,-5.579551696777344,3.838919162750244,-1.470207929611206,-11.854035377502441,-11.330750465393066,-10.7298002243042,4.469097137451172,-2.2953877449035645,unknown,unknown_random_0219.wav
0.03348104655742645,0.13694605912869554,1344.012515074112,2973.0,326.0,86457.81709086712,8325.979965112814,604.1777867826561,206.32647771065797,-394.8359680175781,79.32135009765625,31.520870208740234,14.748270034790039,-4.71294641494751,1.362175703048706,0.9037729501724243,-5.451238632202148,6.9472808837890625,8.89981460571289,-3.2876572608947754,0.7309224605560303,-7.402256488800049,unknown,unknown_random_0220.wav
0.04387523606419563,0.08788049253078317,1020.5276166074551,1190.0,533.0,12087.452047228446,21434.749404313938,47.13155269908448,50.25232898553628,-389.47906494140625,106.8035888671875,23.34967041015625,9.46994400024414,-4.779818058013916,1.777809739112854,2.9670326709747314,-4.423511505126953,-3.85571551322937,-1.678340196609497,-3.6033430099487305,7.843923091888428,-1.91939115524292,unknown,unknown_random_0221.wav
0.02552104741334915,0.1664479029939371,2051.822295130524,5205.0,392.0,27407.701722964106,6291.749685037535,491.1401753061941,1075.9792505139026,-379.0974426269531,73.32023620605469,33.90596008300781,25.074609756469727,5.1860527992248535,3.8294172286987305,-5.970441818237305,-4.743593215942383,-1.6075295209884644,-0.13416631519794464,0.39495643973350525,2.381457567214966,-6.691765785217285,unknown,unknown_random_0222.wav
0.01625939831137657,0.16938558659916245,1248.6363895550635,2688.0,138.0,15029.282222399464,4926.338507501178,136.35570283165154,91.50420779103435,-456.2880554199219,66.22281646728516,20.842334747314453,19.830238342285156,4.59245491027832,2.6366982460021973,-0.9491170048713684,-7.248542785644531,-3.128261089324951,3.2929534912109375,-1.0208402872085571,-0.947358250617981,-7.659120082855225,unknown,unknown_random_0223.wav
0.015425234101712704,0.1204450278142384,1602.4203928010406,3935.0,245.0,4358.089011534739,186.9695627543355,68.76606791577633,22.06021880605644,-434.7130126953125,69.12944030761719,26.924131393432617,19.270238876342773,14.503551483154297,2.8101158142089844,-7.178058624267578,-9.346765518188477,-4.590470314025879,-5.4800848960876465,-6.786260604858398,-7.068432807922363,-0.9210696220397949,unknown,unknown_random_0224.wav
0.03360622748732567,0.15750984436527282,1281.7512317588312,1985.0,250.0,27847.108701572433,45944.98834545708,2867.382900778007,220.28236325439673,-406.5498962402344,69.27323913574219,13.53761100769043,10.942731857299805,6.503730297088623,13.895658493041992,10.816490173339844,1.406095027923584,5.183624267578125,9.52713680267334,-9.185249328613281,-3.440432071685791,-5.01909065246582,unknown,unknown_random_0225.wav
0.08220388740301132,0.08300518782423902,1043.19635837018,1538.0,538.0,192968.05056176984,488897.25718055345,3620.139014988799,1438.5567198888093,-356.8355712890625,109.72968292236328,25.124427795410156,8.22041130065918,-9.387699127197266,-1.1918584108352661,-5.347439765930176,-21.181520462036133,-12.031414031982422,4.382146835327148,1.8398241996765137,6.446380615234375,-3.4561166763305664,unknown,unknown_random_0226.wav
0.038159146904945374,0.13263328958059878,829.3779935179051,1299.0,371.0,69254.5967941937,2865.319024204593,115.3398368163569,42.41457538850062,-408.7720642089844,82.38248443603516,33.29951477050781,22.478107452392578,11.144043922424316,2.4088423252105713,4.438395977020264,-6.145668983459473,-1.0872611999511719,3.5655219554901123,-4.863314628601074,-4.905714988708496,-5.471355438232422,unknown,unknown_random_0227.wav
0.05205308645963669,0.13469591849490592,1513.2925138448518,4044.0,373.0,92053.10246567224,3858.598521369736,161.84063876276144,334.20216772813404,-384.48272705078125,95.09576416015625,37.61712646484375,22.091827392578125,5.664804458618164,-3.000056028366089,2.631197214126587,-7.880585193634033,-6.184237957000732,-2.2091612815856934,-9.730308532714844,-3.3260157108306885,-5.939309120178223,unknown,unknown_random_0228.wav
0.043951719999313354,0.07237952372023251,1049.8274266643148,2281.0,206.0,170869.3098098467,2686.7914400569575,3128.234332507227,118.88141173347253,-414.6282958984375,85.43162536621094,21.05115509033203,36.71770477294922,19.4375,-4.005167484283447,-2.5687694549560547,-6.544225215911865,-9.918265342712402,-7.696272850036621,-7.101783752441406,-6.1463212966918945,-4.259922027587891,unknown,unknown_random_0229.wav
0.06374923884868622,0.1483217701106319,600.559126842428,717.0,262.0,250503.6678885974,38219.99465797172,44.34392267349093,24.714139869219053,-443.8035888671875,93.86954498291016,43.494606018066406,15.860533714294434,-13.170148849487305,-10.741682052612305,1.8999528884887695,-0.7153713703155518,-5.2119011878967285,-2.2930350303649902,-8.85677433013916,-7.459710121154785,-3.926213502883911,unknown,unknown_random_0230.wav
0.02859172783792019,0.1591349459341209,1404.9033218864336,3212.0,276.0,41937.586085474344,1440.2032000797453,830.2402582843965,204.29234458405273,-419.405029296875,59.265411376953125,27.338092803955078,25.562210083007812,13.46059799194336,9.353381156921387,0.4425327777862549,-5.332001686096191,-4.832509994506836,1.831984519958496,-3.2803826332092285,0.8449403047561646,1.414397954940796,unknown,unknown_random_0231.wav
0.041310492902994156,0.10056878554909682,720.9446775824484,868.0,347.0,99182.11748703131,4677.599718921277,37.47877832003827,21.428317833109393,-438.38690185546875,92.44475555419922,32.95805740356445,14.106527328491211,1.2537622451782227,5.951813697814941,12.001520156860352,5.432126045227051,-2.170760154724121,-2.024674892425537,-8.886117935180664,-8.166196823120117,-2.3975157737731934,unknown,unknown_random_0232.wav
0.036623746156692505,0.09063066441652604,1164.2115580504415,2030.0,206.0,64007.49147751982,44946.31278620952,7325.8718846786405,143.77402023836743,-398.284423828125,92.70182037353516,4.3530120849609375,13.31985092163086,8.498852729797363,1.5019150972366333,-0.7908511757850647,-3.641777992248535,-5.334910869598389,-3.11251163482666,-4.076098442077637,-6.277485370635986,-6.352741241455078,unknown,unknown_random_0233.wav
0.09372816234827042,0.09800612538283643,807.4564670126028,1007.0,606.0,122340.16030572809,660287.5142659822,565.6003044101965,400.55143891404725,-400.4249267578125,103.22543334960938,27.08738136291504,13.7472505569458,-8.665513038635254,-7.81911039352417,0.4349793791770935,-3.445298194885254,-0.4550858736038208,8.810967445373535,2.514077663421631,4.210866928100586,-1.5781282186508179,unknown,unknown_random_0234.wav
0.06822704523801804,0.08631789486842928,1201.2769881842019,2465.0,537.0,16179.463362020404,143515.53402193353,1393.160316384252,332.19716541639855,-392.5181884765625,83.26513671875,19.57283592224121,34.78891372680664,9.222782135009766,-0.7431219220161438,-5.461925029754639,-6.178571701049805,0.5283318758010864,-3.0465927124023438,-7.081275939941406,4.04249382019043,3.44144868850708,unknown,unknown_random_0235.wav
0.07487637549638748,0.1204450278142384,972.7956521669566,1103.0,553.0,31436.87710321645,244707.19468794612,135.83699564075974,230.7971117650527,-391.001220703125,93.83914184570312,19.097728729248047,9.898303985595703,-6.493907928466797,-5.194265365600586,0.9204050302505493,-6.668649673461914,0.2715383768081665,2.396913766860962,-2.3440980911254883,10.30491828918457,6.582081317901611,unknown,unknown_random_0236.wav
0.047307390719652176,0.11794487155447216,1260.1528760985675,2717.0,238.0,87753.59113157987,24152.910620979867,3800.866194603622,487.23125747544555,-319.74566650390625,102.81231689453125,13.39553451538086,29.586559295654297,-0.23870980739593506,-11.143417358398438,-9.501094818115234,-6.9557294845581055,8.098397254943848,12.285531044006348,-17.032291412353516,-5.156002998352051,-5.091769695281982,unknown,unknown_random_0237.wav
0.06348850578069687,0.09781861366335395,789.2933520001359,1431.0,410.0,407519.33602637524,4559.245272414909,1475.4139096077374,177.2712718425638,-412.56536865234375,89.29103088378906,31.434093475341797,34.07676696777344,8.658536911010742,-0.5367916822433472,3.769155979156494,-12.812492370605469,-11.064538955688477,-4.352609634399414,-16.8131103515625,-9.235410690307617,-5.470208644866943,unknown,unknown_random_0238.wav
0.03856882452964783,0.06969185574098381,968.058535321145,1603.0,300.0,29091.122347783632,1497.3232402020908,147.26472601889893,50.07216048080572,-383.77642822265625,115.73165893554688,31.898696899414062,24.05216407775879,0.42009562253952026,-5.484132766723633,-4.770353317260742,-15.282674789428711,-4.28493595123291,6.102139472961426,-6.198976516723633,-2.0656728744506836,-6.324563026428223,unknown,unknown_random_0239.wav
0.055093444883823395,0.07506719169948121,1209.50812144963,2719.0,229.0,241789.29512270106,4210.363863112451,4287.899888889009,810.68300102535,-376.37054443359375,91.09132385253906,19.449844360351562,45.388038635253906,16.80072784423828,1.0244868993759155,-4.421027660369873,-14.620628356933594,-9.967884063720703,-3.686934471130371,-14.33057689666748,0.3053829073905945,-1.8922951221466064,unknown,unknown_random_0240.wav
0.06155591458082199,0.1375710981936371,1260.22476422131,2434.0,344.0,142203.43767047397,52202.871424730656,4852.975360136379,415.049357390413,-345.16119384765625,88.92440795898438,18.6269588470459,31.439016342163086,20.39421844482422,0.27127397060394287,-5.8214111328125,-22.934680938720703,-9.382755279541016,-1.7787811756134033,-10.725465774536133,0.6946976780891418,-3.202924966812134,unknown,unknown_random_0241.wav
0.038084447383880615,0.08181761360085005,1183.6579647186538,2342.0,228.0,43923.3585817174,21682.693635115793,1532.1508258540357,206.5868501190921,-391.5438232421875,101.89596557617188,33.02806854248047,23.099634170532227,-2.6976547241210938,-8.044198989868164,-2.708202362060547,-0.5475243926048279,5.228799343109131,5.864320755004883,-6.341076850891113,-0.6627862453460693,-6.752918720245361,unknown,unknown_random_0242.wav
0.03542698919773102,0.125507844240265,1227.0101750283236,2289.0,206.0,75399.97470565888,16505.283409288684,1565.0167842713581,71.58162394214352,-400.71600341796875,82.67445373535156,21.324113845825195,21.873369216918945,15.848148345947266,2.452564239501953,3.4807286262512207,-0.5039374828338623,1.242172360420227,2.2498226165771484,0.5811818838119507,-6.536005020141602,-1.6511261463165283,unknown,unknown_random_0243.wav
0.05397734418511391,0.17501093818363647,1904.9482558068269,4861.0,335.0,121317.66251175679,6303.382783098918,1605.02552944221,2281.1970666898856,-395.24188232421875,64.17826843261719,25.914703369140625,22.882736206054688,16.405250549316406,10.335441589355469,-4.35257625579834,-8.896366119384766,0.8388475179672241,-3.5572619438171387,-7.294901371002197,-1.247422218322754,-4.942230224609375,unknown,unknown_random_0244.wav
0.04818055033683777,0.08063003937746109,975.4624165031503,2140.0,380.0,129721.31109058834,15326.902457448676,4008.306643021846,130.33874893766105,-400.04449462890625,89.26964569091797,14.194265365600586,26.65666389465332,8.044342994689941,-4.365739345550537,1.0221998691558838,-8.254190444946289,-11.883761405944824,-5.718406677246094,-4.828696250915527,-8.012630462646484,-6.110050678253174,unknown,unknown_random_0245.wav
0.03761966899037361,0.1305081567597975,2055.4111126932457,5372.0,228.0,48920.79157935246,45060.80333465125,2182.266456789138,821.1865701781021,-368.6158752441406,90.28921508789062,0.6958646774291992,1.8789148330688477,7.641335964202881,3.9692277908325195,1.3554933071136475,-3.734323024749756,-2.0353875160217285,-1.3593930006027222,1.2832715511322021,-10.714930534362793,-9.809652328491211,unknown,unknown_random_0246.wav
0.020165374502539635,0.10325645352834552,1220.4719252132347,2384.0,268.0,19349.62352781149,684.5396799102406,530.6428541133472,30.133778531617068,-448.89666748046875,69.4649887084961,23.42667007446289,27.554059982299805,18.840648651123047,7.696353912353516,1.128114938735962,-0.4383644461631775,-3.662271499633789,-1.653933048248291,-2.8281521797180176,1.0624241828918457,0.8475431203842163,unknown,unknown_random_0247.wav
0.023417729884386063,0.16426026626664167,1192.680591885519,2127.0,201.0,24923.389032456715,11753.886772959688,360.7939028444672,75.87179757434672,-443.7279052734375,73.300048828125,16.750383377075195,10.399240493774414,0.4046840965747833,11.611452102661133,12.257572174072266,5.5004472732543945,1.3782494068145752,-1.794835090637207,-4.418307304382324,-2.4968934059143066,-6.275881767272949,unknown,unknown_random_0248.wav
0.027670780196785927,0.1146321645102819,893.3790001929095,970.0,548.0,14814.963545684868,18091.98494510784,23.45806517868276,19.812227298876934,-425.19976806640625,87.36936950683594,32.74999237060547,8.470430374145508,-3.66343355178833,-0.8662049770355225,-0.22505459189414978,6.367626190185547,3.987264394760132,4.031292915344238,2.050175905227661,3.6463236808776855,-0.15342921018600464,unknown,unknown_random_0249.wav
0.01006548386067152,0.1562597662353897,2888.1595078818923,6564.0,50.0,3127.628729033796,475.9087686686379,91.67405331638031,154.21163501225539,-448.8907470703125,54.37512969970703,24.192428588867188,16.977628707885742,13.496278762817383,12.11412239074707,9.879312515258789,7.37578010559082,2.8452200889587402,3.871980905532837,-1.918620228767395,3.361055850982666,2.0505728721618652,unknown,unknown_random_0250.wav
0.04874275252223015,0.1986374148384274,1865.6498798892844,4492.0,262.0,188637.22969244627,4443.572205258837,668.7338435450956,1898.5746376967488,-395.6377868652344,68.45519256591797,29.127674102783203,28.702800750732422,5.232545852661133,1.5603868961334229,3.1819217205047607,-13.132451057434082,-1.0777626037597656,-7.939754962921143,-15.216229438781738,-6.936553955078125,-0.9435447454452515,unknown,unknown_random_0251.wav
0.06841366738080978,0.2257016063503969,2578.260826594674,6316.0,268.0,134388.2239489343,8012.228327332539,4844.659670436933,4399.8262897621735,-318.7190856933594,59.64805603027344,24.679473876953125,23.96800994873047,11.669107437133789,-1.6351138353347778,-6.541823863983154,-15.273088455200195,-6.965795040130615,-2.1482925415039062,-16.859455108642578,5.471490383148193,-1.5888034105300903,unknown,unknown_random_0252.wav
0.07065725326538086,0.09906869179323707,836.6968812352296,992.0,500.0,156987.84371671226,69544.85724162048,117.20387978130958,289.41500344172044,-425.16864013671875,87.8903579711914,30.58319854736328,15.194849014282227,-4.962743282318115,-2.725189208984375,0.893053412437439,-2.230687379837036,-1.5025362968444824,1.4315924644470215,-3.6000823974609375,6.786713600158691,-1.0762771368026733,unknown,unknown_random_0253.wav
0.05237598717212677,0.07025439089943121,1322.4428583495362,3138.0,314.0,13544.313795008515,249.8849982048378,94.93846423024029,49.2429186109168,-392.705322265625,89.00364685058594,35.68011474609375,30.10920524597168,5.610838890075684,5.601290702819824,-1.0599520206451416,-4.793395042419434,-8.880829811096191,-0.9132393002510071,-7.986903667449951,-3.9215991497039795,-9.848787307739258,unknown,unknown_random_0254.wav
0.006823380943387747,0.10844427776736046,1920.5046773422794,4315.0,50.0,993.1827320591505,446.7391685926448,73.47261314817843,24.86451761764443,-438.314697265625,76.12992858886719,15.201038360595703,11.945486068725586,9.845317840576172,9.184883117675781,2.6787619590759277,-0.4249117970466614,-1.7444380521774292,1.8062431812286377,-0.9792355298995972,0.43105390667915344,1.570007085800171,unknown,unknown_random_0255.wav
0.042681071907281876,0.12088255515969748,821.8992349458842,929.0,548.0,71318.65980857515,111166.76403697465,119.79636601971677,72.02183232968841,-402.46771240234375,90.65165710449219,38.08489227294922,15.624127388000488,-4.501955509185791,-4.151604652404785,-0.49630939960479736,-0.136652410030365,-3.7664971351623535,3.0879979133605957,-0.7458407878875732,2.3045449256896973,-6.632634162902832,unknown,unknown_random_0256.wav
0.08744990825653076,0.11950746921682605,657.9760463332448,911.0,408.0,728809.5963992425,29001.42653634167,254.14301584175473,117.95156702246526,-404.92218017578125,106.81515502929688,35.60253143310547,9.205221176147461,-9.457808494567871,0.907988429069519,7.986507892608643,-9.71322250366211,-11.862900733947754,-9.594124794006348,-16.569759368896484,-5.900079727172852,-7.251311302185059,unknown,unknown_random_0257.wav
0.0712757483124733,0.16063503968998064,833.6999232958176,980.0,306.0,216284.37838879373,173736.0791071384,409.38344862645425,180.10107128744409,-341.2041320800781,111.10978698730469,46.870262145996094,8.60502815246582,-21.771055221557617,-8.375325202941895,-0.9566621780395508,-6.582629680633545,-7.4082841873168945,7.690759658813477,-2.6620969772338867,1.3688855171203613,-4.125411510467529,unknown,unknown_random_0258.wav
0.0312163345515728,0.10794424651540721,1485.358951818484,2985.0,535.0,3066.072845290258,17304.12738765348,643.4050198074237,332.3688464349176,-360.036865234375,106.95062255859375,0.655250608921051,7.1729912757873535,-10.56264877319336,-9.946224212646484,9.011372566223145,-3.5318548679351807,2.646718978881836,14.039308547973633,1.132583498954773,4.074342727661133,-5.324503421783447,unknown,unknown_random_0259.wav
0.06596997380256653,0.11269454340896307,1113.2515510464714,1800.0,587.0,44848.58742928194,48988.4577122641,8875.563178741118,171.5572965874669,-336.78155517578125,114.05078887939453,20.71414566040039,13.054936408996582,9.764753341674805,-12.803914070129395,-19.89964485168457,-6.130765914916992,0.362005352973938,4.567300796508789,-0.8577476739883423,4.394494533538818,-8.420510292053223,unknown,unknown_random_0260.wav
0.03223608061671257,0.12463278954934684,1060.686240687293,1747.0,205.0,36926.04470914799,31178.514761491162,953.1934085259066,60.90045820869436,-430.0067443847656,80.89901733398438,17.303556442260742,13.44215202331543,0.6010317802429199,3.480375289916992,7.790304660797119,3.580437183380127,-2.3719003200531006,-0.8021467328071594,-7.861719131469727,-2.194159746170044,-3.497344970703125,unknown,unknown_random_0261.wav
0.024879423901438713,0.21245077817363586,2822.4543031553194,6973.0,228.0,29185.843912775395,62.37265271695695,351.4494250842381,356.9964717040131,-431.9261779785156,39.011817932128906,32.72447204589844,22.53269386291504,14.506664276123047,1.3576021194458008,-0.4169585108757019,-6.345265865325928,-3.822568893432617,-10.860931396484375,1.1893810033798218,-7.2322096824646,-3.6242852210998535,unknown,unknown_random_0262.wav
0.07366161793470383,0.04919057441090068,789.9905591909264,1561.0,138.0,491800.32341418596,15603.596484952963,6452.747253124497,97.29305476667952,-382.0230712890625,111.33534240722656,15.315790176391602,33.4398078918457,25.65673065185547,2.0292959213256836,-0.35931283235549927,-3.849374294281006,-6.510091781616211,-2.877220630645752,-6.26780891418457,-10.133365631103516,-7.2711591720581055,unknown,unknown_random_0263.wav
0.056422583758831024,0.10744421526345396,1952.7216238604412,5237.0,370.0,91387.92101092599,15200.185536425985,2520.7023959160792,1199.67939513999,-322.5089416503906,111.83378601074219,18.730146408081055,19.726106643676758,13.461929321289062,-5.374084949493408,-14.825966835021973,-7.701761722564697,-4.703845024108887,-0.6884140968322754,-8.573814392089844,0.6629570126533508,-6.009309768676758,unknown,unknown_random_0264.wav
0.0953458696603775,0.08313019563722733,989.9775507685382,1550.0,559.0,142137.3197624418,371231.767110567,5238.926428859932,651.1721754936877,-313.6357421875,124.20948028564453,-0.2919270992279053,3.727653980255127,-10.582523345947266,-6.530159950256348,-6.9972944259643555,-5.990907669067383,-4.898848056793213,1.9111287593841553,1.0065799951553345,10.684814453125,-7.805314064025879,unknown,unknown_random_0265.wav
0.03232923150062561,0.09263078942433903,1107.9198422647787,2363.0,105.0,54792.7591602209,5218.34736879928,1417.6549088905301,155.47466891656921,-395.14569091796875,89.89848327636719,15.819287300109863,24.22134780883789,11.440912246704102,5.063091278076172,5.259888172149658,-7.360520839691162,-9.419052124023438,2.1748781204223633,-8.579680442810059,1.3483384847640991,3.4135823249816895,unknown,unknown_random_0266.wav
0.036444611847400665,0.17944871554472155,1039.5317461231186,2337.0,348.0,99278.76452669312,1475.7924778460597,478.55272066601003,102.79893647073908,-430.7834167480469,67.45175170898438,24.359577178955078,23.08694076538086,7.045191764831543,3.676016330718994,1.9975472688674927,-6.681892395019531,-5.524509429931641,-3.0392394065856934,-8.198558807373047,-6.696249008178711,-3.556785821914673,unknown,unknown_random_0267.wav
0.055762793868780136,0.11706981686355397,957.3040932189674,1260.0,609.0,135046.89853911876,144222.09607180295,1588.089014779529,333.62347748493033,-356.423828125,104.10627746582031,15.760004043579102,15.170461654663086,-1.2487199306488037,-2.2403292655944824,-0.8228695392608643,-9.80745792388916,-8.418168067932129,-3.1189327239990234,-4.481509208679199,10.98288345336914,4.040398597717285,unknown,unknown_random_0268.wav
0.0482628159224987,0.07369210575660978,927.5560936296633,1931.0,133.0,215997.77230516655,12512.231106427947,4429.153798682032,144.33187523002667,-393.80572509765625,91.64920043945312,12.624720573425293,35.64336013793945,17.17259979248047,-5.339972496032715,-7.041123390197754,-7.228184223175049,-3.89406156539917,-1.1316068172454834,-4.2518110275268555,-5.7174787521362305,-3.192091226577759,unknown,unknown_random_0269.wav
0.0230617206543684,0.1440715044690293,2216.2253297618554,5822.0,206.0,14695.49199844492,4096.513648550951,208.29136664312642,468.7538346178163,-378.86737060546875,80.49699401855469,30.6795711517334,28.14309310913086,15.281761169433594,0.2561708092689514,-4.840714454650879,-6.879390716552734,5.837717056274414,7.180193901062012,-7.99341344833374,-10.577604293823242,-12.453089714050293,unknown,unknown_random_0270.wav
0.018956061452627182,0.16601037564847804,2634.2548376621617,6516.0,122.0,21247.012538879717,347.79360529026263,513.0467234670039,449.059877674415,-442.8901062011719,56.151832580566406,30.502948760986328,23.338356018066406,18.55588150024414,7.81722354888916,8.357261657714844,5.219658851623535,-3.9873428344726562,0.08560585975646973,-3.8148300647735596,2.6669042110443115,-0.9400116205215454,unknown,unknown_random_0271.wav
0.07724583148956299,0.10631914494655915,657.3295775919966,952.0,135.0,570649.0822926746,28582.50668119073,930.0243395848894,64.9438250758943,-408.6461181640625,101.62062072753906,21.776100158691406,22.148902893066406,10.272699356079102,1.0468339920043945,0.2663973569869995,-9.781514167785645,-11.374244689941406,-6.8332719802856445,-16.970205307006836,-12.089166641235352,-6.207553863525391,unknown,unknown_random_0272.wav
0.03355606272816658,0.12175760985061566,951.0128561351783,1761.0,237.0,49505.400616869636,2101.8583587853977,213.52206895460233,57.756284950409025,-420.22247314453125,77.21382141113281,23.089221954345703,28.36348533630371,16.565168380737305,6.8719940185546875,3.7745094299316406,-5.337567329406738,-6.814078330993652,1.1146146059036255,-2.8886141777038574,-1.2231457233428955,-3.644570827484131,unknown,unknown_random_0273.wav
0.039560675621032715,0.06575410963185199,929.5944952132755,1397.0,344.0,101879.87168754512,9644.522402419489,110.20219190618127,58.89175644687404,-407.59710693359375,81.88014221191406,36.69464111328125,29.804948806762695,21.28626251220703,8.919734954833984,0.14376872777938843,-8.507546424865723,-0.22043836116790771,8.99691390991211,-8.58620834350586,-2.137472629547119,-7.389962196350098,unknown,unknown_random_0274.wav
0.042903296649456024,0.15338458653665854,1549.4340202877909,3395.0,411.0,100180.02916821945,9677.213358733496,2180.8166541595047,239.27479816037453,-378.55035400390625,85.31935119628906,24.457841873168945,20.881145477294922,12.072747230529785,-11.548943519592285,-5.921889305114746,-14.97018814086914,-4.906691551208496,-4.051216125488281,-4.725615501403809,-12.311920166015625,-2.8109214305877686,unknown,unknown_random_0275.wav
0.05574225261807442,0.07419213700856303,774.8233772249129,1400.0,229.0,264403.1922604883,9087.05440631924,1198.4196128895794,46.46866881197833,-417.329345703125,93.68618774414062,23.047760009765625,16.673263549804688,9.846663475036621,2.863919258117676,0.12390291690826416,-7.28637170791626,-7.313514232635498,-0.5001411437988281,-7.27847957611084,-10.194690704345703,-6.311176776885986,unknown,unknown_random_0276.wav
0.054163068532943726,0.07644227764235265,1178.5761555335516,2216.0,207.0,58415.575899845135,6489.493796705447,1849.1417955652678,89.07757947459575,-366.50250244140625,103.56285095214844,21.499156951904297,26.756223678588867,9.179616928100586,-1.2769402265548706,-0.9009809494018555,0.9220331311225891,0.701136589050293,-2.8068485260009766,-12.888662338256836,-4.798171043395996,-6.164646625518799,unknown,unknown_random_0277.wav
0.04607192426919937,0.07544221513844615,1161.8330123522744,1706.0,289.0,32333.209290710154,54166.35337440996,3202.1511960503776,167.45332786888508,-356.4779052734375,118.72999572753906,10.074605941772461,17.156280517578125,14.825220108032227,0.9262824058532715,-5.608731269836426,-8.828435897827148,-5.60082483291626,-0.1813507080078125,-11.352161407470703,0.6837587356567383,-2.110565662384033,unknown,unknown_random_0278.wav
0.06792142987251282,0.08456778548659291,1116.8371743671203,2464.0,319.0,471673.981016889,2804.0986291461795,3632.371725560997,473.25337748511964,-379.5289611816406,86.99253845214844,20.84660530090332,38.971534729003906,24.690624237060547,7.484519004821777,11.839434623718262,-7.962406635284424,-9.741203308105469,-6.491375923156738,-13.868513107299805,-11.852354049682617,-13.870565414428711,unknown,unknown_random_0279.wav
0.03825226426124573,0.15269704356522282,2358.778826495357,6132.0,513.0,38608.28132513493,75571.09813585658,1219.407217599142,3384.4174990937818,-371.62408447265625,79.32598114013672,26.95380401611328,17.943801879882812,2.551100015640259,4.337826728820801,1.1857671737670898,-7.974359512329102,4.437623500823975,7.593531608581543,-4.8256378173828125,5.04356050491333,-3.395686149597168,unknown,unknown_random_0280.wav
0.04805639758706093,0.139133695855991,1855.7524031458645,5035.0,337.0,65948.10973208891,3949.402345028756,1983.2005505883092,473.71317402566893,-380.71844482421875,79.31581115722656,16.61639976501465,23.8712158203125,19.421985626220703,1.1452032327651978,-6.30674934387207,-5.501696586608887,-9.61292839050293,-5.48076057434082,-7.7508673667907715,1.3816626071929932,3.148904323577881,unknown,unknown_random_0281.wav
0.04326136037707329,0.21313832114507156,3055.7556458837894,6497.0,337.0,65168.55643003318,1292.1660522516527,943.2251818485956,2844.8594945217574,-372.9523620605469,56.31471252441406,27.232799530029297,36.59077835083008,15.896516799926758,-0.20981654524803162,-9.978964805603027,-6.697732448577881,-2.722500801086426,-7.330682754516602,-7.847503185272217,5.33960485458374,-1.2816762924194336,unknown,unknown_random_0282.wav
0.0334433950483799,0.18988686792924558,1128.4472936910522,1409.0,205.0,39595.057570107914,22180.093499585906,120.92536012628136,108.70169731243018,-422.84271240234375,70.11609649658203,28.336402893066406,7.706626892089844,-5.112775802612305,9.355793952941895,9.218114852905273,-7.060391902923584,-2.276625156402588,-3.5337634086608887,-5.037708759307861,-1.4138343334197998,-4.893733978271484,unknown,unknown_random_0283.wav
0.05265224725008011,0.07306706669166822,819.3400901581458,887.0,358.0,189507.0282486466,64655.28270233215,59.779964335485005,75.17724391397633,-396.82769775390625,116.31505584716797,37.612876892089844,5.505359649658203,-8.63664722442627,-5.627536773681641,4.110774993896484,1.9287269115447998,1.2690484523773193,-0.33095210790634155,-7.121081352233887,-0.8588812947273254,-4.034144878387451,unknown,unknown_random_0284.wav
0.03453568369150162,0.0780673792112007,990.9375810623146,2341.0,290.0,62762.9397170822,130.66291882621192,341.9381629538625,106.02229135854336,-404.8230895996094,84.56770324707031,22.579919815063477,41.81694030761719,22.22338104248047,1.0109407901763916,-5.135566234588623,-4.642819404602051,1.3418400287628174,-1.59751296043396,-11.229167938232422,-2.9547853469848633,-8.695194244384766,unknown,unknown_random_0285.wav
0.05368998646736145,0.09763110194387149,1140.9361353850227,2378.0,336.0,174245.8766217116,51991.28611420916,4655.074270610662,644.4151039096948,-353.64117431640625,101.06216430664062,12.717103004455566,33.373077392578125,12.126506805419922,-9.205304145812988,-7.441012382507324,-14.105497360229492,-7.592103004455566,2.3425674438476562,-8.945239067077637,1.269174575805664,-2.0687754154205322,unknown,unknown_random_0286.wav
0.049119602888822556,0.08800550034377148,1025.0478792584893,1329.0,517.0,13232.307302133995,12729.633982568064,47.39741781471436,33.39783976993829,-403.2459411621094,100.6761474609375,20.884933471679688,14.638993263244629,0.11962693929672241,-1.5481584072113037,2.3218815326690674,-6.931197643280029,-8.146425247192383,0.07635223865509033,-0.9483984708786011,2.1506035327911377,0.8952533602714539,unknown,unknown_random_0287.wav
0.05895679444074631,0.07300456278517407,956.7992711775961,1400.0,229.0,183989.17508947916,128057.03553810257,3087.168833722064,65.92385232172148,-366.1901550292969,118.74372863769531,0.6774730682373047,1.0975896120071411,5.658900260925293,5.906639099121094,12.001866340637207,0.8648666143417358,-2.9721901416778564,5.6415839195251465,0.8156255483627319,-12.274959564208984,-9.980415344238281,unknown,unknown_random_0288.wav
0.037805162370204926,0.11400712544534033,1204.5246277773995,2230.0,536.0,16969.627460806016,10386.053665343205,2561.6988049030906,139.34792247314553,-381.69073486328125,86.21701049804688,11.614038467407227,20.048458099365234,10.810327529907227,-2.671147108078003,-1.6862181425094604,-1.017374873161316,1.1818339824676514,0.6023052334785461,-6.848143100738525,1.0301053524017334,-1.2229588031768799,unknown,unknown_random_0289.wav
0.03079114854335785,0.16857303581473843,982.3104353536671,2032.0,206.0,51851.58861109811,3777.707874246732,171.56705198158517,40.943131105317406,-458.8929138183594,63.49439239501953,28.049087524414062,29.247623443603516,9.70508098602295,4.696416854858398,2.0700631141662598,-2.7279467582702637,-4.63081169128418,-1.9429901838302612,-7.452876567840576,-4.092884540557861,-2.1148712635040283,unknown,unknown_random_0290.wav
0.04696113243699074,0.15257203575223452,2070.1832094826477,5205.0,444.0,93662.0888806521,57747.4927540945,7629.758915634743,3297.731951478876,-380.1713562011719,80.9654541015625,19.483442306518555,15.034883499145508,3.273850679397583,-1.3989698886871338,-8.193243026733398,-5.60927677154541,-6.222771167755127,-1.4890254735946655,0.3663191497325897,6.648372173309326,-0.39341282844543457,unknown,unknown_random_0291.wav
0.04319439083337784,0.21757609850615664,1124.697124742677,2493.0,381.0,195033.131169365,11740.896076775221,3148.6124888100403,316.5601068963348,-393.7238464355469,71.53044891357422,9.429695129394531,19.493297576904297,-1.737106442451477,-4.949407577514648,1.8806984424591064,-6.399938583374023,-6.2564849853515625,-4.278501987457275,-5.656566143035889,-1.2156002521514893,-3.695979118347168,unknown,unknown_random_0292.wav
0.03712844476103783,0.14132133258328647,1264.111097759137,2518.0,229.0,73844.64950412275,10189.884433690368,4704.4168636754075,125.3634548517655,-399.34881591796875,84.06173706054688,18.692689895629883,20.27378273010254,11.408632278442383,-3.5837931632995605,-2.818572759628296,-9.698809623718262,-8.975557327270508,-5.52346134185791,-5.248705863952637,-5.303030967712402,-2.440978527069092,unknown,unknown_random_0293.wav
0.07746344059705734,0.10675667229201825,1064.460296487647,1357.0,534.0,30280.70804612576,272998.9642811257,1524.0358383516732,795.6884140637742,-331.2818603515625,116.48257446289062,7.041625022888184,4.916352272033691,-20.202470779418945,-8.517980575561523,1.4375393390655518,-7.9444732666015625,-0.6794981956481934,1.8739089965820312,-0.938770055770874,11.65609359741211,-1.7644257545471191,unknown,unknown_random_0294.wav
0.05550943315029144,0.13650853178323646,2063.6924275988326,5887.0,207.0,151710.13035780616,2470.549019917515,635.1489468866674,1531.9044095701383,-374.38134765625,76.68020629882812,24.27016830444336,25.253238677978516,17.077186584472656,-2.2894110679626465,3.1593873500823975,0.9458339214324951,4.491042137145996,-6.325505256652832,-11.138813018798828,-2.408705711364746,-6.904723644256592,unknown,unknown_random_0295.wav
0.04990352690219879,0.16188511781986376,1316.0008196734923,2826.0,136.0,142233.95319497644,96217.13664880965,1078.9171184640697,2335.125727137041,-390.20965576171875,84.68133544921875,21.818862915039062,14.660543441772461,-7.6097822189331055,1.6167129278182983,7.778603553771973,-6.278564453125,-3.7693893909454346,-7.043362617492676,-9.147342681884766,-2.3018834590911865,-4.6159563064575195,unknown,unknown_random_0296.wav
0.041151486337184906,0.10694418401150071,757.3739049659216,1061.0,429.0,114179.29210453018,42932.2544258093,112.91329014079733,48.43973197917688,-422.31622314453125,98.59541320800781,33.56929016113281,11.945622444152832,-2.8413450717926025,2.637307643890381,4.212637424468994,-4.375704765319824,-5.962769508361816,-7.677646636962891,-11.64937973022461,-3.756725788116455,-1.5071289539337158,unknown,unknown_random_0297.wav
0.042777594178915024,0.15919744984061504,771.6779987236124,1312.0,262.0,162576.94480739985,7229.188090018066,776.0081900321427,61.67466906953696,-439.31103515625,76.86874389648438,21.515182495117188,23.186988830566406,9.312841415405273,5.597033977508545,4.827399730682373,-4.49774169921875,-7.1689300537109375,-3.7651305198669434,-9.545960426330566,-5.43863582611084,-1.5951899290084839,unknown,unknown_random_0298.wav
0.05422217771410942,0.06837927370460654,1154.1994177388901,2662.0,500.0,122420.38512759391,29554.46619333206,2016.4936783473297,784.1936596705102,-362.4823913574219,94.383544921875,20.753219604492188,51.60873031616211,8.987412452697754,-8.486015319824219,-10.894771575927734,-21.555870056152344,-7.087800025939941,-0.6441675424575806,-13.328804016113281,6.106005668640137,-0.8683200478553772,unknown,unknown_random_0299.wav
0.02525387518107891,0.12175760985061566,1342.3509147976556,2792.0,207.0,34116.22250904648,898.5325950448001,355.3938151811156,52.53016536560534,-427.96392822265625,72.49984741210938,33.88798141479492,30.824451446533203,21.362449645996094,4.7956342697143555,-2.024675130844116,0.05783715844154358,-0.08251485228538513,-0.24184966087341309,-2.2652859687805176,-1.4632766246795654,1.8194453716278076,unknown,unknown_random_0300.wav
0.003884265199303627,0.10281892618288643,2754.9314485409955,6072.0,36.0,935.2994576692219,15.568991112376446,10.842285252614424,17.363997530012686,-493.856201171875,44.379554748535156,26.43393325805664,21.485443115234375,15.787114143371582,13.121768951416016,9.599527359008789,10.36866569519043,7.494250774383545,7.654935359954834,3.6553196907043457,3.0846457481384277,-0.9476219415664673,unknown,unknown_stilhed_0001.wav
0.004163186997175217,0.09069316832302018,2710.5389352242264,6035.0,29.0,905.3008846239628,14.376807754931772,11.182772695263147,16.50627158427615,-493.369140625,44.86644744873047,26.75115203857422,24.165225982666016,17.75287628173828,14.109710693359375,12.021615028381348,12.924617767333984,8.903806686401367,7.582417964935303,3.077956199645996,2.421621799468994,-0.8875725269317627,unknown,unknown_stilhed_0002.wav
0.002510396298021078,0.16163510219388713,3099.0063028441214,6285.0,50.0,274.4251694871019,13.185046344695783,10.75378622551551,16.242751604827802,-498.7064208984375,39.965240478515625,23.70168113708496,19.876541137695312,13.797680854797363,11.304381370544434,8.7482271194458,10.008203506469727,7.003220558166504,5.739113807678223,1.2597113847732544,0.451386958360672,-2.4483120441436768,unknown,unknown_stilhed_0003.wav
0.002617570338770747,0.15475967247952996,3121.31292766719,6301.0,50.0,250.305525012482,12.589000665602377,10.94748861761653,16.844185228651696,-496.8880615234375,41.08946990966797,24.297948837280273,19.099109649658203,14.955284118652344,11.832839965820312,8.276050567626953,8.43149471282959,5.827013969421387,6.463534355163574,3.371323585510254,1.0717380046844482,-3.5354132652282715,unknown,unknown_stilhed_0004.wav
0.003042515367269516,0.13463341458841177,2918.052116568382,6165.0,50.0,357.6742409599191,13.432894008560341,10.185413895195746,16.980173186586313,-493.1825256347656,43.585853576660156,26.295454025268555,23.218585968017578,14.92656421661377,11.545856475830078,10.082283020019531,9.339703559875488,6.790126800537109,7.608757019042969,2.3259997367858887,0.7302577495574951,-2.338636875152588,unknown,unknown_stilhed_0005.wav
0.0035357598681002855,0.15213450840677542,2654.1217614489924,5905.0,50.0,472.5221445570693,19.62830462157472,15.626164022886556,20.07531510937339,-472.9060974121094,46.54627227783203,21.77553939819336,28.49995994567871,13.953227043151855,9.858320236206055,9.296496391296387,5.519106864929199,3.2302544116973877,4.111069679260254,-0.3612188696861267,0.1512957513332367,-1.9019591808319092,unknown,unknown_stilhed_0006.wav
0.0028357200790196657,0.1513219576223514,2693.714345338963,5901.0,50.0,338.43261865563807,39.37947655729829,18.59151248438869,17.93886760815077,-485.8543395996094,46.270423889160156,22.245365142822266,20.90285873413086,13.675480842590332,10.147126197814941,8.120676040649414,7.579934597015381,3.6086857318878174,2.5668535232543945,1.3903872966766357,2.0498385429382324,-1.2584309577941895,unknown,unknown_stilhed_0007.wav
0.003079113317653537,0.15013438339896243,2857.4979753289317,6035.0,50.0,353.80948292364343,22.066719427512485,16.803342156121655,22.124125573576563,-479.5911865234375,48.112518310546875,22.197181701660156,19.966812133789062,16.36478042602539,14.249116897583008,6.4501752853393555,8.030186653137207,7.061102390289307,4.732558727264404,0.980007529258728,0.6076536178588867,-3.052150249481201,unknown,unknown_stilhed_0008.wav
0.0024571456015110016,0.16319769985624102,3103.7718285284946,6255.0,50.0,243.2807009167373,13.811917853977024,11.177625542200833,16.7318215166555,-498.5998840332031,40.11597442626953,23.906719207763672,19.672746658325195,12.991559982299805,11.631650924682617,8.577739715576172,8.236824035644531,5.354244232177734,7.117837429046631,2.728335380554199,0.20362314581871033,-3.4043829441070557,unknown,unknown_stilhed_0009.wav
0.022008171305060387,0.08725545346584161,1445.6828727911966,3314.0,170.0,12124.76629255655,833.2860126611054,140.73257033670134,85.90771340865328,-378.7318420410156,98.07235717773438,22.181711196899414,32.71467971801758,10.055132865905762,-6.55344820022583,-17.38205337524414,-16.701091766357422,-7.6569671630859375,-1.8716144561767578,-4.822413921356201,1.89752197265625,-3.26066517829895,unknown,unknown_stilhed_0010.wav
0.0032768775708973408,0.13450840677542347,2420.251871047255,5444.0,50.0,538.3146427439832,62.40722292881253,40.541510365283315,21.117301088082545,-475.5927734375,51.64051055908203,17.331756591796875,19.156940460205078,11.820919036865234,7.488654136657715,9.188879013061523,9.473897933959961,4.807806968688965,8.15706729888916,5.124835968017578,2.450018882751465,0.7073138952255249,unknown,unknown_stilhed_0011.wav
0.00416896678507328,0.11250703168948059,2443.9086194943266,5822.0,157.0,1269.6707896128382,14.61873193388169,11.326986845888882,16.938735491516734,-491.7547912597656,49.049560546875,33.508094787597656,27.654165267944336,18.818204879760742,16.138202667236328,12.812052726745605,12.755006790161133,8.208114624023438,4.782977104187012,1.5167713165283203,0.32716143131256104,-1.813124179840088,unknown,unknown_stilhed_0012.wav
0.002604435430839658,0.15694730920682542,3029.6553010271464,6228.0,50.0,293.65467279503673,14.200119055504214,10.646555552722361,16.113604035285263,-496.1614685058594,43.22972869873047,25.207172393798828,20.510530471801758,14.484823226928711,10.946878433227539,8.113439559936523,8.485332489013672,4.849496364593506,5.470673084259033,0.9691280126571655,0.22621341049671173,-3.1387786865234375,unknown,unknown_stilhed_0013.wav
0.0026351502165198326,0.14569660603787737,3007.1023950630947,6246.0,50.0,301.37082307870924,15.278138494138918,10.99664138057349,15.741423206750172,-495.2103576660156,43.443382263183594,24.773944854736328,19.03148078918457,13.684379577636719,11.433046340942383,8.64916706085205,8.116220474243164,5.950589179992676,4.807840347290039,0.8901244401931763,0.49623608589172363,-0.9801857471466064,unknown,unknown_stilhed_0014.wav
0.004604673013091087,0.12232014500906306,2620.646784812397,5968.0,155.0,840.0579460246912,13.436996857993813,10.586554441797169,16.71293056834561,-494.46099853515625,46.80801010131836,29.929616928100586,24.35321807861328,17.162952423095703,13.37195110321045,8.644102096557617,9.323092460632324,7.231310844421387,5.396511077880859,0.8545042872428894,0.7154306173324585,-2.0125787258148193,unknown,unknown_stilhed_0015.wav
0.004304675851017237,0.08725545346584161,2791.2811422821155,6110.0,35.0,989.3368286646011,14.858184579278145,10.92398584516857,16.73693168400499,-493.6572265625,44.8192024230957,28.58043670654297,23.186758041381836,16.537935256958008,13.026285171508789,10.926146507263184,10.989492416381836,8.091838836669922,8.300758361816406,5.352436542510986,2.9269185066223145,-1.9653205871582031,unknown,unknown_stilhed_0016.wav
0.02895272709429264,0.10519407462966436,1421.6337457458628,2690.0,446.0,15081.293795765738,1615.3263562597558,939.8849876380797,53.37977500181682,-372.4246826171875,92.2458267211914,26.150306701660156,19.131481170654297,7.9791765213012695,-0.2939913868904114,-6.67305850982666,-5.657243728637695,-6.706195831298828,-4.191967010498047,-1.9348798990249634,1.689941644668579,-4.3226704597473145,unknown,unknown_stilhed_0017.wav
0.0025939757470041513,0.15438464904056504,3089.747252936085,6309.0,50.0,274.6383929441464,15.235169954587546,10.611991598558898,16.07980354917665,-497.671875,41.84169006347656,24.535545349121094,19.379304885864258,13.131475448608398,10.298247337341309,7.059122085571289,7.705435276031494,5.822587013244629,5.42030143737793,1.0520598888397217,0.7911204695701599,-3.399405002593994,unknown,unknown_stilhed_0018.wav
0.0027586540672928095,0.1562597662353897,2952.6790929150243,6182.0,50.0,392.4609517817336,14.98654326436048,11.972648787263871,16.42650255775765,-495.5761413574219,43.31163787841797,24.244449615478516,20.050151824951172,13.580682754516602,9.938253402709961,9.066831588745117,10.02904224395752,5.510960578918457,5.343211650848389,1.6724886894226074,1.4723318815231323,-1.3591034412384033,unknown,unknown_stilhed_0019.wav
0.004179635085165501,0.10025626601662604,2715.635550227765,6044.0,50.0,626.0042541424395,14.455832575289657,12.066862765006743,16.797985119286245,-494.79052734375,44.09479904174805,26.342121124267578,23.221569061279297,15.42117691040039,12.241378784179688,10.737693786621094,10.41716194152832,6.464633941650391,6.674631118774414,3.4202041625976562,2.468837022781372,-2.512855052947998,unknown,unknown_stilhed_0020.wav
0.002662454266101122,0.15857241077567347,2978.250101990547,6092.0,50.0,269.5986164575051,18.012547697433575,13.108707640788968,18.237057576094358,-489.92095947265625,43.602699279785156,20.148576736450195,19.68829917907715,13.961995124816895,10.468727111816406,7.642767906188965,9.499289512634277,5.262032508850098,5.971590995788574,1.0742323398590088,0.7019233703613281,-2.446310043334961,unknown,unknown_stilhed_0021.wav
0.0026512988843023777,0.1518844927807988,3045.967219507254,6264.0,50.0,299.1203365159692,13.422749717883978,10.289215646919367,15.95412876857932,-497.259765625,42.009002685546875,25.82799530029297,20.84062957763672,14.079568862915039,11.343698501586914,7.680726051330566,8.65771770477295,6.522745609283447,5.251253604888916,2.1081442832946777,2.983675003051758,-0.5413860082626343,unknown,unknown_stilhed_0022.wav
0.0037276085931807756,0.15282205137821114,2943.8014558930545,6103.0,50.0,297.17297946885157,17.59339584275885,16.499047424562306,17.765875376324168,-478.25872802734375,43.867244720458984,15.627758979797363,22.60555648803711,13.691225051879883,10.095834732055664,8.905960083007812,8.289796829223633,5.867674350738525,6.860872268676758,3.512712001800537,1.4280219078063965,-3.962817430496216,unknown,unknown_stilhed_0023.wav
0.0026897192001342773,0.15357209825614102,3044.1541369271945,6254.0,50.0,314.06471182671396,14.636220649575185,10.912671182722889,16.573787694881013,-494.9075012207031,42.75708770751953,23.92841148376465,20.13260269165039,14.565153121948242,12.302716255187988,9.326482772827148,8.548847198486328,5.509369850158691,5.08866024017334,1.7158184051513672,0.70146644115448,-3.749211072921753,unknown,unknown_stilhed_0024.wav
0.018309537321329117,0.15107194199637478,2206.7808207833195,5459.0,50.0,970.4996325376883,45.172853179952014,18.166460430795723,21.682781792727205,-446.58978271484375,65.98018646240234,19.26198959350586,13.342367172241211,11.294763565063477,10.816396713256836,3.5470499992370605,4.596510887145996,1.9597724676132202,3.7744297981262207,2.8554952144622803,1.8298200368881226,-4.082714080810547,unknown,unknown_stilhed_0025.wav
0.0038459724746644497,0.10875679729983125,2383.733591214687,5688.0,50.0,843.828949464352,22.91015913243706,13.351835623491914,16.94923347789713,-484.3628234863281,52.19012451171875,28.317169189453125,24.421525955200195,16.249584197998047,14.644335746765137,12.369690895080566,8.4132080078125,4.399485111236572,7.271261215209961,4.742038726806641,2.741903781890869,-2.4408717155456543,unknown,unknown_stilhed_0026.wav
0.002685563638806343,0.15125945371585725,3027.4164898091817,6216.0,50.0,313.49445481108626,14.742078588194035,11.109809051178159,17.509862896618213,-493.38165283203125,42.58232116699219,25.75165367126465,23.138484954833984,14.308318138122559,11.453312873840332,9.660954475402832,8.550405502319336,5.569307804107666,6.26369047164917,-0.258847177028656,0.3341082036495209,-2.2742958068847656,unknown,unknown_stilhed_0027.wav
0.0026715779677033424,0.15057191074442153,3066.588748086275,6238.0,50.0,275.53643738451484,15.180162493122895,10.457646721676833,16.55719559194851,-497.21453857421875,41.40085983276367,24.18729019165039,18.92694854736328,13.023717880249023,12.044779777526855,9.015372276306152,9.000109672546387,5.654789924621582,7.850872993469238,2.3631772994995117,0.9077328443527222,-1.5945041179656982,unknown,unknown_stilhed_0028.wav
0.018070146441459656,0.1353209575598475,1595.198768093354,3531.0,529.0,4418.939837115731,7917.902024047924,227.92763443475837,73.21770885039041,-405.87847900390625,71.0913314819336,15.429891586303711,25.75018310546875,8.420442581176758,-3.2004575729370117,-8.222825050354004,-5.356698036193848,-3.6399505138397217,-2.067350387573242,-3.127493381500244,1.7312440872192383,-3.189577102661133,unknown,unknown_stilhed_0029.wav
0.002616229234263301,0.15138446152884555,2974.077965640447,6189.0,50.0,306.0957984288049,13.040696807340979,11.247739075723182,17.140077153568175,-497.488525390625,41.16225814819336,25.312944412231445,21.27776527404785,13.502168655395508,11.902816772460938,8.723816871643066,9.181652069091797,5.264596939086914,4.449743270874023,2.021928310394287,2.888918876647949,-0.6255192756652832,unknown,unknown_stilhed_0030.wav
0.007554519455879927,0.1655103443965248,1932.1636264344575,4446.0,50.0,2274.232387837076,54.80007011077468,73.9380390759949,48.615254631909586,-424.5472412109375,54.75503921508789,12.305756568908691,30.128311157226562,12.446599960327148,6.691399097442627,6.334894180297852,4.833106994628906,4.657497406005859,-1.933023452758789,-3.7836639881134033,2.391306161880493,-1.7900357246398926,unknown,unknown_stilhed_0031.wav
0.0026825936511158943,0.14869679354959686,2934.828891819649,6159.0,50.0,285.1469189261482,18.075597943090266,13.145411301821131,17.26163254355219,-490.22039794921875,45.368873596191406,23.66135025024414,17.82723617553711,15.37563705444336,12.637269973754883,5.985039710998535,8.519807815551758,8.425590515136719,7.1878767013549805,2.31166934967041,0.7207998633384705,-2.84205961227417,unknown,unknown_stilhed_0032.wav
0.0028939498588442802,0.15057191074442153,2773.1338194620903,6070.0,50.0,474.6485985248072,15.44026731635533,10.094772403563942,16.423704964188374,-495.485107421875,44.7746467590332,27.104290008544922,21.27913475036621,15.750659942626953,13.604480743408203,8.66425895690918,8.479684829711914,4.862444877624512,4.955629348754883,2.1233763694763184,1.6513932943344116,-2.3906474113464355,unknown,unknown_stilhed_0033.wav
0.003466334892436862,0.12757047315457215,2874.90448546957,6129.0,50.0,374.29718454207114,15.733335087579285,11.150989036803367,16.867557413762274,-490.2257080078125,45.950225830078125,26.0914363861084,20.549243927001953,14.098592758178711,12.116009712219238,9.935861587524414,10.703144073486328,5.922599792480469,6.120759010314941,3.5552239418029785,3.24637508392334,0.15533150732517242,unknown,unknown_stilhed_0034.wav
0.002468239516019821,0.1678854928433027,3142.7394309017363,6341.0,50.0,242.69737307644502,14.021571889362182,10.917110035844072,16.455220662026427,-499.30902099609375,38.86466979980469,23.700790405273438,19.66843032836914,13.659098625183105,10.11043930053711,7.023235321044922,9.400339126586914,6.893885612487793,7.015315055847168,2.952518939971924,2.0112497806549072,-2.8623290061950684,unknown,unknown_stilhed_0035.wav
0.0025701934937387705,0.15675979748734295,3015.2111897079903,6177.0,50.0,290.4955959621145,16.61762026260336,12.756519925718251,17.96499303433861,-493.8790283203125,41.68324279785156,21.932884216308594,19.644298553466797,13.340553283691406,11.84172248840332,10.271503448486328,8.912263870239258,5.8083696365356445,6.341891288757324,1.1365801095962524,0.2729629874229431,-3.955219268798828,unknown,unknown_stilhed_0036.wav
0.002714537549763918,0.14675917244827802,2982.3035084116877,6196.0,50.0,327.56276873896985,14.151806976320358,11.331280601991777,16.59342614352164,-496.982421875,39.842002868652344,23.06328582763672,21.911935806274414,14.754678726196289,10.888138771057129,9.884157180786133,10.271905899047852,6.634203910827637,6.357372283935547,3.4381141662597656,1.5625357627868652,-3.4118871688842773,unknown,unknown_stilhed_0037.wav
0.008609361946582794,0.23620226264141508,2947.5913219555096,5858.0,50.0,1112.9561126263707,251.22338682587463,318.33438482406814,362.5530854057153,-382.58074951171875,43.36322021484375,24.128328323364258,24.300954818725586,3.7163097858428955,7.007687568664551,-0.34939801692962646,-2.447415351867676,0.09637010097503662,-5.584118843078613,-2.7123169898986816,3.2631075382232666,-4.788912296295166,unknown,unknown_stilhed_0038.wav
0.0030219813343137503,0.14194637164822801,2814.429213048188,6108.0,50.0,426.6741425526547,16.81711342870468,12.158798262632875,16.31035760920949,-492.54034423828125,46.56425857543945,28.19055938720703,22.352127075195312,15.70466423034668,13.696144104003906,10.011300086975098,9.33022689819336,6.122126579284668,5.9391984939575195,2.1684536933898926,1.563261866569519,-1.2607063055038452,unknown,unknown_stilhed_0039.wav
0.002838380401954055,0.14588411775735982,2950.0512509127166,6181.0,50.0,331.77390692890134,15.586643106548525,11.931694308713244,16.821760751207222,-493.6231994628906,44.07146453857422,25.17076873779297,21.366474151611328,15.746350288391113,11.100793838500977,7.932040214538574,9.314802169799805,7.062222957611084,5.955262660980225,2.9800472259521484,1.7542952299118042,-3.1356940269470215,unknown,unknown_stilhed_0040.wav
0.0028371463995426893,0.14857178573660854,3011.358454829273,6212.0,50.0,245.32468253477685,14.67576740351311,11.602598687029214,16.076239912865546,-492.4416809082031,41.21015167236328,19.832523345947266,21.854473114013672,16.908994674682617,12.329545974731445,9.604771614074707,8.065149307250977,6.104312896728516,6.351319313049316,3.506979465484619,2.8413729667663574,-2.211531639099121,unknown,unknown_stilhed_0041.wav
0.0028946318197995424,0.1455090943183949,2908.0185302630357,6147.0,50.0,386.00537626101385,14.733577506390189,11.298778194609039,15.989516417380116,-495.5842590332031,42.68846893310547,24.98733139038086,22.04306411743164,14.88967227935791,11.345128059387207,9.718287467956543,9.280862808227539,5.9974541664123535,5.842275619506836,0.9237754344940186,0.9745961427688599,-2.3191771507263184,unknown,unknown_stilhed_0042.wav
0.0035652557853609324,0.14232139508719294,2897.9021271234665,6059.0,50.0,306.1203563646602,17.959430799298723,17.095959364895982,18.508969834150335,-478.25146484375,47.14979553222656,16.77595329284668,21.51605987548828,13.083218574523926,9.015162467956543,10.062362670898438,9.58195972442627,6.729740142822266,6.10089111328125,1.9691975116729736,2.4493861198425293,-0.9659985303878784,unknown,unknown_stilhed_0043.wav
0.003204256296157837,0.13507094193387087,2734.9837112850732,6048.0,50.0,582.3445027818033,17.812180712357332,11.483044134534207,16.89579093272012,-489.4741516113281,47.46114730834961,24.546951293945312,19.963481903076172,16.478221893310547,14.350414276123047,9.021451950073242,8.783857345581055,6.5011701583862305,6.692503452301025,2.46573805809021,0.7875446081161499,-2.2822630405426025,unknown,unknown_stilhed_0044.wav
0.03983631357550621,0.09688105506594162,1043.033377181505,1765.0,509.0,31939.147676574485,67510.70679810377,458.50773686236823,84.95363943116067,-350.143310546875,109.55584716796875,16.646106719970703,18.544029235839844,-3.07151198387146,-1.7818083763122559,-12.014541625976562,-15.086334228515625,-0.8624057769775391,-3.3990530967712402,8.749334335327148,8.435051918029785,-9.572181701660156,unknown,unknown_stilhed_0045.wav
0.0027055779937654734,0.14725920370023127,2932.340220002302,6084.0,50.0,269.35270610259806,25.909978476733233,15.766333882866245,18.178650157909168,-490.55450439453125,44.82761001586914,21.26748275756836,17.63257598876953,11.385741233825684,10.24453353881836,8.294857025146484,10.115358352661133,7.65687370300293,7.854001045227051,1.6930928230285645,0.5451765656471252,-3.264165163040161,unknown,unknown_stilhed_0046.wav
0.003361790906637907,0.1523220201262579,2937.3236589026765,6110.0,50.0,261.9172895453699,17.352470143163938,20.47496895630956,17.986854371713957,-477.8071594238281,43.42566680908203,12.28744888305664,24.264392852783203,17.62588119506836,11.067058563232422,11.938034057617188,8.854164123535156,4.880300045013428,6.817287445068359,1.620553731918335,2.0773959159851074,-0.9681574702262878,unknown,unknown_stilhed_0047.wav
0.002709779655560851,0.15113444590286892,2973.0255273654457,6167.0,50.0,296.4645438732897,14.484946459757031,10.997605409909355,17.187989815395653,-494.77618408203125,43.814979553222656,27.535140991210938,21.891582489013672,14.518214225769043,11.637059211730957,7.930924892425537,9.137626647949219,6.109287261962891,6.85505485534668,3.176726818084717,1.5256208181381226,-2.706509828567505,unknown,unknown_stilhed_0048.wav
0.0027807822916656733,0.1402587661728858,2874.106676873211,6109.0,50.0,362.54511491582224,16.40427922199235,13.714248357462619,16.935355563478833,-491.824462890625,42.662174224853516,21.42464828491211,22.498699188232422,15.096078872680664,11.18390941619873,9.417586326599121,8.874898910522461,6.110762596130371,6.685903549194336,1.66361665725708,1.515474796295166,-3.370326519012451,unknown,unknown_stilhed_0049.wav
0.002749776002019644,0.1475092193262079,2848.8603597434494,6127.0,50.0,388.5142381932108,14.536563990701122,10.540985107232146,16.303445406559124,-494.399658203125,45.53996276855469,27.860553741455078,21.486581802368164,15.500652313232422,13.469313621520996,10.216489791870117,9.25467300415039,6.025384902954102,4.860100746154785,0.8762214183807373,1.1683286428451538,-1.9615501165390015,unknown,unknown_stilhed_0050.wav
0.003026004647836089,0.13582098881180074,2801.7571649872443,6116.0,50.0,335.87809036080813,15.620870402637438,11.00137956448058,15.817868811686274,-490.51556396484375,49.46001434326172,30.373554229736328,23.926708221435547,17.406038284301758,12.985013008117676,8.247709274291992,8.030332565307617,5.338920593261719,5.6218061447143555,2.2224278450012207,1.115447759628296,-1.326636791229248,unknown,unknown_stilhed_0051.wav
0.0028436961583793163,0.13750859428714296,3012.6634024405475,6242.0,50.0,335.2119364931762,14.482250849081723,11.49885649247586,16.082235646084676,-497.76739501953125,41.532379150390625,23.91678810119629,20.41421890258789,13.462869644165039,11.605086326599121,10.528680801391602,11.874013900756836,6.766380310058594,6.28153133392334,2.0546066761016846,-0.16075056791305542,-2.0570247173309326,unknown,unknown_stilhed_0052.wav
0.002525410382077098,0.1725732858303644,3060.218510512194,6235.0,50.0,289.19920384611277,14.446090168837555,10.78141627241591,17.037478935847062,-497.1121520996094,41.846099853515625,24.839065551757812,18.179828643798828,12.857565879821777,10.952747344970703,7.3632659912109375,9.736560821533203,5.573322772979736,3.491211414337158,0.9372484087944031,0.6133556365966797,-2.353440284729004,unknown,unknown_stilhed_0053.wav
0.002531454199925065,0.1599474967185449,3080.9506797048557,6295.0,50.0,237.99715440654685,15.674885289824683,10.904195223386257,16.56722153848226,-496.39044189453125,42.08245849609375,25.184566497802734,19.81621742248535,13.517292022705078,10.911774635314941,7.981204986572266,8.139921188354492,5.02107048034668,6.35359001159668,2.897059440612793,0.5169755220413208,-2.6586310863494873,unknown,unknown_stilhed_0054.wav
0.00259634992107749,0.16132258266141633,3070.028185744565,6257.0,50.0,243.90500655264404,13.97409764711158,10.645878453852374,16.79023379886879,-496.35174560546875,41.25809097290039,25.531862258911133,20.715354919433594,13.666921615600586,11.662798881530762,7.91998291015625,9.106884956359863,6.320218086242676,5.913822650909424,2.2597155570983887,1.3870139122009277,-2.750354051589966,unknown,unknown_stilhed_0055.wav
0.0031175788026303053,0.14357147321707606,2880.7112779884746,6076.0,50.0,326.23625515677446,15.09876773226717,33.37043744124504,16.782788268495228,-489.44317626953125,44.81915283203125,25.433666229248047,24.569765090942383,14.35318374633789,11.87042236328125,12.245126724243164,7.5667619705200195,6.338644981384277,9.388033866882324,2.0469918251037598,1.3803632259368896,-0.4448588788509369,unknown,unknown_stilhed_0056.wav
0.0029021354857832193,0.13513344584036502,2995.1105963255545,6217.0,50.0,347.3818708949624,13.664817650334442,10.525502116269355,16.6627383778023,-496.8188171386719,42.59990310668945,25.55167007446289,21.02863311767578,15.014593124389648,13.588191986083984,10.545044898986816,9.524202346801758,5.015807151794434,5.475015163421631,2.8349034786224365,1.6812193393707275,-1.7960288524627686,unknown,unknown_stilhed_0057.wav
0.0029027771670371294,0.14088380523782737,2797.1892513499447,6040.0,50.0,296.9952180998669,27.168283482141057,12.500159770277026,16.664864318130977,-488.09820556640625,47.68370819091797,22.818376541137695,17.57912826538086,12.483433723449707,12.152789115905762,10.078023910522461,8.022278785705566,4.2035698890686035,4.632369041442871,0.8956155180931091,0.9694362878799438,-1.3968486785888672,unknown,unknown_stilhed_0058.wav
0.003979458473622799,0.14150884430276892,2562.273146656562,5591.0,50.0,507.4020376118591,23.33111849769904,42.675105092645026,24.936767448729295,-471.87603759765625,47.951290130615234,15.999449729919434,28.4743595123291,16.88900375366211,12.344369888305664,13.923417091369629,10.263142585754395,6.343778610229492,6.895130157470703,1.2634835243225098,1.4939361810684204,-3.6490416526794434,unknown,unknown_stilhed_0059.wav
0.004419898148626089,0.1538846177886118,3000.8875286787447,6169.0,50.0,289.7941321049976,16.8353986568709,12.436769132966646,16.62016149581779,-476.27264404296875,50.599754333496094,17.120845794677734,18.640785217285156,12.228631973266602,7.298348903656006,9.11931037902832,8.510202407836914,4.810784339904785,6.333271026611328,0.604213297367096,-1.0665264129638672,-2.9009618759155273,unknown,unknown_stilhed_0060.wav
0.020657379180192947,0.18282392649540596,2671.9109629897494,6452.0,50.0,5803.960506689963,1096.7049306952367,637.1614544489712,539.1945815020542,-340.20654296875,53.12644958496094,9.566411018371582,29.055856704711914,13.399545669555664,0.8578395843505859,0.9164049029350281,-2.507995128631592,7.518784523010254,-9.20308780670166,-0.5279167294502258,-0.31639134883880615,-2.6072463989257812,unknown,unknown_stilhed_0061.wav
0.00263169570825994,0.16238514907181698,2963.140199998067,6205.0,50.0,276.37890924578426,20.890296676559263,11.80963408552823,16.82314810783987,-491.126220703125,44.05476760864258,21.19717025756836,15.686026573181152,15.37293529510498,14.716790199279785,7.875897407531738,7.92489767074585,7.386972427368164,6.937223434448242,2.893672227859497,-0.26288095116615295,-3.523273468017578,unknown,unknown_stilhed_0062.wav
0.0024916373658925295,0.16076004750296893,3120.692014548632,6315.0,50.0,239.61559912955022,13.323400708974185,10.576386467094387,16.71068950314836,-497.76885986328125,40.34356689453125,24.412609100341797,19.799030303955078,13.355725288391113,10.930157661437988,8.108037948608398,8.626996040344238,6.961736679077148,7.000165939331055,2.3238019943237305,1.4050805568695068,-3.0530080795288086,unknown,unknown_stilhed_0063.wav
0.003044532611966133,0.13919619976248515,2762.5498202420904,6087.0,50.0,427.07794828475716,14.219453305117362,11.101622371035777,16.18342525182313,-493.02691650390625,47.428428649902344,29.077922821044922,23.804141998291016,16.28685760498047,13.030158996582031,8.791977882385254,7.611481189727783,5.091597080230713,5.317225456237793,1.9359641075134277,1.910391092300415,-1.3624144792556763,unknown,unknown_stilhed_0064.wav
0.0026622386649250984,0.15225951621976375,3012.47885069764,6249.0,50.0,283.3443129742274,13.401624359869913,9.838709872577937,16.52351769890472,-496.72198486328125,44.174922943115234,27.524757385253906,21.034881591796875,14.500513076782227,12.217053413391113,9.481548309326172,8.807336807250977,4.980238437652588,5.467164516448975,1.8056515455245972,1.0838119983673096,-1.0486434698104858,unknown,unknown_stilhed_0065.wav
0.0028040988836437464,0.14457153572098255,3003.690246163046,6190.0,50.0,323.4100363846341,17.303407338389455,12.432543986328287,17.54838962236704,-491.2935791015625,44.277183532714844,22.982967376708984,18.86172866821289,14.185508728027344,13.443645477294922,9.172277450561523,8.392626762390137,5.530888557434082,6.632734298706055,3.267396926879883,0.3951699733734131,-3.460940361022949,unknown,unknown_stilhed_0066.wav
0.002821649657562375,0.13357084817801113,2993.5629777070694,6228.0,50.0,339.71052969633996,14.444328673499356,10.442194683189424,16.350603302848285,-496.3028869628906,42.60774612426758,25.69778060913086,20.482013702392578,14.436333656311035,12.138408660888672,8.867632865905762,7.25724983215332,4.315256595611572,4.159153938293457,1.5707076787948608,1.7402323484420776,-1.5972435474395752,unknown,unknown_stilhed_0067.wav
0.004054612945765257,0.1318832427026689,2379.6508736490932,5654.0,50.0,609.9380178300515,37.53265347192175,15.735784387133103,17.202866404674083,-476.8553466796875,56.83322525024414,22.84492301940918,17.945404052734375,18.82797622680664,16.101301193237305,5.983458518981934,1.48329496383667,-2.5434746742248535,-1.3010973930358887,-0.6931871175765991,0.5561456680297852,-4.714421272277832,unknown,unknown_stilhed_0068.wav
0.002789260121062398,0.14619663728983062,3029.2862387760647,6299.0,50.0,378.2489487958709,14.33944504104706,10.477767391939773,16.25625094003996,-495.76715087890625,42.71363830566406,25.54371452331543,20.23824119567871,14.295614242553711,11.294449806213379,8.704514503479004,8.740214347839355,6.3482489585876465,5.072140216827393,2.6501576900482178,1.1998647451400757,-2.305753707885742,unknown,unknown_stilhed_0069.wav
0.007320913951843977,0.10100631289455592,1483.1777238897191,3749.0,39.0,4216.121418775478,76.44521257984607,37.3663703465086,22.730804776578633,-456.38818359375,64.94639587402344,23.106874465942383,25.682109832763672,13.784598350524902,12.46774673461914,15.751321792602539,8.206880569458008,3.3423619270324707,4.804427146911621,0.33675748109817505,0.7731137871742249,-1.7225801944732666,unknown,unknown_stilhed_0070.wav
0.006686314940452576,0.1430714419651228,2209.5704190724423,5076.0,50.0,912.5707024803908,240.93136744932045,33.44775074256356,48.45428336361141,-446.54388427734375,61.363590240478516,23.93687629699707,23.578041076660156,7.19793701171875,6.259513854980469,1.9950088262557983,-0.7321789860725403,0.19793701171875,0.1497930884361267,1.6699711084365845,3.986384868621826,-2.4304540157318115,unknown,unknown_stilhed_0071.wav
0.003700653789564967,0.1163197699856241,2709.7179416999497,6035.0,50.0,542.4907794057777,14.192526730082843,10.625677180678306,16.641240156329374,-494.2868347167969,45.64137649536133,28.491634368896484,24.53282928466797,17.946155548095703,14.074101448059082,11.514331817626953,10.497875213623047,7.606287002563477,7.236968994140625,2.2226123809814453,1.1406720876693726,-2.648667335510254,unknown,unknown_stilhed_0072.wav
0.0030854828655719757,0.1327582973935871,2813.8620700445167,6141.0,50.0,448.0365038762152,14.832116302427982,10.813849589952774,16.080401225357093,-494.48004150390625,45.82921600341797,29.000755310058594,23.73155975341797,18.697032928466797,14.52702808380127,10.143659591674805,10.8348388671875,8.02104377746582,7.662502288818359,2.8403706550598145,1.001699686050415,-2.177151679992676,unknown,unknown_stilhed_0073.wav
0.0025658647064119577,0.15494718419901243,3073.311567134311,6283.0,50.0,256.3570046768166,14.57711769102089,10.130728214763518,16.246927854451485,-495.90679931640625,43.75965881347656,25.523340225219727,18.71722412109375,12.933675765991211,10.702279090881348,8.641658782958984,8.378232955932617,5.269454479217529,5.711667537689209,1.6091983318328857,0.9799443483352661,-2.4974591732025146,unknown,unknown_stilhed_0074.wav
0.008336211554706097,0.19682480155009688,2422.376311574913,4582.0,1713.0,1109.4296609275616,358.48248147735274,3524.861491137857,181.8442160023614,-385.84210205078125,52.231483459472656,-5.696809768676758,31.750709533691406,25.62363052368164,2.7618141174316406,-16.433208465576172,2.0797698497772217,12.280275344848633,-8.756954193115234,-5.833855628967285,0.5821651220321655,-1.9699679613113403,unknown,unknown_stilhed_0075.wav
0.002672138623893261,0.15438464904056504,2965.4251466835103,6097.0,50.0,304.91426831845956,15.064959076017269,20.57490576983254,17.93574875425022,-493.789306640625,39.7767333984375,22.3970947265625,22.967540740966797,14.34074878692627,10.170950889587402,10.888708114624023,10.006796836853027,5.648825168609619,7.493096351623535,2.7823615074157715,-0.576840877532959,-2.3292360305786133,unknown,unknown_stilhed_0076.wav
0.003156876191496849,0.14132133258328647,2893.5727453998074,6091.0,50.0,366.52036481973136,21.505326611185687,15.863539569544406,19.645093308731038,-481.46551513671875,45.112091064453125,19.889034271240234,21.22171401977539,14.340624809265137,10.230080604553223,10.006729125976562,8.327524185180664,5.887063980102539,7.585707664489746,3.2424004077911377,2.502408742904663,-2.445873260498047,unknown,unknown_stilhed_0077.wav
0.0028157683555036783,0.15313457091068192,2978.6931466521205,6175.0,50.0,318.7118887643146,15.81218605709066,12.777731622592531,17.583561129119982,-491.9742431640625,43.985225677490234,23.84821891784668,22.42666244506836,15.592617988586426,12.004217147827148,9.336129188537598,7.99641227722168,7.111370086669922,7.651946067810059,-0.18375328183174133,-0.9205633401870728,-3.8171541690826416,unknown,unknown_stilhed_0078.wav
0.00279603130184114,0.1426964185261579,2876.8024936380875,6137.0,50.0,334.13040663780305,14.93203025196649,11.07498856037221,17.18762253727428,-493.9002685546875,44.141605377197266,26.236351013183594,22.075956344604492,15.088764190673828,12.724785804748535,10.649089813232422,10.587142944335938,8.144381523132324,7.479408264160156,2.6095032691955566,0.9202120900154114,-2.9555716514587402,unknown,unknown_stilhed_0079.wav
0.002533801831305027,0.15738483655228452,3097.393092329611,6281.0,50.0,271.0217438732568,15.412562369105782,10.739428583107703,16.400877344802332,-496.01904296875,40.8173828125,23.761817932128906,19.846120834350586,12.492291450500488,10.861031532287598,9.138456344604492,8.587740898132324,6.474329471588135,6.978311538696289,2.7214722633361816,1.1711119413375854,-2.4004719257354736,unknown,unknown_stilhed_0080.wav
0.0028201467357575893,0.14282142633914618,2984.014773443656,6191.0,50.0,300.7491053871689,17.349815507777052,11.91075757337883,16.944208264218307,-491.32403564453125,45.30767822265625,22.893775939941406,17.30278778076172,14.232782363891602,13.216569900512695,8.581336975097656,9.031524658203125,6.753288745880127,6.619314193725586,3.341829299926758,0.9019032716751099,-3.5085015296936035,unknown,unknown_stilhed_0081.wav
0.04977020248770714,0.15575973498343645,1548.764713533256,3372.0,569.0,35670.53303772014,51872.369507190124,1783.006216867665,570.5804470205437,-278.09564208984375,73.8262939453125,5.64287805557251,25.655014038085938,1.8928728103637695,-7.7843217849731445,-15.808940887451172,-18.056594848632812,-0.9572826623916626,-4.390804767608643,2.634615898132324,3.7207863330841064,-3.8029959201812744,unknown,unknown_stilhed_0082.wav
0.003164541907608509,0.13400837552347022,2900.237505005915,6200.0,50.0,401.3051760726605,15.480558266907043,11.195997498670057,16.24252682346092,-496.7640075683594,42.120025634765625,25.199172973632812,20.630966186523438,14.717720031738281,11.791419982910156,10.14743709564209,9.600502967834473,7.134469032287598,7.793098449707031,2.7384018898010254,2.0915884971618652,-0.8088401556015015,unknown,unknown_stilhed_0083.wav
0.0027603874914348125,0.14613413338333645,3018.158073064472,6232.0,50.0,334.07774296074206,14.720340129299938,11.145107404328941,16.456974754720576,-496.42584228515625,41.98847961425781,25.562175750732422,19.928308486938477,12.825815200805664,10.521890640258789,8.310853958129883,9.609262466430664,6.375216484069824,6.17208194732666,1.9225391149520874,1.1876572370529175,-0.957856297492981,unknown,unknown_stilhed_0084.wav
0.002714463509619236,0.15963497718607414,3065.1755141420026,6296.0,50.0,297.5571969385363,13.47476589848186,10.316049334286173,15.944450927334774,-498.17498779296875,41.72230911254883,26.099224090576172,20.521820068359375,13.908126831054688,11.543785095214844,9.452848434448242,8.376643180847168,5.944920063018799,6.3552045822143555,2.539717674255371,0.9114894270896912,-3.2521610260009766,unknown,unknown_stilhed_0085.wav
0.0029143120627850294,0.1423838989936871,2882.788090250667,6116.0,50.0,306.9602891067302,21.609303289607045,11.660941214278285,17.19829520788499,-488.70172119140625,48.091339111328125,24.868101119995117,18.853944778442383,15.67326545715332,15.140582084655762,9.132011413574219,8.179555892944336,5.4955010414123535,5.312845230102539,2.0420093536376953,1.0103724002838135,-3.898405075073242,unknown,unknown_stilhed_0086.wav
0.003726041177287698,0.1147571723232702,2761.05450734001,6100.0,50.0,453.72876987236043,19.553160193229058,11.655486659468679,16.944267374250174,-483.58392333984375,53.54713821411133,30.194965362548828,22.836498260498047,19.06795310974121,15.835269927978516,8.286112785339355,6.618978977203369,4.677413463592529,5.390984535217285,0.42168349027633667,-2.3663723468780518,-5.492191791534424,unknown,unknown_stilhed_0087.wav
0.0026346552185714245,0.16501031314457154,3005.7692106723275,6216.0,50.0,304.1878452732436,17.112950663709523,12.241402589667448,17.228364503615545,-492.21453857421875,43.279090881347656,21.860504150390625,16.95659637451172,14.63896656036377,13.606953620910645,7.921182155609131,9.101364135742188,7.847518444061279,6.406886100769043,3.283301830291748,2.188821792602539,-3.7937870025634766,unknown,unknown_stilhed_0088.wav
0.0025093930307775736,0.15707231701981375,3011.7191169324033,6259.0,50.0,264.15923984087743,13.577879171608203,10.16666517701095,16.167672186351467,-497.50634765625,43.10289001464844,26.954923629760742,19.857257843017578,13.777376174926758,12.313529968261719,9.685708999633789,9.515345573425293,5.737707138061523,5.299395561218262,2.7392964363098145,2.2811732292175293,-0.6881101131439209,unknown,unknown_stilhed_0089.wav
0.0025931771378964186,0.15325957872367024,3074.7711317924395,6279.0,50.0,245.57643763861483,13.437735427506073,10.730247188007965,16.39937091621428,-497.10894775390625,42.11391067504883,24.902196884155273,20.249427795410156,13.900078773498535,11.191307067871094,8.750726699829102,9.31885814666748,6.954042434692383,4.9886956214904785,1.5995150804519653,2.417989492416382,-0.7512723207473755,unknown,unknown_stilhed_0090.wav
0.0034763538278639317,0.12757047315457215,2802.2641267769945,6107.0,50.0,478.7594492154946,16.527525409187184,10.715671187978627,16.731946003432377,-492.236572265625,48.11642074584961,30.55768585205078,23.074398040771484,15.794291496276855,12.686843872070312,9.799979209899902,9.279102325439453,4.558205604553223,4.593212127685547,1.7720556259155273,0.700684666633606,-3.9441916942596436,unknown,unknown_stilhed_0091.wav
0.0027245646342635155,0.14950934433402088,2786.590021458986,6017.0,50.0,321.2615543265965,34.26926859906108,12.705461395733925,17.202458808681726,-491.87353515625,47.0471076965332,24.733280181884766,19.13487434387207,10.465108871459961,8.867586135864258,8.366652488708496,8.826294898986816,5.503177642822266,5.560194969177246,0.22313150763511658,0.015556156635284424,-2.3753416538238525,unknown,unknown_stilhed_0092.wav
0.002639289014041424,0.16444777798612414,2957.8549836365178,6169.0,50.0,253.69961306404957,20.202561954204704,12.900645891274182,18.17273336496703,-487.2435302734375,46.912635803222656,22.053165435791016,17.030649185180664,14.601344108581543,13.54826831817627,6.658869743347168,7.1392669677734375,5.172629356384277,4.004761695861816,0.7916957139968872,-1.3085663318634033,-4.133545398712158,unknown,unknown_stilhed_0093.wav
0.004746733698993921,0.08331770735670979,2744.492702126874,6063.0,36.0,1491.2130834615134,15.220667911678639,11.227399282846022,16.277469158159505,-495.53955078125,44.22937774658203,27.904239654541016,21.743289947509766,15.078615188598633,13.599433898925781,11.277719497680664,12.163317680358887,8.51915168762207,8.610273361206055,4.4282636642456055,2.525275230407715,-0.9625682830810547,unknown,unknown_stilhed_0094.wav
0.002500794595107436,0.15732233264579037,3084.228003054457,6304.0,50.0,229.72528727403807,13.196999951402113,10.45557802845759,16.089866391242225,-497.1896667480469,40.357757568359375,24.54257583618164,20.772186279296875,14.01656723022461,10.930871963500977,8.065114974975586,8.590605735778809,6.45673131942749,6.693083763122559,1.9440796375274658,0.9962467551231384,-1.8341028690338135,unknown,unknown_stilhed_0095.wav
0.06645987182855606,0.13257078567410463,1945.1878916781043,4709.0,50.0,1606.5727935806954,237.96790633067718,57.13794560607171,28.475950605862533,-436.74847412109375,55.661705017089844,18.389192581176758,20.365663528442383,15.13060188293457,10.030511856079102,6.30284309387207,6.877457618713379,3.2212064266204834,1.639418601989746,2.1003499031066895,4.485645294189453,-0.5193264484405518,unknown,unknown_stilhed_0096.wav
0.003233126364648342,0.1305081567597975,2936.097230209392,6196.0,50.0,498.20299458987995,13.596633186488873,11.193772078336178,16.313813362910057,-496.5826721191406,42.71759796142578,26.801921844482422,23.05506134033203,15.542531967163086,11.885436058044434,9.434500694274902,10.87580680847168,7.702451705932617,6.9155402183532715,3.5011940002441406,1.9875116348266602,-1.1854579448699951,unknown,unknown_stilhed_0097.wav
0.0025757416151463985,0.1613850865679105,2955.9332775916923,6205.0,50.0,310.8621154792049,14.5430410952691,10.486613163279493,16.42868043523373,-495.0972595214844,43.427391052246094,25.941770553588867,20.473793029785156,14.492300033569336,11.760616302490234,9.021421432495117,8.753000259399414,6.932537078857422,6.938760757446289,1.9521514177322388,0.5914217233657837,-3.444918632507324,unknown,unknown_stilhed_0098.wav
0.0038500907830893993,0.127507969248078,2297.872430067526,5377.0,50.0,478.1296778321122,129.45113835279807,30.870330323396487,21.11518199154089,-471.4124755859375,55.952545166015625,21.69858741760254,17.41337776184082,14.199605941772461,12.730342864990234,9.185884475708008,8.938355445861816,5.674413681030273,3.8458762168884277,-1.3759090900421143,0.18096323311328888,-2.458282709121704,unknown,unknown_stilhed_0099.wav
0.0037217617500573397,0.16963560222513907,3048.2947152574275,6203.0,50.0,301.30554945075704,15.004399669400863,11.364366022661102,17.72386058351594,-477.0050048828125,39.0937614440918,17.895130157470703,21.069320678710938,11.36375617980957,10.281562805175781,8.850920677185059,8.334125518798828,6.028158664703369,7.11984920501709,0.6468075513839722,2.3756930828094482,-2.753148078918457,unknown,unknown_stilhed_0100.wav
0.03241771459579468,0.1966372898306144,1760.2511804645476,4015.0,412.0,59410.533745954126,58480.10669454129,2873.559444673076,2253.6156383813623,-374.2239990234375,53.362815856933594,19.316631317138672,28.215255737304688,3.859001636505127,8.408698081970215,-10.352031707763672,-15.93051815032959,5.706427574157715,0.8127101063728333,-1.257479190826416,5.0534162521362305,-6.022258281707764,unknown,unknown_stilhed_0101.wav
0.0026874856557697058,0.15025939121195075,2995.95780844643,6235.0,50.0,290.1876931582995,14.357182402673692,10.378891084509922,16.027978292181942,-495.65185546875,43.99387741088867,27.175518035888672,21.566116333007812,15.935905456542969,11.993232727050781,7.731316566467285,9.67553424835205,6.870400905609131,6.876569747924805,2.610830307006836,1.7139140367507935,-1.9306954145431519,unknown,unknown_stilhed_0102.wav
0.0025878821033984423,0.15975998499906244,3048.476430331131,6245.0,50.0,268.3472832865611,15.394278306469161,10.827898121927685,16.37103829238574,-496.60693359375,41.52279281616211,25.3030948638916,21.182987213134766,14.403852462768555,10.865155220031738,7.798372268676758,8.421936988830566,6.357283592224121,5.232561111450195,1.0989570617675781,0.3396815359592438,-1.786427617073059,unknown,unknown_stilhed_0103.wav
0.003188459435477853,0.12775798487405463,2738.206223724007,6111.0,50.0,545.680127805108,14.3807599809807,11.566176239813316,15.808362774263212,-494.2789001464844,44.022979736328125,25.651140213012695,21.51083755493164,16.397878646850586,13.488594055175781,10.385009765625,11.02735710144043,8.512125015258789,7.661748886108398,4.192124366760254,2.2977352142333984,-1.1472113132476807,unknown,unknown_stilhed_0104.wav
0.002661424223333597,0.1533220826301644,3077.7524389999544,6231.0,50.0,276.91373477859213,14.46669265709281,13.166928687103079,17.29616377931454,-496.6562194824219,39.07642364501953,21.58484649658203,21.54218292236328,15.014760971069336,11.360647201538086,8.524234771728516,10.458137512207031,6.9534406661987305,6.634516716003418,2.2540924549102783,1.4469655752182007,-2.879117965698242,unknown,unknown_stilhed_0105.wav
0.004389080684632063,0.14000875054690917,2630.0501111344947,5925.0,50.0,497.4457847817528,20.49250514935762,14.999372753084133,17.854206668403453,-471.3489990234375,47.96192169189453,17.433317184448242,24.12108612060547,15.889577865600586,12.695819854736328,13.75246810913086,9.086040496826172,5.7871294021606445,8.067258834838867,2.1786820888519287,-0.9770652651786804,-3.7405200004577637,unknown,unknown_stilhed_0106.wav
0.004005175083875656,0.11950746921682605,2256.1110018765194,5650.0,50.0,1127.7133461326393,15.597736278726526,10.975011235065441,16.921189738174903,-487.2962646484375,52.14055252075195,31.720516204833984,26.255756378173828,18.675106048583984,13.300344467163086,8.071732521057129,8.377159118652344,4.619553089141846,5.985130310058594,3.5974390506744385,2.499124526977539,-0.3671077489852905,unknown,unknown_stilhed_0107.wav
0.0025723781436681747,0.1581348834302144,3057.9607790410746,6276.0,50.0,266.7009748962825,14.553790303290821,10.682714802624561,15.604830366691559,-496.9375915527344,40.968772888183594,23.17908477783203,20.358722686767578,13.22796630859375,10.4695463180542,9.550219535827637,9.651018142700195,5.299549102783203,6.311211585998535,2.1654491424560547,0.532159149646759,-2.615211009979248,unknown,unknown_stilhed_0108.wav
0.002542475936934352,0.15438464904056504,3053.8708941438367,6240.0,50.0,272.04975409494824,13.595561185640392,11.103541935383598,17.484218139669565,-496.16168212890625,41.26091766357422,23.386781692504883,19.71492576599121,14.47730827331543,11.440729141235352,8.132431030273438,7.860744476318359,5.385575294494629,5.754379749298096,2.530795097351074,2.2853474617004395,-1.9488133192062378,unknown,unknown_stilhed_0109.wav
0.0037471053656190634,0.1285080317519845,2323.244480490401,5555.0,50.0,596.3790846922155,59.088158842781084,17.646044149279014,17.081928145533762,-474.56982421875,51.340599060058594,16.945323944091797,20.178815841674805,15.752870559692383,13.523205757141113,11.943273544311523,7.361480236053467,5.566978931427002,9.235876083374023,4.188516616821289,3.228364944458008,-1.2410094738006592,unknown,unknown_stilhed_0110.wav
0.0026456359773874283,0.15607225451590725,3064.805327308321,6261.0,50.0,269.242066189357,13.979183369422788,11.198432346493693,15.768908880539193,-496.9969482421875,42.621055603027344,24.209915161132812,19.353286743164062,14.689632415771484,11.654659271240234,8.406449317932129,9.710309982299805,6.5406694412231445,6.209221839904785,2.0492358207702637,2.578573226928711,-1.3011209964752197,unknown,unknown_stilhed_0111.wav
0.003862062469124794,0.1493218326145384,2615.661332583918,5094.0,50.0,661.2560811501634,49.098359685538995,177.90815003920451,103.89134477646125,-464.7785339355469,46.024627685546875,17.156042098999023,27.52400779724121,16.110214233398438,10.937604904174805,9.248844146728516,7.947861671447754,6.253162384033203,5.392561912536621,2.8539371490478516,3.1802515983581543,-3.4418680667877197,unknown,unknown_stilhed_0112.wav
0.0026616284158080816,0.16438527407962997,3060.8635054687334,6053.0,50.0,268.7798584219229,22.10398528382792,20.936620121166165,29.161207782976405,-488.86260986328125,42.28791046142578,20.453025817871094,19.265869140625,11.544021606445312,10.851547241210938,9.418485641479492,7.448939800262451,6.384072303771973,6.116643905639648,0.8121989369392395,0.24609237909317017,-2.921417236328125,unknown,unknown_stilhed_0113.wav
0.0025257172528654337,0.16369773110819427,3106.951110775764,6285.0,50.0,239.75414555070677,16.065738419252504,13.434461685251394,16.48890767012763,-495.3397521972656,41.07605743408203,22.962987899780273,18.834552764892578,12.983911514282227,9.04098129272461,7.676412582397461,9.532654762268066,7.035780906677246,6.149048805236816,1.0753196477890015,-0.10158360004425049,-2.1352808475494385,unknown,unknown_stilhed_0114.wav
0.0025608944706618786,0.15563472717044816,3033.572632639434,6238.0,50.0,241.72836405791446,13.868426683793041,10.834871862751442,16.083224627616516,-496.12750244140625,41.94575500488281,24.504310607910156,21.697755813598633,14.52046012878418,10.942791938781738,9.278646469116211,9.441701889038086,6.531333923339844,5.854910850524902,2.1261661052703857,1.409589171409607,-1.2077035903930664,unknown,unknown_stilhed_0115.wav
0.0038707186467945576,0.10763172698293644,2892.582561229302,6163.0,28.0,678.6132050568597,13.712225982353429,11.692443219866403,16.950972083346024,-494.02606201171875,43.373802185058594,24.093997955322266,21.318471908569336,16.777507781982422,14.713095664978027,12.364779472351074,12.006124496459961,7.533818244934082,6.359408855438232,1.8452613353729248,1.940380573272705,-1.1234652996063232,unknown,unknown_stilhed_0116.wav
0.0025428629014641047,0.15563472717044816,3083.0839402143224,6266.0,50.0,261.87941696008494,13.994769537268924,11.535314198309951,16.99927132024832,-497.49261474609375,41.25679016113281,23.782272338867188,18.947803497314453,14.321724891662598,11.623960494995117,8.244674682617188,9.168415069580078,7.658451557159424,7.2960004806518555,2.1856589317321777,0.5235186815261841,-2.971102237701416,unknown,unknown_stilhed_0117.wav
0.0029906630516052246,0.13613350834427151,2748.5148563776206,6055.0,50.0,419.14171847924047,17.873046787743725,12.325102439842322,16.362216079164078,-490.02899169921875,48.269691467285156,26.140710830688477,21.385278701782227,16.97545623779297,13.899808883666992,8.567915916442871,9.537212371826172,6.723305702209473,5.958944320678711,1.8692082166671753,-0.17683519423007965,-2.7692348957061768,unknown,unknown_stilhed_0118.wav
0.002714702393859625,0.14344646540408776,2957.002860075035,6198.0,50.0,309.5365645168335,14.564448254504802,10.169398037125333,16.460438665022536,-494.9214782714844,44.288795471191406,26.510969161987305,19.6492862701416,14.567777633666992,12.316247940063477,8.647375106811523,8.779388427734375,5.336058139801025,4.441257476806641,1.2693216800689697,2.2443432807922363,-1.0725479125976562,unknown,unknown_stilhed_0119.wav
0.0026579981204122305,0.1450715669729358,3038.3544037645447,6231.0,50.0,264.2546934727824,14.789017358512023,10.78658982246691,16.49310369822333,-496.4250183105469,41.76776123046875,24.904027938842773,20.795656204223633,13.611591339111328,12.130827903747559,8.316381454467773,8.542305946350098,6.065999984741211,6.536545753479004,2.7133889198303223,1.0918786525726318,-2.6934127807617188,unknown,unknown_stilhed_0120.wav
0.0029023794922977686,0.1386961685105319,2920.9447083416535,6159.0,50.0,299.50743015286514,18.598078789691115,12.748210264292808,17.137070749260463,-487.10498046875,47.28025817871094,23.380311965942383,19.873985290527344,16.166414260864258,14.722591400146484,8.355979919433594,7.713614463806152,7.1782145500183105,6.136408805847168,2.140641212463379,-0.9898830652236938,-3.8341310024261475,unknown,unknown_stilhed_0121.wav
0.0025740661658346653,0.15644727795487218,3036.167554192948,6288.0,50.0,256.7461821433479,13.65816390082676,10.702767244485564,16.79449304712503,-496.64764404296875,42.050506591796875,25.2478084564209,19.830663681030273,14.288625717163086,12.72625732421875,9.259626388549805,9.276126861572266,7.9381279945373535,6.235980987548828,2.5125951766967773,2.0140933990478516,-0.318643718957901,unknown,unknown_stilhed_0122.wav
0.003574128495529294,0.12625789111819488,2694.471261853184,6047.0,36.0,896.8513686831984,14.369316309836464,10.914202276016045,16.159566225817677,-496.210693359375,42.70961380004883,26.852771759033203,22.407329559326172,16.01732063293457,12.165145874023438,10.235368728637695,10.555863380432129,7.189950466156006,6.933473587036133,3.002800464630127,1.862757682800293,-2.020127773284912,unknown,unknown_stilhed_0123.wav
0.004166197497397661,0.09494343396462279,2571.569983224113,5817.0,29.0,788.7247744679355,58.532035154440436,14.375393627645963,16.581138025426476,-487.7564697265625,47.391990661621094,21.843191146850586,17.554561614990234,13.795846939086914,12.463714599609375,10.974233627319336,12.352081298828125,6.830874919891357,7.822140216827393,6.235500335693359,5.012235641479492,-0.21886953711509705,unknown,unknown_stilhed_0124.wav
0.0026489540468901396,0.15407212950809426,3032.1132555445274,6255.0,50.0,288.03667163320017,13.159933480618996,11.193328074364802,16.376207160515136,-498.5986328125,40.34879684448242,23.641359329223633,19.733684539794922,14.785219192504883,12.721613883972168,8.88151741027832,8.734298706054688,6.223809242248535,6.126426696777344,2.6731996536254883,2.4810709953308105,-1.0652518272399902,unknown,unknown_stilhed_0125.wav
0.003820430487394333,0.10900681292580787,2886.467374555751,6156.0,31.0,639.8740819261291,14.213875782117755,10.903827356247549,17.061015543370075,-491.7626953125,47.510982513427734,29.248676300048828,23.098773956298828,16.347000122070312,13.83612060546875,10.694009780883789,9.929492950439453,6.8852386474609375,7.177351951599121,4.380303859710693,2.682288646697998,-1.671708583831787,unknown,unknown_stilhed_0126.wav
0.002536023734137416,0.1572598287392962,3098.2450704602966,6293.0,50.0,242.3444559160191,13.980037709665378,10.085138841879477,16.302956906623763,-498.60443115234375,41.13928985595703,25.22203826904297,20.850845336914062,14.624105453491211,11.318548202514648,7.4286580085754395,8.83156967163086,5.7614545822143555,5.602121353149414,1.4963109493255615,0.552734375,-2.6243696212768555,unknown,unknown_stilhed_0127.wav
0.0026892677415162325,0.15507219201200076,3049.3945279091026,6251.0,50.0,273.1443109902314,14.053811069032278,10.279199801831945,16.441719801448897,-496.5451965332031,42.14525604248047,26.552160263061523,21.007129669189453,15.314961433410645,12.01155948638916,8.581452369689941,9.069321632385254,6.686131477355957,6.472570419311523,2.624500274658203,1.4343366622924805,-2.642629623413086,unknown,unknown_stilhed_0128.wav
0.0026788804680109024,0.15038439902493905,2972.249421603964,6168.0,50.0,310.54897071292413,15.134801610770415,10.488321119921162,17.324385463699222,-494.0777893066406,42.652896881103516,24.750654220581055,20.30259895324707,12.698206901550293,13.548192977905273,9.108154296875,8.700356483459473,6.499366760253906,6.615198135375977,-0.04547443985939026,-0.18613576889038086,-1.7994508743286133,unknown,unknown_stilhed_0129.wav
0.0025825186166912317,0.16044752797049816,2966.1537358620612,6182.0,50.0,297.1245586619537,15.05772660571672,10.834878868394794,16.507072365009744,-495.7857666015625,43.7338752746582,25.902969360351562,20.97614288330078,15.021368026733398,11.981842041015625,8.727737426757812,9.630584716796875,5.895673751831055,5.962400436401367,1.837334156036377,1.3815666437149048,-3.017624855041504,unknown,unknown_stilhed_0130.wav
0.002822317648679018,0.1344459028689293,2950.7121553610464,6184.0,50.0,289.45564747030454,13.856777706318697,10.258748272228278,16.18638386383406,-495.938720703125,43.754066467285156,26.167131423950195,20.81413459777832,14.989042282104492,12.823134422302246,9.623385429382324,9.716896057128906,6.328150749206543,5.765968322753906,2.5886733531951904,2.37760066986084,-1.687466025352478,unknown,unknown_stilhed_0131.wav
0.00408445717766881,0.09544346521657604,2920.5846075750806,6184.0,31.0,690.093781049451,15.856964557555175,10.888229580315317,17.227914040147603,-493.8111267089844,43.801551818847656,26.969562530517578,22.31670379638672,15.084476470947266,12.462249755859375,9.118888854980469,11.307746887207031,9.30726146697998,8.38800048828125,4.1123480796813965,2.2597146034240723,-1.1211469173431396,unknown,unknown_stilhed_0132.wav
0.003486673114821315,0.1157572348271767,2741.8562963853446,6074.0,50.0,534.2213640973556,15.006278204925021,10.798611277457468,16.694041879554252,-491.63751220703125,48.32362365722656,29.586322784423828,24.694581985473633,18.51514434814453,14.240758895874023,8.666322708129883,7.923529624938965,5.5366950035095215,4.74251651763916,1.5374723672866821,0.648556649684906,-3.4990339279174805,unknown,unknown_stilhed_0133.wav
0.0027690811548382044,0.14032127007937997,2999.2370788469216,6235.0,50.0,322.93134532738065,13.68794574569479,10.19283587432697,15.858803900719284,-496.9252624511719,42.942474365234375,26.218353271484375,21.095142364501953,15.311933517456055,13.161853790283203,7.863436222076416,9.913850784301758,7.255032539367676,6.8724799156188965,4.0146331787109375,2.621908664703369,-3.039546489715576,unknown,unknown_stilhed_0134.wav
0.002474019303917885,0.1649478092380774,3109.6595097397353,6281.0,50.0,227.1344142798291,14.385327861756192,11.00228237754955,16.82832868310841,-498.330322265625,39.918907165527344,23.4019718170166,18.93899917602539,13.220771789550781,10.808403015136719,9.158710479736328,10.093761444091797,7.0466814041137695,6.9338836669921875,2.926781177520752,1.5635547637939453,-2.544844388961792,unknown,unknown_stilhed_0135.wav
0.002709463471546769,0.16126007875492218,3034.31957703973,6213.0,50.0,285.62917350161405,17.057675078544165,11.16989076877815,16.964299328758848,-490.04119873046875,43.457855224609375,21.398391723632812,17.426239013671875,11.987570762634277,10.088489532470703,9.439864158630371,9.979192733764648,6.627127170562744,5.781940460205078,1.083744764328003,0.8505479097366333,-3.611575126647949,unknown,unknown_stilhed_0136.wav
0.0031641535460948944,0.1344459028689293,2851.9943761595982,6081.0,50.0,430.4516316592574,14.819088945860663,10.712906137493354,17.971569817431806,-494.42877197265625,44.352149963378906,27.303686141967773,23.423080444335938,15.023589134216309,13.771492958068848,8.64542007446289,8.512222290039062,6.019883632659912,7.297426700592041,3.5607476234436035,1.7529165744781494,-3.0356738567352295,unknown,unknown_stilhed_0137.wav
0.0039993892423808575,0.13625851615725984,2649.351370313945,5989.0,156.0,1326.8956661523139,16.114567997914087,10.786709092985243,16.50579255417625,-490.70196533203125,48.71310806274414,29.101806640625,21.944904327392578,15.348203659057617,11.613384246826172,6.937671184539795,8.009312629699707,4.0560102462768555,4.105529308319092,0.3363029658794403,-0.5722156763076782,-2.8842742443084717,unknown,unknown_stilhed_0138.wav
0.002624636748805642,0.15488468029251828,3070.8664822661726,6184.0,50.0,257.3966962593437,16.03444299346542,13.530001481960243,19.31641588813591,-491.3848876953125,42.57123565673828,22.7857666015625,20.593597412109375,12.247506141662598,10.070531845092773,10.060619354248047,10.02462100982666,5.222134113311768,5.708720684051514,1.6806161403656006,1.5433413982391357,-2.313622236251831,unknown,unknown_stilhed_0139.wav
0.002641501370817423,0.1572598287392962,3011.566524720335,6217.0,50.0,304.0638874304534,14.169932849800677,11.243189322098289,16.33525048948069,-497.2568054199219,41.50205993652344,23.508665084838867,21.087308883666992,14.879980087280273,12.248409271240234,10.550776481628418,10.477922439575195,5.413033485412598,5.082766056060791,1.6018247604370117,-0.15921422839164734,-3.545841693878174,unknown,unknown_stilhed_0140.wav
0.003037260612472892,0.13113319582473904,2779.2914987525664,6079.0,50.0,387.7598166847743,13.534628334515364,10.38969254312568,16.90575539182955,-493.6082763671875,46.954505920410156,29.259185791015625,23.558494567871094,17.59524917602539,15.274039268493652,11.4944486618042,10.524051666259766,6.861776351928711,6.785573959350586,2.1057329177856445,1.8414151668548584,-1.9186553955078125,unknown,unknown_stilhed_0141.wav
0.00323618296533823,0.1347584224014001,2885.5770630869224,6166.0,50.0,419.59979940584606,14.147349832844563,10.712761111771039,16.556783184963862,-495.58856201171875,44.45179748535156,27.917299270629883,22.42333221435547,15.9888277053833,12.842201232910156,9.388750076293945,10.448148727416992,7.047123432159424,7.059383392333984,2.4420714378356934,0.3733512759208679,-2.44787859916687,unknown,unknown_stilhed_0142.wav
0.0027388157323002815,0.1421338833677105,2938.990443820943,6162.0,50.0,309.38263426219436,19.56793514381016,12.258811232838372,17.23159105502334,-489.5864562988281,45.441001892089844,22.657718658447266,17.525447845458984,15.655132293701172,13.632226943969727,7.508798599243164,7.701642990112305,8.099874496459961,7.107892990112305,4.125794410705566,2.17292857170105,-3.5601725578308105,unknown,unknown_stilhed_0143.wav
0.002600894309580326,0.1610725670354397,2932.2091727356033,6186.0,50.0,276.4543188587684,14.371957074786662,10.755472975192538,15.965654042566936,-496.62823486328125,41.71367645263672,24.73851776123047,20.775699615478516,13.721348762512207,10.678993225097656,8.058854103088379,9.784822463989258,6.084924697875977,6.387712478637695,3.158487319946289,0.5900455713272095,-2.316584587097168,unknown,unknown_stilhed_0144.wav
0.002684628590941429,0.15444715294705919,3077.5173967191213,6293.0,50.0,291.491643806398,15.091083327581888,10.37808647125639,16.58911017672962,-493.9424133300781,43.328468322753906,24.16132354736328,19.063331604003906,14.569709777832031,13.126243591308594,8.771690368652344,8.314900398254395,5.916272163391113,6.483395576477051,3.0459799766540527,0.6637526750564575,-2.9281108379364014,unknown,unknown_stilhed_0145.wav
0.0028529090341180563,0.1504469029314332,2871.5101843290886,6138.0,50.0,361.57307191624943,18.421832037447302,11.97763583026504,17.337488933201435,-487.68194580078125,47.854957580566406,24.295570373535156,17.061893463134766,13.938817977905273,12.319856643676758,7.436884880065918,8.085244178771973,7.537628650665283,6.495059490203857,2.3349430561065674,1.2548707723617554,-3.2281153202056885,unknown,unknown_stilhed_0146.wav
0.0026189617346972227,0.1586974185886618,3046.657415761129,6215.0,50.0,238.6643502351418,14.217623438690184,10.327955338589959,16.426234015471643,-495.45703125,43.58243179321289,24.011154174804688,19.133405685424805,14.36018180847168,12.460683822631836,8.18478012084961,8.579636573791504,4.863319396972656,5.051624774932861,1.8674851655960083,0.4239136278629303,-3.5938448905944824,unknown,unknown_stilhed_0147.wav
0.0027663784567266703,0.17588599287455467,2901.1308949196878,5934.0,50.0,288.3910485310996,28.2814412035517,28.093310551571005,23.596005519643615,-475.8597412109375,44.355316162109375,16.291366577148438,20.79590606689453,8.17585277557373,7.612792015075684,9.052684783935547,7.136875629425049,4.014362335205078,4.695514678955078,-2.536837100982666,1.8523128032684326,-1.2575684785842896,unknown,unknown_stilhed_0148.wav
0.0029951189644634724,0.12332020751296956,2845.538256644044,6149.0,50.0,376.89064627771285,13.848540863613612,10.293245118687352,15.89882367947531,-494.3514709472656,46.2393798828125,28.567100524902344,21.955455780029297,14.765861511230469,12.638047218322754,10.397727966308594,9.475448608398438,4.288397789001465,5.051793575286865,2.574913740158081,2.2390761375427246,-1.112184762954712,unknown,unknown_stilhed_0149.wav
0.012928720563650131,0.14044627789236827,1857.4152712385776,4073.0,477.0,5955.547387312747,5040.655341425965,156.2705730265521,320.5843936546805,-400.4294128417969,79.98085021972656,31.946308135986328,21.879423141479492,-5.154760837554932,-1.4999240636825562,-1.7122756242752075,-13.312723159790039,-4.540534019470215,0.7593096494674683,-1.2364063262939453,10.289445877075195,-0.9295444488525391,unknown,unknown_stilhed_0150.wav
0.0026665255427360535,0.15582223888993063,2956.502329836499,6200.0,50.0,265.8125670270858,19.57241380997589,13.113569228696143,17.168926617483024,-487.5644836425781,45.54655456542969,19.480731964111328,16.54135513305664,15.571908950805664,14.27269172668457,7.156811237335205,6.500271797180176,7.204880714416504,6.464754104614258,3.38763165473938,0.9994593858718872,-2.783210277557373,unknown,unknown_stilhed_0151.wav
0.002739539137110114,0.15532220763797738,2982.4075051861214,6236.0,50.0,329.2517507074235,15.01788134801937,10.763797165428379,16.526206620970378,-495.3581848144531,42.663124084472656,24.65225601196289,19.839080810546875,15.086591720581055,12.91678237915039,9.366059303283691,9.597719192504883,7.236179351806641,6.055667877197266,1.6048182249069214,-0.07000891864299774,-2.322002410888672,unknown,unknown_stilhed_0152.wav
0.003018868388608098,0.13625851615725984,2862.02614103285,6145.0,50.0,409.7903845299863,14.484147314616546,11.802144331487385,16.228596673887115,-493.2279968261719,45.097007751464844,25.026123046875,20.426382064819336,16.783206939697266,13.039325714111328,8.075535774230957,10.273005485534668,7.271597862243652,6.432622909545898,3.59698486328125,2.327519416809082,-1.4488446712493896,unknown,unknown_stilhed_0153.wav
0.005627106409519911,0.16288518032377022,2539.356599426344,5048.0,50.0,741.5160122501763,84.27344212766693,235.52725639580805,86.35163822083624,-435.91339111328125,55.214210510253906,16.1702880859375,29.428747177124023,12.216874122619629,2.443866014480591,0.693299412727356,2.1280479431152344,1.1230933666229248,-1.031822919845581,-1.8263282775878906,0.6145462989807129,-5.610937118530273,unknown,unknown_stilhed_0154.wav
0.0028059345204383135,0.1504469029314332,3018.9625587363,6218.0,50.0,284.24323707001736,14.362344825964618,11.675134853334988,17.95719932165798,-492.0038757324219,43.4796257019043,25.782150268554688,22.140762329101562,14.531475067138672,11.151338577270508,8.603809356689453,8.225427627563477,4.860321998596191,5.403861045837402,1.5875130891799927,1.489868402481079,-4.115715980529785,unknown,unknown_stilhed_0155.wav
0.004772154614329338,0.07512969560597538,2844.780958002408,6102.0,29.0,871.5865999986547,13.911790606772861,11.1332912405017,17.197352928414453,-495.82550048828125,44.02374267578125,28.13311767578125,24.35609245300293,16.005205154418945,14.060287475585938,12.067644119262695,11.535696029663086,8.041946411132812,7.733970642089844,4.467012882232666,4.494297981262207,-0.2683698236942291,unknown,unknown_stilhed_0156.wav
0.0025430971290916204,0.15863491468216764,3024.865369736508,6244.0,50.0,253.97367645603782,14.325835838150711,10.945493720475712,16.005091753790616,-498.043701171875,40.62457275390625,22.247310638427734,19.793033599853516,15.187530517578125,12.73862361907959,7.702340602874756,7.56836462020874,5.9223151206970215,6.363741874694824,2.337698221206665,0.8054366707801819,-2.593790054321289,unknown,unknown_stilhed_0157.wav
0.002875011181458831,0.1491968248015501,2953.7941485451042,6167.0,50.0,337.5466664396521,17.02404563470322,12.272638046218086,18.884341002062833,-488.8359375,44.10676574707031,24.566234588623047,18.505096435546875,14.749664306640625,14.661235809326172,9.632511138916016,9.116077423095703,5.884599685668945,7.183608055114746,2.7261619567871094,1.6158367395401,-2.490013599395752,unknown,unknown_stilhed_0158.wav
0.003472489770501852,0.12488280517532346,2663.8843406162887,5990.0,50.0,619.1960379985014,21.619264822988242,13.744949673995997,19.83070277875921,-483.29486083984375,46.60560989379883,24.013303756713867,21.039243698120117,16.577070236206055,14.13552474975586,8.709972381591797,7.869648456573486,6.421483516693115,7.884854316711426,3.0189521312713623,1.8626220226287842,-3.475139856338501,unknown,unknown_stilhed_0159.wav
0.002607709029689431,0.15500968810550658,2867.2713358016795,6123.0,50.0,294.40443255387066,16.07960800547178,11.629545230152761,16.93577085615115,-493.6007080078125,44.17202377319336,25.356096267700195,21.290512084960938,13.047100067138672,10.436445236206055,8.825754165649414,9.004887580871582,6.2390642166137695,5.7920942306518555,1.3432401418685913,0.9095637202262878,-2.4042811393737793,unknown,unknown_stilhed_0160.wav
0.0027164609637111425,0.1542596412275767,3022.2114288465873,6237.0,50.0,282.42568872106557,17.20867723952923,12.661727865816076,15.870374473624405,-494.7894287109375,42.416927337646484,22.033105850219727,18.280738830566406,14.166132926940918,11.208830833435059,9.328660011291504,9.86842155456543,6.024417877197266,6.03203821182251,2.0524444580078125,0.9415432214736938,-2.0919694900512695,unknown,unknown_stilhed_0161.wav
0.002624032087624073,0.14632164510281892,3073.9434899328176,6255.0,50.0,293.8180096677722,12.786075818240882,10.15079779494442,16.409147090059932,-498.94073486328125,41.051029205322266,24.501827239990234,20.09534454345703,13.486665725708008,11.901737213134766,10.01324462890625,9.830963134765625,5.603401184082031,5.2333502769470215,0.2043360471725464,0.45802658796310425,-1.7143315076828003,unknown,unknown_stilhed_0162.wav
0.0050393580459058285,0.15763485217826115,2765.7406979867924,4657.0,30.0,527.8849748994658,124.00130532023805,528.4219203755706,279.90698271333054,-464.9735107421875,39.594398498535156,14.35305404663086,27.213733673095703,11.681730270385742,9.612415313720703,12.713068008422852,8.412812232971191,5.335716247558594,4.724876403808594,2.6663365364074707,4.032285690307617,-0.44701454043388367,unknown,unknown_stilhed_0163.wav
0.0036927713081240654,0.1099443715232202,2715.825240409834,6047.0,32.0,617.0354701049267,14.25573285436662,10.840260930834674,16.90332013416576,-493.5155029296875,45.65223693847656,28.94426155090332,23.955425262451172,17.78752899169922,15.077947616577148,10.915451049804688,10.604514122009277,7.751178741455078,7.666373252868652,4.1978044509887695,2.4644904136657715,-1.209499716758728,unknown,unknown_stilhed_0164.wav
0.0025163013488054276,0.15850990686917932,3070.729056273373,6283.0,50.0,257.7957556178591,14.098446370413662,11.037274583622082,16.819075015317903,-496.7014465332031,41.33502197265625,24.895702362060547,20.67502784729004,13.880160331726074,11.864011764526367,7.85734748840332,8.14326000213623,6.325295448303223,6.909811973571777,2.3210463523864746,0.899924099445343,-1.7067508697509766,unknown,unknown_stilhed_0165.wav
0.0032217083498835564,0.13200825051565723,2694.0116150204576,6004.0,50.0,531.6284705610786,19.612830129660402,11.589049284393674,17.19108374709289,-487.72271728515625,49.79314422607422,27.387744903564453,21.087200164794922,16.715476989746094,14.319615364074707,8.671867370605469,8.193517684936523,5.2461957931518555,5.877817153930664,2.072582721710205,0.5783323049545288,-4.3397908210754395,unknown,unknown_stilhed_0166.wav
0.002865757793188095,0.14625914119632477,2862.3992597371794,6134.0,50.0,397.90597512148776,14.428353771616015,10.871967141801253,16.316213605977076,-495.70562744140625,45.30888366699219,27.322158813476562,22.131633758544922,15.391716003417969,12.487164497375488,8.769681930541992,10.107267379760742,7.379753112792969,6.12753963470459,2.404310941696167,2.003829002380371,-3.453921318054199,unknown,unknown_stilhed_0167.wav
0.0026437905617058277,0.15944746546659166,3015.9416210455634,6233.0,50.0,288.206791898578,15.738464488636492,10.483071693953248,17.052750280666583,-496.63848876953125,41.42110061645508,22.930185317993164,19.897628784179688,14.37495231628418,12.351943969726562,10.540279388427734,9.280243873596191,6.531120300292969,5.896219253540039,2.395833969116211,0.979664146900177,-3.8733057975769043,unknown,unknown_stilhed_0168.wav
0.0037445712368935347,0.20538783673979624,2767.6935447538694,5376.0,50.0,324.3419694784336,72.74340243673062,134.02833926948813,72.26649707316471,-445.68231201171875,39.27388381958008,3.521872043609619,29.42974090576172,8.504932403564453,4.086002826690674,8.868827819824219,5.975053310394287,3.7790961265563965,5.3785400390625,-2.1817591190338135,2.8091161251068115,-1.5764803886413574,unknown,unknown_stilhed_0169.wav
0.002603396773338318,0.1615100943808988,3062.84813609952,6257.0,50.0,247.7536751554352,14.950455164427243,11.021250648152833,16.611285540378766,-494.85791015625,41.87921905517578,23.917984008789062,20.877613067626953,13.5248441696167,11.222886085510254,9.60705280303955,8.510360717773438,5.915617942810059,7.407580375671387,2.515242338180542,-0.19386127591133118,-4.057778358459473,unknown,unknown_stilhed_0170.wav
0.002888718619942665,0.13994624664041502,2750.9599617827425,6008.0,50.0,405.1779448954023,19.181538896266332,11.721916591592773,17.206819235576802,-488.54339599609375,47.06801223754883,24.01253318786621,18.58945083618164,15.709573745727539,15.595486640930176,8.67279052734375,7.405207633972168,6.550780296325684,6.979467391967773,1.8577107191085815,1.642874002456665,-2.073453903198242,unknown,unknown_stilhed_0171.wav
0.002709653228521347,0.15350959434964687,3032.148521251986,6224.0,50.0,271.042533932653,13.896144238921197,11.092908824810799,16.275526727104843,-494.809326171875,42.808616638183594,24.312034606933594,20.311555862426758,14.821781158447266,12.742177963256836,9.971511840820312,10.431873321533203,6.737339973449707,5.866124629974365,2.392862319946289,2.8230977058410645,-1.5717284679412842,unknown,unknown_stilhed_0172.wav
0.015916893258690834,0.08481780111256954,1555.816743599035,3710.0,42.0,6611.397386137082,98.85618347733443,88.3755126470644,32.4591106184381,-427.4669189453125,70.44505310058594,25.686389923095703,40.85574722290039,22.295238494873047,5.008207321166992,3.326824188232422,2.6891415119171143,2.270177125930786,-1.0385408401489258,-6.0779008865356445,-1.0802794694900513,-1.7223526239395142,unknown,unknown_stilhed_0173.wav
0.0029155134689062834,0.1308831801987624,2954.9957435973492,6185.0,50.0,401.91371483522795,15.38782657758687,10.977616366009261,16.301467012682387,-496.7054138183594,42.467689514160156,25.859493255615234,20.77924919128418,14.210770606994629,11.473987579345703,8.479413032531738,9.656672477722168,6.74825382232666,6.229613780975342,2.059757709503174,0.6822879314422607,-4.4227800369262695,unknown,unknown_stilhed_0174.wav
0.0026305855717509985,0.1599474967185449,2880.7307237518753,6085.0,50.0,297.7848000954241,15.584659857181153,13.164854814747516,18.401894494303594,-492.4686279296875,41.58341979980469,23.435718536376953,22.65863037109375,13.261817932128906,10.746740341186523,9.649991989135742,8.65029239654541,4.901777744293213,4.323988437652588,1.2348809242248535,1.352553129196167,-2.5538508892059326,unknown,unknown_stilhed_0175.wav
0.002580616855993867,0.1598224889055566,3052.369488511633,6267.0,50.0,259.4840031514159,16.39321113467811,11.487296112062927,16.132984973014725,-493.22015380859375,41.52684020996094,21.876171112060547,19.84396743774414,14.694190979003906,10.349609375,8.85359001159668,8.500143051147461,5.931210517883301,6.037844181060791,1.1455074548721313,0.6517716646194458,-1.4295954704284668,unknown,unknown_stilhed_0176.wav
0.00270371837541461,0.14863428964310268,2975.2060936490107,6215.0,50.0,298.3123589162539,18.536340271020247,12.17662698863344,16.529487922639568,-491.3170471191406,44.98423767089844,22.128402709960938,15.963786125183105,15.4847412109375,13.92030143737793,8.680233001708984,9.940969467163086,7.836297988891602,6.879670143127441,2.959169864654541,-0.11674797534942627,-4.480908393859863,unknown,unknown_stilhed_0177.wav
0.0027506265323609114,0.15100943808988063,2997.1397505307846,6215.0,50.0,315.7870030309672,14.60303940641093,10.358156261670786,16.4952395267852,-496.52166748046875,43.99925994873047,27.213266372680664,22.071697235107422,15.254667282104492,11.957304000854492,9.067474365234375,8.543233871459961,4.670710563659668,4.544200897216797,2.033634901046753,1.1077983379364014,-3.944701671600342,unknown,unknown_stilhed_0178.wav
0.003007437102496624,0.13888368023001438,2855.802502824386,6118.0,50.0,345.3570139586466,15.652938502755921,12.113632361595004,16.978923214860444,-490.6937255859375,46.12455749511719,25.333229064941406,22.623104095458984,16.302658081054688,12.760530471801758,9.252397537231445,7.357851982116699,5.582088947296143,6.478067398071289,1.8078529834747314,1.496677279472351,-0.949504017829895,unknown,unknown_stilhed_0179.wav
0.03243998810648918,0.10050628164260267,1433.4300237409516,3218.0,443.0,47468.18642094851,2680.1081926836114,1354.082846430702,255.8629198562863,-364.08428955078125,86.82299041748047,17.26731300354004,48.909461975097656,15.26966667175293,-15.22874927520752,-21.411334991455078,-13.34483528137207,-6.108124732971191,-17.04369354248047,-9.014922142028809,-0.6636826992034912,-7.596218109130859,unknown,unknown_stilhed_0180.wav
0.003957560285925865,0.10388149259328708,2805.051086276677,6096.0,50.0,592.117698370168,19.263782449224372,12.37285695428778,18.777994478967766,-487.4911804199219,46.495140075683594,26.324859619140625,22.94964599609375,14.89041519165039,11.165796279907227,9.930131912231445,10.008194923400879,6.627293109893799,6.451013088226318,3.253755569458008,2.1845946311950684,-2.35353946685791,unknown,unknown_stilhed_0181.wav
0.002595391357317567,0.1498843677729858,3070.6486556482987,6258.0,50.0,264.1989519926044,14.38773158738725,10.655800356670007,16.807123059980924,-495.504150390625,44.07191467285156,24.971515655517578,20.417884826660156,13.558918952941895,11.313274383544922,7.234709739685059,7.711869716644287,5.265507221221924,5.867046356201172,2.4594566822052,1.1422524452209473,-2.9790663719177246,unknown,unknown_stilhed_0182.wav
0.002921650419011712,0.14725920370023127,3043.715162070406,6262.0,50.0,282.7839992683544,14.688782332136153,11.980364091943809,16.719786925934876,-485.290771484375,47.58632278442383,21.81817054748535,20.03057861328125,12.391613006591797,7.893475532531738,7.741819381713867,8.78599739074707,6.142529487609863,6.548479080200195,2.14042329788208,-0.801068902015686,-3.543797016143799,unknown,unknown_stilhed_0183.wav
0.002531633712351322,0.15900993812113257,3070.241767524216,6257.0,50.0,225.98531667476297,13.179479267163774,10.412400497438282,16.37596874344404,-499.38702392578125,40.58500671386719,23.816871643066406,21.121654510498047,14.602349281311035,12.478755950927734,8.87507438659668,9.007941246032715,7.440465450286865,6.293365001678467,1.7932548522949219,1.2066271305084229,-1.8804171085357666,unknown,unknown_stilhed_0184.wav
0.002572271041572094,0.15300956309769362,3089.710714309206,6280.0,50.0,273.8788466303013,13.652992989219733,10.192663814326208,16.257204868760752,-496.8251647949219,41.8580322265625,24.893993377685547,20.47943115234375,14.116743087768555,10.752663612365723,6.8864359855651855,8.445758819580078,5.85148811340332,6.342965602874756,1.308820366859436,0.6749729514122009,-2.2748873233795166,unknown,unknown_stilhed_0185.wav
0.002795261098071933,0.1469466841677605,3046.6087459069895,6312.0,50.0,324.9473896585846,13.691627396853908,10.696182913489805,16.47220781922143,-495.72857666015625,41.006832122802734,25.69910430908203,21.71453094482422,14.910910606384277,11.509564399719238,10.142515182495117,10.379057884216309,6.64876127243042,7.205484867095947,3.1002798080444336,1.623408317565918,-2.154609441757202,unknown,unknown_stilhed_0186.wav
0.0026696084532886744,0.1476342271391962,3056.3040194410573,6278.0,50.0,283.27136983466164,14.979314984302324,11.743296676856538,16.700681216439804,-494.8162841796875,42.28575897216797,24.498502731323242,20.727798461914062,14.33855152130127,10.808836936950684,7.877754211425781,7.604500770568848,5.840801239013672,6.938570499420166,2.1116385459899902,0.506881594657898,-3.328468084335327,unknown,unknown_stilhed_0187.wav
0.002804250456392765,0.1566972935808488,3037.0654303267333,6317.0,50.0,336.53424500954685,14.253941088672033,10.295830784432162,16.17835446202387,-498.057373046875,41.27494812011719,26.410503387451172,20.279043197631836,14.521858215332031,11.233688354492188,8.574506759643555,8.125246047973633,6.816034317016602,6.918743133544922,2.6300487518310547,0.6036961674690247,-3.327218532562256,unknown,unknown_stilhed_0188.wav
0.0025486547965556383,0.15563472717044816,3080.9436114019054,6248.0,50.0,242.2534822206928,14.613864716147337,10.100015624562307,16.737319021011945,-496.98876953125,42.573760986328125,24.85837173461914,18.031591415405273,11.538007736206055,11.247217178344727,8.126328468322754,8.782285690307617,6.29552698135376,6.022512435913086,1.5559473037719727,0.21433544158935547,-2.8446292877197266,unknown,unknown_stilhed_0189.wav
0.002573000732809305,0.14769673104569037,3006.7356650178767,6209.0,50.0,294.58798249674913,13.917856766236923,10.670106423594806,16.748800675106423,-497.1708984375,40.59363555908203,24.316675186157227,21.272178649902344,15.560791969299316,12.021080017089844,7.929074764251709,9.570869445800781,6.880197525024414,6.934062957763672,2.77500319480896,1.6799814701080322,-2.348997116088867,unknown,unknown_stilhed_0190.wav
0.002895632991567254,0.1402587661728858,2758.139845357994,6047.0,50.0,360.71562452781046,29.005651410366823,11.8840800377804,17.239624661558636,-486.54742431640625,49.93402099609375,24.63160514831543,16.278575897216797,12.215889930725098,12.05055046081543,8.481477737426758,7.611996650695801,5.700455665588379,4.726521968841553,0.958800196647644,0.5761427283287048,-2.228715181350708,unknown,unknown_stilhed_0191.wav
0.0025909235700964928,0.15838489905619102,3012.649540390721,6207.0,245.0,273.16076540115165,15.78560824935613,12.525011810239379,17.55455827000793,-493.58203125,41.496604919433594,23.97467803955078,21.930973052978516,14.453832626342773,11.79006576538086,8.958779335021973,8.455161094665527,5.20988655090332,6.220648765563965,1.8752881288528442,-0.20249426364898682,-3.7138118743896484,unknown,unknown_stilhed_0192.wav
0.0027891905046999454,0.1392587036689793,2899.745566070784,6190.0,50.0,349.66096027951744,14.549209937122091,10.764956654385008,16.132501527370632,-497.32666015625,42.12689971923828,26.760526657104492,22.328609466552734,13.285049438476562,10.78924560546875,10.253686904907227,9.616842269897461,6.205334663391113,5.779380798339844,1.8441003561019897,0.8855951428413391,-2.691586971282959,unknown,unknown_stilhed_0193.wav
0.002582036890089512,0.15663478967435465,3103.458946941143,6305.0,50.0,260.62054752704756,13.61151741655732,11.172543246422793,16.366051302781074,-498.10784912109375,40.847896575927734,24.742624282836914,20.05910301208496,14.298421859741211,11.52462100982666,9.078995704650879,8.894689559936523,5.366109371185303,5.735493183135986,2.61264967918396,1.4613184928894043,-1.9802873134613037,unknown,unknown_stilhed_0194.wav
0.003378627821803093,0.12657041065066565,2876.1014095609803,6178.0,50.0,614.4388412006005,15.259548855955021,10.66182160432749,16.012179232294006,-495.41754150390625,44.624271392822266,26.901674270629883,20.301437377929688,15.297416687011719,11.905502319335938,9.883429527282715,11.000036239624023,7.291682720184326,6.970311164855957,4.001840591430664,2.826122283935547,-1.5744587182998657,unknown,unknown_stilhed_0195.wav
0.0025482659693807364,0.1610725670354397,2979.6977325024814,6172.0,50.0,266.8729713671582,15.750765911880718,12.961536106097736,16.90946953605099,-496.11895751953125,41.73717498779297,24.075754165649414,20.618907928466797,13.885208129882812,10.514741897583008,8.731761932373047,7.864888668060303,5.278155326843262,5.984015464782715,2.4607110023498535,1.4338335990905762,-1.9968420267105103,unknown,unknown_stilhed_0196.wav
0.002503545954823494,0.16838552409525595,3134.8626189721645,6310.0,50.0,232.95474861876704,13.839949945198505,10.905803799757935,16.616036882023245,-498.5309143066406,39.774879455566406,23.787826538085938,20.543067932128906,14.498199462890625,11.463863372802734,8.163618087768555,9.371382713317871,6.262547969818115,6.856983184814453,3.10730242729187,1.2958492040634155,-2.5651609897613525,unknown,unknown_stilhed_0197.wav
0.0026390349958091974,0.15325957872367024,3052.302725988264,6252.0,50.0,301.052616604691,14.391053410912932,11.412498454664146,16.218224095061366,-496.8345642089844,42.07597351074219,24.00031089782715,20.493595123291016,14.53885269165039,11.247631072998047,7.727558612823486,9.85920238494873,7.402401924133301,6.300638675689697,2.04964280128479,2.2990453243255615,-1.9931466579437256,unknown,unknown_stilhed_0198.wav
0.012961995787918568,0.1095068441777611,1467.1986754587106,3283.0,206.0,7943.437680291089,1076.5245160248085,149.0639103856596,68.76717776073906,-404.3802795410156,84.42015075683594,19.625904083251953,25.93017578125,7.88685417175293,-1.5598483085632324,-4.817911148071289,-9.939223289489746,-3.119175910949707,-0.6767295598983765,-4.423916816711426,-2.945368528366089,-7.170707702636719,unknown,unknown_stilhed_0199.wav
0.003924810327589512,0.09631851990749422,2911.6027182765974,6176.0,30.0,711.5256944326474,15.642944391647276,10.06519852739647,16.73447684428462,-495.4471435546875,43.387298583984375,27.007980346679688,22.242958068847656,16.310571670532227,14.339099884033203,11.303093910217285,11.22304630279541,6.924410820007324,7.329619884490967,4.309994220733643,1.849618911743164,-1.43735671043396,unknown,unknown_stilhed_0200.wav
0.02048361673951149,0.10369398087380462,1302.5717383896003,2451.0,387.0,21984.48070564708,7880.2558036946175,1663.7627764615809,170.72463863213363,-337.5819396972656,101.76451110839844,-1.7702730894088745,16.40983009338379,-7.007361888885498,-11.675633430480957,-7.295363426208496,-14.787774085998535,-6.660839080810547,-1.8980302810668945,-4.520379543304443,3.6723461151123047,6.4818315505981445,unknown,unknown_tmlKlasse_0001.wav
0.024698257446289062,0.07156697293580849,1332.4645161088702,2750.0,382.0,26731.53005839777,8103.046815740085,710.454600963919,201.35452242400865,-345.09161376953125,108.86741638183594,-6.140584945678711,28.153013229370117,8.792839050292969,-4.465984344482422,-4.549069881439209,-19.892038345336914,-8.163467407226562,-5.576753616333008,-10.145278930664062,2.1009302139282227,-4.650455474853516,unknown,unknown_tmlKlasse_0002.wav
0.025491977110505104,0.07981748859303707,1417.4435565405863,3041.0,261.0,27172.63857258245,6666.9545795363865,1223.0757056266393,349.539028023252,-324.6116638183594,111.04051971435547,4.708666801452637,35.21141815185547,-2.2871859073638916,-14.727710723876953,-10.999685287475586,-17.852649688720703,-1.9887681007385254,-0.12055295705795288,-2.1356019973754883,-2.8076441287994385,-7.620802879333496,unknown,unknown_tmlKlasse_0003.wav
0.021271174773573875,0.058941183823988996,1548.0616375664308,3518.0,210.0,6234.2806300150405,209.85106298236505,110.37053172566584,32.75395140307383,-387.3734436035156,91.37632751464844,15.075990676879883,37.93262481689453,18.500606536865234,-5.659643173217773,-6.777627468109131,-8.091455459594727,-4.526518821716309,-3.806208372116089,-10.530401229858398,-2.830601215362549,-2.9460105895996094,unknown,unknown_tmlKlasse_0004.wav
0.027882693335413933,0.11038189886867929,1631.373550382064,3078.0,314.0,22916.598378484425,14285.034645205888,4867.169512647092,676.5993163795554,-315.27984619140625,94.48928833007812,4.155129432678223,27.63317108154297,-4.525644302368164,-5.785394191741943,-2.48225998878479,-10.788941383361816,-5.01413631439209,-7.38707971572876,-12.604707717895508,1.552472710609436,-4.234367370605469,unknown,unknown_tmlKlasse_0005.wav
0.010824657045304775,0.09000562535158448,1490.6457641485683,3351.0,567.0,2309.0805126309237,1693.249311288235,37.79153512820605,25.82962297779596,-401.32421875,100.653564453125,18.571147918701172,11.513555526733398,-0.791685938835144,0.6445788741111755,0.172073632478714,-15.155113220214844,-12.216888427734375,3.3950610160827637,3.2424895763397217,7.006826400756836,4.425572395324707,unknown,unknown_tmlKlasse_0006.wav
0.02095145918428898,0.06506656666041627,1425.5070838728598,3517.0,253.0,19179.827720009474,1433.1379830208452,155.52094046408564,121.59458082511134,-356.4296569824219,98.5518798828125,24.963394165039062,24.65985107421875,1.6215832233428955,-1.8924447298049927,-5.357794761657715,-9.852792739868164,-5.246334075927734,-2.6146950721740723,-2.549461841583252,-0.9363709092140198,-4.814180374145508,unknown,unknown_tmlKlasse_0007.wav
0.022491689771413803,0.08306769173073317,1217.5800118040945,2294.0,397.0,10666.171269545532,11502.71469292661,662.4196674895649,73.2925741751605,-354.0816650390625,111.63878631591797,-7.498532295227051,24.905696868896484,0.2218111753463745,-21.80957794189453,2.31809663772583,-3.965963363647461,-9.13609504699707,1.0759249925613403,-8.496277809143066,-1.985508918762207,2.777200698852539,unknown,unknown_tmlKlasse_0008.wav
0.008996122516691685,0.10481905119069942,2143.6917593003413,4795.0,50.0,1484.8690040296115,79.84219449884975,132.0235194091496,54.93077099595405,-440.25250244140625,65.36958312988281,20.31787109375,34.81678771972656,17.01061248779297,5.422519683837891,3.653761625289917,-1.0617631673812866,-1.3723742961883545,-0.3526074290275574,-6.281380653381348,1.442768931388855,2.0864686965942383,unknown,unknown_tmlKlasse_0009.wav
0.005377796478569508,0.11906994187136696,1861.2066535407798,4241.0,50.0,986.4109726854683,412.08284077368467,55.460117316026505,32.774521673332494,-426.69573974609375,78.27120971679688,15.153818130493164,20.7635498046875,7.267444133758545,1.1806010007858276,-2.494792938232422,-4.748771667480469,0.022718220949172974,4.10319709777832,2.6706948280334473,4.607494354248047,-1.538978099822998,unknown,unknown_tmlKlasse_0010.wav
0.011878499761223793,0.11338208638039877,1589.0539819484636,3231.0,378.0,4437.480990143924,364.0044427838311,194.28295876193903,37.32003652575267,-402.62115478515625,83.32757568359375,5.818742752075195,25.922645568847656,11.643082618713379,2.429182529449463,-4.705710411071777,-17.379928588867188,-7.122791767120361,-0.6221088171005249,-7.964347839355469,-1.7665507793426514,4.489274978637695,unknown,unknown_tmlKlasse_0011.wav
0.013608642853796482,0.09219326207887993,1356.8730622989924,3157.0,256.0,8937.103284091783,914.4575319507333,119.93258221531063,93.88455861764812,-379.411865234375,95.64375305175781,7.296816349029541,33.222084045410156,1.6774672269821167,-6.5779194831848145,1.053823471069336,-13.609908103942871,-2.5740959644317627,-1.3454852104187012,-5.227577209472656,7.89886999130249,-1.442549228668213,unknown,unknown_tmlKlasse_0012.wav
0.04424765333533287,0.07194199637477343,1073.169555462863,2037.0,432.0,57844.797106016325,14534.3563761979,1531.3785713392663,116.73213878839925,-308.538330078125,132.61117553710938,-4.914247512817383,15.85977554321289,-4.70026969909668,-11.445505142211914,-4.269822120666504,-18.346271514892578,-16.320886611938477,-1.7870488166809082,-4.05812406539917,-3.33671498298645,-3.0774459838867188,unknown,unknown_tmlKlasse_0013.wav
0.02732737734913826,0.07675479717482343,1196.5465992120373,2238.0,549.0,14493.023561196958,24679.570990576256,243.43407988215677,154.70962707505552,-334.7416076660156,121.50871276855469,9.364984512329102,12.743896484375,-11.039178848266602,-8.299457550048828,-14.908882141113281,-21.56287956237793,-9.739856719970703,-0.6631627082824707,2.037907123565674,3.2828898429870605,-4.563850402832031,unknown,unknown_tmlKlasse_0014.wav
0.020224319770932198,0.1204450278142384,1841.9705733659157,3553.0,151.0,6644.737431821739,1244.298996041298,1470.937192137252,638.5412226330375,-345.0719909667969,88.872802734375,-0.19714397192001343,32.12277603149414,4.944357872009277,-3.2915711402893066,1.9732069969177246,-6.235401630401611,5.478549957275391,4.312561988830566,-2.7080788612365723,7.294532299041748,4.807955741882324,unknown,unknown_tmlKlasse_0015.wav
0.002643827348947525,0.1605100318769923,2667.8213320722084,5836.0,50.0,224.37633731562266,46.59507567732635,17.693553742167474,19.554469109012,-474.1465759277344,53.82443618774414,18.973499298095703,15.113420486450195,8.11488151550293,6.633160591125488,2.809725284576416,4.548524856567383,4.214402675628662,5.82077169418335,4.551103591918945,8.105463027954102,4.819620132446289,unknown,unknown_tmlKlasse_0016.wav
0.016702132299542427,0.08188011750734421,1530.570588333606,3298.0,250.0,12358.565191488482,624.5834337409633,567.8399086415794,115.05126878918193,-370.318359375,91.96275329589844,10.84909725189209,41.98290252685547,-0.06608867645263672,-16.049758911132812,-6.006723403930664,-13.111434936523438,-3.3786845207214355,-8.667806625366211,-4.929281711578369,7.078145503997803,-3.292524576187134,unknown,unknown_tmlKlasse_0017.wav
0.018409648910164833,0.056253515844740296,1331.5925343130234,3155.0,211.0,9130.579304188015,1037.3894934815787,49.360496812731256,32.55075081387601,-394.88140869140625,105.32073974609375,24.27385139465332,25.210262298583984,7.017645835876465,3.661250114440918,-8.392499923706055,-16.393707275390625,-7.831478118896484,-4.529969692230225,-2.2523138523101807,-2.413351058959961,-5.242472171783447,unknown,unknown_tmlKlasse_0018.wav
0.04626227915287018,0.08181761360085005,1431.5540926101578,3113.0,533.0,40562.29236440494,36388.82119083938,1394.5682065288654,648.1839227235427,-291.6854248046875,115.39901733398438,-8.097872734069824,26.858257293701172,-1.8740073442459106,-11.903300285339355,-9.63451862335205,-25.003454208374023,-4.879042625427246,3.0576722621917725,-3.9799089431762695,2.524456024169922,-5.336727619171143,unknown,unknown_tmlKlasse_0019.wav
0.01550506055355072,0.08169260578786174,1471.0209335090012,3062.0,144.0,6240.641020728434,784.4228149576168,229.25876148870134,46.0390165308595,-368.85076904296875,105.7821044921875,2.2430906295776367,27.435001373291016,9.619603157043457,-7.4543352127075195,-5.270435333251953,-16.149770736694336,-10.56450080871582,3.5999863147735596,-0.5269041657447815,0.1634322702884674,-2.1370391845703125,unknown,unknown_tmlKlasse_0020.wav
0.007873636670410633,0.08988061753859616,1481.2729867815274,3760.0,50.0,3308.33821085957,287.52213474482113,28.324895866240816,18.071154650304912,-449.23748779296875,80.74697875976562,31.33669662475586,23.08864974975586,14.223665237426758,7.132380485534668,0.3032342791557312,-1.9620070457458496,-3.467353343963623,-0.7741317749023438,-1.9561842679977417,-1.515275001525879,-4.200243949890137,unknown,unknown_tmlKlasse_0021.wav
0.009054403752088547,0.11431964497781111,1625.580129920753,3537.0,50.0,3996.91980201926,442.9234366225164,155.61976033082425,57.19805292963018,-401.5340576171875,78.48775482177734,4.578518867492676,24.271974563598633,10.661824226379395,4.135798454284668,5.607154846191406,-6.824092388153076,-5.826895236968994,-4.343560218811035,-5.520734786987305,1.8691939115524292,1.1497721672058105,unknown,unknown_tmlKlasse_0022.wav
0.00781796220690012,0.09425589099318707,1739.7255848871664,4053.0,50.0,2097.415611820977,161.13704531423505,87.63537733673557,35.46416311067483,-417.64666748046875,82.29485321044922,17.230085372924805,28.728954315185547,11.888132095336914,-0.39249277114868164,-5.414848327636719,-7.032220840454102,-1.6313738822937012,-0.097275510430336,-5.347774028778076,2.887826919555664,0.6170557737350464,unknown,unknown_tmlKlasse_0023.wav
0.03150079399347305,0.0743796487280455,1246.4596577843113,2507.0,474.0,30531.22118949375,915.1952010237981,150.59498688330984,35.51248463116842,-381.314208984375,104.19619750976562,11.770837783813477,26.76709747314453,11.533153533935547,-2.057892322540283,-2.885467052459717,-14.489584922790527,-12.71802806854248,-0.10813543200492859,-2.4561681747436523,-0.2557591199874878,-2.3136439323425293,unknown,unknown_tmlKlasse_0024.wav
0.009925328195095062,0.0939433714607163,1500.930289114421,3106.0,336.0,3778.468298500884,1950.2317465984156,126.59832415215799,40.56031582850176,-419.8150939941406,89.35659790039062,15.136884689331055,18.424097061157227,9.854387283325195,-0.2593950033187866,-7.390346527099609,-9.062662124633789,-1.579387903213501,1.5048521757125854,-6.1025190353393555,0.045951247215270996,1.202080488204956,unknown,unknown_tmlKlasse_0025.wav
0.017088359221816063,0.0854428401775111,1432.849474275566,3078.0,273.0,6989.706048145863,903.5533664971866,257.42215056596456,65.55654924024903,-383.5958251953125,99.83873748779297,11.792509078979492,29.59339714050293,9.286283493041992,-2.6619112491607666,-3.0755085945129395,-14.77213191986084,-10.42996883392334,2.3692924976348877,-0.9562088847160339,-1.0132813453674316,-3.2737860679626465,unknown,unknown_tmlKlasse_0026.wav
0.060486894100904465,0.10813175823488969,1562.6621497375215,3112.0,416.0,96558.94934753075,31326.239260366732,9621.22949435309,3281.44494373378,-254.75091552734375,102.18671417236328,-22.14307975769043,48.84453582763672,-1.253908634185791,-24.550058364868164,-10.404156684875488,-30.525856018066406,-2.9143786430358887,-1.0287635326385498,-12.721189498901367,8.51754379272461,-2.4068222045898438,unknown,unknown_tmlKlasse_0027.wav
0.015538151375949383,0.15488468029251828,1887.6118299787665,4592.0,345.0,10943.032321401983,1466.6796283437216,239.55952278909405,86.95509341899223,-395.22662353515625,70.6993637084961,21.014236450195312,24.03082847595215,7.256625175476074,1.4558308124542236,-7.097542762756348,-8.22711181640625,-4.4786176681518555,-1.2376066446304321,0.09155899286270142,1.9181110858917236,1.6478179693222046,unknown,unknown_tmlKlasse_0028.wav
0.006620044354349375,0.11738233639602476,1757.1457845244875,3766.0,50.0,1713.1680539064919,843.1057647054015,126.017312750701,34.891182846369745,-419.2168884277344,83.87799072265625,16.97561264038086,16.988433837890625,1.9797179698944092,-2.0703320503234863,0.26702070236206055,-4.871737003326416,-0.4313443601131439,4.93857479095459,5.45290470123291,6.419486045837402,0.8201248645782471,unknown,unknown_tmlKlasse_0029.wav
0.02356048859655857,0.09031814488405525,1296.0508836642643,2311.0,506.0,10404.637609345125,20019.10535899656,2439.495225859378,290.62585220312315,-344.4385070800781,114.24699401855469,-11.285117149353027,26.39386749267578,3.1760687828063965,-18.34705352783203,-7.039084434509277,-9.404353141784668,-3.7652206420898438,0.9228246808052063,-9.826936721801758,7.5282697677612305,4.012668132781982,unknown,unknown_tmlKlasse_0030.wav
0.00671883812174201,0.13407087942996437,1894.8252636259076,4316.0,50.0,1901.795449520242,168.83230085403252,95.12588983283999,39.83269038273956,-432.060546875,73.96436309814453,25.039772033691406,21.832040786743164,3.0224411487579346,-2.407139301300049,-2.2137253284454346,-3.8261942863464355,0.09085328131914139,0.6850748062133789,1.2820152044296265,6.294939041137695,6.505782127380371,unknown,unknown_tmlKlasse_0031.wav
0.007993399165570736,0.09969373085817863,1715.7515215921308,3926.0,50.0,1785.5042146899755,460.19945105452337,70.74992390002068,34.313138396913565,-412.27081298828125,90.07279205322266,17.064605712890625,23.223918914794922,4.767742156982422,-3.5092146396636963,-8.191075325012207,-10.54664421081543,-0.30754613876342773,1.5561096668243408,-4.111976623535156,0.7919065952301025,2.2296671867370605,unknown,unknown_tmlKlasse_0032.wav
0.011184252798557281,0.09313082067629226,1427.896451424998,3350.0,415.0,8134.947068199839,170.60961799902935,51.81131704414832,24.46433712488796,-428.34063720703125,82.53886413574219,24.06357192993164,28.489910125732422,15.829547882080078,2.3131868839263916,-3.1717944145202637,-5.535105228424072,-3.453258514404297,-0.38847529888153076,-3.423853874206543,0.3383558988571167,-0.09019798040390015,unknown,unknown_tmlKlasse_0033.wav
0.022620897740125656,0.09119319957497343,1336.7562047795163,2517.0,322.0,25214.09398971966,9739.887855523777,2023.1385462847916,150.78434594438818,-347.08514404296875,104.15840148925781,8.225242614746094,22.168560028076172,5.263514041900635,-12.055716514587402,-17.307025909423828,-13.242705345153809,-3.9094948768615723,-0.26588717103004456,-1.0219364166259766,-0.5060673952102661,-1.6954152584075928,unknown,unknown_tmlKlasse_0034.wav
0.02301226183772087,0.08381773860866304,1288.4943010909055,2633.0,380.0,30040.49230896517,5279.907003840564,722.7783932175169,149.2868638631502,-359.701171875,101.03570556640625,-1.562239646911621,24.89161491394043,0.09620404243469238,-7.3830485343933105,-1.3208708763122559,-13.393289566040039,-7.097845554351807,4.398256778717041,-0.5171666145324707,-0.48825210332870483,-0.05253410339355469,unknown,unknown_tmlKlasse_0035.wav
0.016688628122210503,0.08600537533595849,1298.038722070805,2617.0,492.0,8538.774025935165,4461.052066424553,301.617589975784,60.398282909455546,-375.29119873046875,108.23187255859375,15.777223587036133,21.312976837158203,-5.753830432891846,-5.305573463439941,-6.4513139724731445,-17.285390853881836,-4.810879230499268,0.10008606314659119,-2.8412511348724365,2.4457340240478516,0.16451206803321838,unknown,unknown_tmlKlasse_0036.wav
0.003515190677717328,0.1357584849053066,2325.759033813967,5452.0,50.0,493.1797338998444,47.849983796206914,17.4940008908533,23.76568753621614,-465.2576904296875,61.672874450683594,26.135147094726562,20.04214859008789,6.318262100219727,7.1019673347473145,4.874729633331299,2.7203116416931152,2.829897403717041,2.635561466217041,-0.006451338529586792,2.120073080062866,-1.4794116020202637,unknown,unknown_tmlKlasse_0037.wav
0.019853318110108376,0.09438089880617538,1289.8997013381402,2588.0,397.0,17268.390066131593,1064.7856080392557,327.2475712965445,61.57945014261206,-384.3951416015625,98.33081817626953,10.843006134033203,37.484397888183594,10.210472106933594,-6.196906089782715,-7.3565239906311035,-18.75107192993164,-9.442824363708496,0.4312317371368408,-4.302318096160889,-1.887394666671753,-2.8809709548950195,unknown,unknown_tmlKlasse_0038.wav
0.011411504819989204,0.12188261766360398,1658.881853549539,4222.0,292.0,3773.3666138289864,305.9193298063067,67.57762827145194,41.43197610944923,-394.4239196777344,79.12625122070312,29.189117431640625,27.439334869384766,13.273921966552734,5.4014787673950195,-9.276395797729492,-9.139816284179688,-5.706167221069336,-3.4072961807250977,-3.9523637294769287,-0.3185684084892273,-0.664814293384552,unknown,unknown_tmlKlasse_0039.wav
0.005778451915830374,0.10025626601662604,1975.8532935139756,5058.0,50.0,1272.9129225708632,79.70737787694705,20.866573967477727,20.820743845947312,-459.06219482421875,72.19755554199219,33.684730529785156,26.341148376464844,15.799751281738281,10.172706604003906,5.338228225708008,1.3822596073150635,-2.714796543121338,1.8271511793136597,3.7211451530456543,5.277922630310059,0.4319162666797638,unknown,unknown_tmlKlasse_0040.wav
0.0062561482191085815,0.11688230514407151,2055.738724858192,4540.0,50.0,1069.048352961894,122.75877733111197,89.99007760384211,37.67987546423514,-424.56695556640625,78.88093566894531,13.672330856323242,24.735931396484375,15.660507202148438,3.1685919761657715,1.0238555669784546,-1.6276124715805054,-1.271939992904663,0.2186739444732666,-3.024232864379883,0.08731162548065186,-0.3932753801345825,unknown,unknown_tmlKlasse_0041.wav
0.00993864331394434,0.07737983623976498,1728.4468210229588,4286.0,117.0,2671.4257429136114,154.90594771405222,39.10216569847135,26.803342013257886,-412.24188232421875,97.17683410644531,21.058429718017578,17.53449058532715,3.2737951278686523,2.2371132373809814,2.67210054397583,-6.281884670257568,-7.086828231811523,4.509342193603516,1.982529640197754,0.25755560398101807,-2.2009835243225098,unknown,unknown_tmlKlasse_0042.wav
0.02980281040072441,0.08694293393337084,1327.4960444413762,2965.0,387.0,58175.208053273745,2344.5745896884555,619.1990179385505,244.42012131367676,-357.20416259765625,100.01029968261719,15.72144603729248,35.87116241455078,1.7570343017578125,-6.247500896453857,-5.322253227233887,-20.245229721069336,-8.572925567626953,-0.6862564086914062,-4.218855857849121,-1.4104721546173096,-6.922797203063965,unknown,unknown_tmlKlasse_0043.wav
0.019855603575706482,0.07262953934620914,1272.569910801406,2863.0,482.0,24348.856207787278,1660.1165189892652,215.18113862193366,93.57793777660821,-377.688720703125,103.35608673095703,24.902565002441406,30.979326248168945,1.9266749620437622,-5.262543678283691,-5.134246826171875,-14.691272735595703,-7.529642105102539,-0.7029070258140564,-6.418087959289551,-2.3009071350097656,-0.3484525978565216,unknown,unknown_tmlKlasse_0044.wav
0.009254797361791134,0.07925495343458966,1638.2593121497948,3995.0,163.0,4162.225166088931,330.2475966891611,39.77891174289956,50.027058471266415,-410.5678405761719,89.39030456542969,23.926048278808594,23.71967315673828,2.585479259490967,0.9788483381271362,-4.739668369293213,-10.497893333435059,-3.4996886253356934,-1.04104745388031,-2.450411796569824,1.2881908416748047,-0.5524194240570068,unknown,unknown_tmlKlasse_0045.wav
0.02033091150224209,0.08256766047877992,1394.033145751396,2969.0,136.0,6257.675467462803,3846.2961956542513,124.6350696812327,60.6725031963082,-375.19610595703125,113.91249084472656,7.116950035095215,10.950661659240723,2.361629009246826,-3.8706204891204834,2.8039963245391846,-8.391467094421387,-13.197158813476562,3.3848636150360107,7.154404163360596,7.303777694702148,2.115452766418457,unknown,unknown_tmlKlasse_0046.wav
0.019522149115800858,0.09438089880617538,1768.0986445532176,3422.0,206.0,11550.867286749764,3059.887652727959,940.3487432529424,761.0014837379174,-346.45257568359375,97.03646850585938,3.0742146968841553,44.56761932373047,6.01318359375,-16.71865463256836,-7.17221736907959,-19.872833251953125,-4.548123359680176,-0.7535470724105835,-6.933587551116943,0.05720469355583191,-3.3163716793060303,unknown,unknown_tmlKlasse_0047.wav
0.023038510233163834,0.09794362147634227,1531.2874268274452,2969.0,143.0,10757.695705900082,8477.608497832865,1217.670693274356,264.5969432615788,-345.1001892089844,90.75201416015625,-9.705520629882812,41.986385345458984,15.418327331542969,-12.09950065612793,-2.6489830017089844,-12.349491119384766,-4.343100547790527,-0.5283600091934204,-11.559431076049805,-2.3402764797210693,0.5805889964103699,unknown,unknown_tmlKlasse_0048.wav
0.021755248308181763,0.07606725420338771,1402.3497164180737,3279.0,549.0,9530.05724973721,13943.390484724816,137.77330348249563,127.41973856138245,-376.62420654296875,102.12940979003906,27.78354835510254,32.391422271728516,-4.588879585266113,-7.432953834533691,-5.685780048370361,-15.667248725891113,-9.143901824951172,-2.401369094848633,-4.429890155792236,-1.5689371824264526,2.2504653930664062,unknown,unknown_tmlKlasse_0049.wav
0.009140039794147015,0.07644227764235265,1553.0522164370398,3802.0,263.0,3843.999712398639,104.17415190601,49.160806250630245,27.504463142664306,-422.48187255859375,87.40215301513672,27.575706481933594,30.51596450805664,12.89750862121582,4.163991451263428,-2.1046230792999268,-7.590494155883789,-4.227585315704346,-2.704624652862549,-5.591012001037598,-0.707018256187439,0.4419720470905304,unknown,unknown_tmlKlasse_0050.wav
0.01395334955304861,0.11919494968435528,1866.274580776716,4025.0,344.0,5653.120522708064,179.9673468157098,140.0201497459687,167.96826891427668,-380.4873962402344,75.90969848632812,25.184288024902344,38.88175964355469,4.901607990264893,1.3264347314834595,-4.842630386352539,-15.101405143737793,-4.25538444519043,-9.589337348937988,-5.7226152420043945,-3.5681467056274414,-5.959927558898926,unknown,unknown_tmlKlasse_0051.wav
0.008240860886871815,0.10756922307644227,1713.2331862624433,3783.0,787.0,1274.3645205749785,3252.9785171029694,58.66758642957347,60.27856131486352,-428.0316162109375,82.89036560058594,23.57185935974121,19.067899703979492,4.563379287719727,4.367264747619629,1.9635581970214844,-3.4922890663146973,-2.033086061477661,-0.151317298412323,-0.6984410285949707,1.3317710161209106,-2.929192066192627,unknown,unknown_tmlKlasse_0052.wav
0.03248288109898567,0.10256891055690981,1526.9999752103977,3157.0,604.0,23838.251818160832,35792.0790140389,1589.50768418713,559.6739334525163,-307.6036071777344,105.5842514038086,-5.0358781814575195,21.682785034179688,2.3628880977630615,-11.552236557006836,-5.8424177169799805,-19.263198852539062,-0.9781233668327332,-2.509317398071289,-2.7365570068359375,8.722452163696289,0.23460529744625092,unknown,unknown_tmlKlasse_0053.wav
0.013239461928606033,0.07081692605787862,1379.026952103643,3033.0,239.0,8565.915867070507,358.2514876123904,161.77708627431454,45.7664774265367,-407.19976806640625,100.45089721679688,24.759586334228516,30.201351165771484,14.464900970458984,-0.6804561614990234,-6.883321762084961,-17.59831428527832,-14.88538932800293,-3.48685359954834,-3.8923182487487793,-1.4494736194610596,0.17949692904949188,unknown,unknown_tmlKlasse_0054.wav
0.04740282893180847,0.09894368398024876,1415.893245648766,2973.0,679.0,69888.76327439306,46382.029275457135,4128.204891738362,1366.9200980023631,-278.986572265625,116.1619644165039,-12.482919692993164,33.15928649902344,-9.282546997070312,-17.329479217529297,-7.96839714050293,-26.63880157470703,-11.40621566772461,2.111708402633667,-2.311863660812378,-2.592777729034424,-6.311521530151367,unknown,unknown_tmlKlasse_0055.wav
0.04145272821187973,0.0817551096943559,1031.278668584797,1496.0,396.0,45594.1245342476,67481.17438645527,472.33449460514646,313.520839193288,-333.3509216308594,116.31649780273438,-3.78818416595459,13.247211456298828,-10.001108169555664,-11.293924331665039,-5.7041521072387695,-27.787067413330078,-13.231440544128418,2.5761091709136963,-1.2282068729400635,9.71367073059082,-2.9608285427093506,unknown,unknown_tmlKlasse_0056.wav
0.006224026437848806,0.09138071129445591,1953.9261641473272,4358.0,50.0,1191.1762275799492,278.98338075973203,84.34173350242477,35.45887909527541,-445.49700927734375,82.20820617675781,29.312583923339844,20.878772735595703,9.322857856750488,3.264089584350586,-1.1693856716156006,-5.061129570007324,-3.193570137023926,4.05072021484375,4.810483932495117,5.348031044006348,0.7362943291664124,unknown,unknown_tmlKlasse_0057.wav
0.05251513421535492,0.11300706294143384,1478.5485812839124,3027.0,407.0,94893.0835834936,38809.63779456796,16124.721919030002,5032.695777184443,-254.88699340820312,111.85560607910156,-26.024887084960938,42.629173278808594,-10.543987274169922,-28.376873016357422,-10.244182586669922,-22.147417068481445,1.966232180595398,-4.541609287261963,-9.928234100341797,2.622502326965332,-5.936913013458252,unknown,unknown_tmlKlasse_0058.wav
0.017081469297409058,0.08281767610475654,1222.7744993060442,2574.0,159.0,12723.265969102787,3363.4951522521505,171.46252898758146,67.97250478804297,-399.5916442871094,99.74652099609375,26.480613708496094,23.11188316345215,-0.4938703775405884,-10.306492805480957,-6.89453125,-3.8824641704559326,-1.8679472208023071,-4.296462059020996,-6.848918914794922,-3.0554285049438477,-6.236546993255615,unknown,unknown_tmlKlasse_0059.wav
0.017342859879136086,0.10631914494655915,1269.833784895081,2046.0,633.0,2853.8400546257726,11995.450664421689,35.34375122500758,26.261542369784944,-414.1058349609375,99.70621490478516,22.795808792114258,1.9759931564331055,-7.559867858886719,-3.573727607727051,-3.3085083961486816,-5.643138885498047,-5.93311882019043,-3.9241623878479004,-0.2547261714935303,8.415285110473633,4.631803512573242,unknown,unknown_tmlKlasse_0060.wav
0.017670143395662308,0.07487967997999875,1270.086431912276,2756.0,420.0,15825.871582336102,3759.0590656017102,125.15771645614473,148.951372105273,-391.6888427734375,102.44412231445312,19.747970581054688,24.79163360595703,1.4621261358261108,-1.8713254928588867,3.349637985229492,-13.020319938659668,-14.770668029785156,-0.009401559829711914,-2.5604100227355957,1.8765426874160767,-2.362464427947998,unknown,unknown_tmlKlasse_0061.wav
0.019319631159305573,0.09556847302956435,1276.345614688283,2466.0,191.0,19569.011885258442,5401.909186582265,1186.119171462858,135.4101523674374,-348.8377685546875,109.10124206542969,-5.139695644378662,30.572010040283203,7.429723262786865,-5.446882247924805,-5.043656349182129,-17.043983459472656,-7.997847557067871,-1.6743671894073486,-5.4566731452941895,-0.6105139255523682,-5.716438293457031,unknown,unknown_tmlKlasse_0062.wav
0.02808571420609951,0.10519407462966436,1738.3753565507473,3688.0,275.0,17558.795867048917,6473.988969465543,1160.5747924843013,689.4978037635407,-309.6217041015625,93.63421630859375,-0.8117942810058594,33.15803909301758,0.07641816139221191,-9.068557739257812,-11.285576820373535,-23.59661865234375,-4.317455291748047,-4.997061729431152,-4.273615837097168,-1.8784788846969604,-10.92940902709961,unknown,unknown_tmlKlasse_0063.wav
0.03599986806511879,0.07469216826051628,1172.693613892161,2214.0,439.0,72098.39178876241,14541.31220356281,1904.323537545858,323.15458404920645,-367.635009765625,108.53356170654297,7.1009135246276855,18.193912506103516,4.445011615753174,-3.0407555103302,0.5307091474533081,-9.550945281982422,-3.450363874435425,2.0106375217437744,-2.024855375289917,3.769219160079956,-3.551201581954956,unknown,unknown_tmlKlasse_0064.wav
0.004751164466142654,0.13019563722732672,2255.9426311297157,5412.0,50.0,619.116744617356,56.72750345653856,25.516162932771568,24.127901061419426,-458.82818603515625,62.79691696166992,23.772560119628906,20.41211700439453,13.006454467773438,9.706357955932617,5.5289106369018555,2.220399856567383,0.6068456768989563,0.7740350961685181,0.607372522354126,4.527988433837891,1.2745155096054077,unknown,unknown_tmlKlasse_0065.wav
0.024205219000577927,0.06725420338771174,1184.770843777059,2471.0,399.0,25190.19391698094,3765.711415539611,271.69634110630034,74.9372256540259,-363.0008544921875,111.41961669921875,11.731160163879395,29.57879638671875,2.8915233612060547,-3.2846498489379883,-12.725753784179688,-19.06761932373047,-11.063010215759277,-1.9986395835876465,-1.1148710250854492,-3.9577295780181885,-4.142642974853516,unknown,unknown_tmlKlasse_0066.wav
0.026804961264133453,0.0977561097568598,1468.0146282183705,2690.0,542.0,16655.408728035894,22456.866478602904,6563.000357309927,369.141159818834,-353.4230651855469,105.75962829589844,-7.528270244598389,25.225688934326172,14.407328605651855,-11.3885498046875,-8.664460182189941,-8.481607437133789,-8.683761596679688,7.02217435836792,2.6166341304779053,-0.5789886116981506,4.094565391540527,unknown,unknown_tmlKlasse_0067.wav
0.028658313676714897,0.08475529720607539,1561.5124269385285,3460.0,330.0,10470.780143483396,6992.445388113846,322.9240522460957,252.37441508464474,-349.553466796875,106.94393157958984,11.724047660827637,17.654037475585938,-6.938780784606934,-3.280883550643921,-14.67032241821289,-27.617801666259766,-4.879641532897949,2.7390811443328857,-2.3054919242858887,-0.02573111653327942,-10.748275756835938,unknown,unknown_tmlKlasse_0068.wav
0.01494072936475277,0.10019376211013188,1861.466315605736,4020.0,327.0,2917.9435286208754,1602.4762363115624,129.1335123905533,189.4624953642542,-370.2177734375,99.27146911621094,9.895435333251953,20.16754150390625,-0.0725928395986557,-2.469601631164551,-1.2362560033798218,-11.912423133850098,-11.003786087036133,2.4970545768737793,3.2842369079589844,1.2769947052001953,-3.6382064819335938,unknown,unknown_tmlKlasse_0069.wav
0.01102852076292038,0.09850615663478968,1374.0705968293983,3025.0,272.0,9533.903807358918,674.4759025815697,250.1298352604326,103.09754753094363,-396.1170959472656,92.22003173828125,6.902833938598633,25.78995704650879,10.751255989074707,-2.6514949798583984,-1.6741927862167358,-10.350021362304688,-7.098150253295898,6.318899154663086,0.7398164868354797,-0.6811293959617615,-3.4931230545043945,unknown,unknown_tmlKlasse_0070.wav
0.022326845675706863,0.09231826989186824,1268.3497867012325,2715.0,322.0,19759.706872858118,4248.989902075928,501.20337776413635,143.60679773623113,-356.3204345703125,100.4912338256836,13.208072662353516,35.34552764892578,-1.9398763179779053,-9.81628704071045,-11.459651947021484,-15.173751831054688,-1.5638189315795898,-9.256059646606445,-6.917325973510742,4.3885698318481445,0.8180838227272034,unknown,unknown_tmlKlasse_0071.wav
0.009844601154327393,0.08144259016188511,1469.9098603271254,3206.0,656.0,3183.4588276391855,1932.1731477175501,60.423347621170215,28.694594119777484,-410.3988037109375,89.11831665039062,23.724611282348633,28.103124618530273,9.879096984863281,2.1706485748291016,-2.5461173057556152,-13.185720443725586,-5.333277225494385,2.2899422645568848,-4.737383842468262,-1.0623316764831543,-0.756605863571167,unknown,unknown_tmlKlasse_0072.wav
0.0030275776516646147,0.1382586411650728,2511.320844572467,5839.0,50.0,368.2764279307879,26.226097859249904,11.517347506428345,17.176436230570292,-478.82373046875,59.002777099609375,29.955394744873047,19.423458099365234,10.76205062866211,10.017419815063477,6.437139987945557,3.336963176727295,1.8777389526367188,4.773499488830566,4.275665283203125,4.604437828063965,0.670528769493103,unknown,unknown_tmlKlasse_0073.wav
0.02213413454592228,0.10063128945559098,1514.7568070913671,2935.0,307.0,16483.930270304267,5811.761959698278,2373.7508257533173,444.33264744138717,-348.1773681640625,93.08360290527344,-13.54850959777832,50.02313232421875,9.991592407226562,-27.195499420166016,-6.762054920196533,-13.33578872680664,-11.86532974243164,-3.2694458961486816,-16.328147888183594,4.107155799865723,1.8659189939498901,unknown,unknown_tmlKlasse_0074.wav
0.04348454624414444,0.09763110194387149,1335.480623465232,2692.0,408.0,42035.048519155476,33463.17788525374,3840.092153226419,672.2222028837671,-277.1281433105469,107.61548614501953,-6.10380744934082,30.435731887817383,-9.2869873046875,-19.11443328857422,-16.941062927246094,-16.23491668701172,-1.1340465545654297,-1.1906181573867798,-2.293067216873169,-1.8016586303710938,-8.945953369140625,unknown,unknown_tmlKlasse_0075.wav
0.019158802926540375,0.07131695730983187,1294.0938246655314,2612.0,137.0,5690.508433463017,2018.5154520680667,86.85933631506497,26.473506718260776,-371.0217590332031,119.29812622070312,13.930353164672852,13.2391357421875,1.4288198947906494,0.3870175778865814,-2.731390953063965,-15.486553192138672,-10.562433242797852,8.60905933380127,10.819128036499023,1.0527392625808716,-0.9188839793205261,unknown,unknown_tmlKlasse_0076.wav
0.01044175960123539,0.10931933245827864,1483.3686578030458,3196.0,200.0,4979.872047744491,1651.8561366219492,107.87702135958739,106.31180956614762,-399.5851135253906,93.4178466796875,19.04529571533203,19.143630981445312,-0.01641988754272461,0.3514138460159302,4.130270481109619,-7.045271873474121,-6.434737205505371,-1.1627393960952759,-3.386353015899658,2.030815839767456,-1.0159709453582764,unknown,unknown_tmlKlasse_0077.wav
0.003417463041841984,0.14088380523782737,2427.2083497680537,5502.0,50.0,455.99129193664214,42.60627805917656,36.732097093914135,27.834993048570272,-457.427978515625,64.11344909667969,21.71249771118164,19.353412628173828,8.971790313720703,8.03165054321289,5.680878639221191,3.7189230918884277,0.44618290662765503,1.811316967010498,1.190549373626709,4.775547504425049,2.5502123832702637,unknown,unknown_tmlKlasse_0078.wav
0.017333319410681725,0.10438152384524033,1296.9236197452087,2690.0,525.0,7799.750682777263,7833.361479551646,172.8258511098038,79.55895935901246,-385.3299865722656,91.10210418701172,13.541662216186523,18.70304298400879,2.811995267868042,-2.877781867980957,-1.792450189590454,-9.385631561279297,-3.518723964691162,-0.16152215003967285,-3.433206558227539,3.747194290161133,0.3227372169494629,unknown,unknown_tmlKlasse_0079.wav
0.014439290389418602,0.15507219201200076,1797.8926196801792,4010.0,259.0,10119.62775466593,2945.122882990114,78.44203871054565,543.8902193695964,-396.51708984375,72.46017456054688,22.397457122802734,21.104143142700195,-8.6514892578125,6.672360897064209,6.555092811584473,-6.5192108154296875,2.3452651500701904,-6.621860504150391,-1.6489341259002686,5.593540191650391,-3.2603511810302734,unknown,unknown_tmlKlasse_0080.wav
0.010194631293416023,0.09531845740358773,1584.306259936546,3713.0,455.0,4803.466468007298,686.5065781352341,55.39221025103646,55.876204990868516,-397.18768310546875,92.13517761230469,19.221763610839844,20.065553665161133,-0.11488258838653564,0.6001332998275757,-4.621229648590088,-16.354732513427734,-13.434379577636719,-9.931879043579102,-3.628434181213379,2.737621307373047,1.006054401397705,unknown,unknown_tmlKlasse_0081.wav
0.04632527753710747,0.06694168385524095,1103.338912272581,2206.0,564.0,46537.109020665375,106104.44045934017,4045.7971523633214,204.5382305523891,-345.51129150390625,114.1938705444336,4.820433616638184,28.06104850769043,2.37642240524292,-12.7677583694458,-17.006608963012695,-18.23038673400879,-3.1267380714416504,1.2673685550689697,-1.9287244081497192,-1.1167995929718018,-6.2274627685546875,unknown,unknown_tmlKlasse_0082.wav
0.008389787748456001,0.07531720732545784,1543.5671308810586,3837.0,98.0,2964.6553663607956,348.6620540011962,32.456192999642816,22.181688566781673,-436.43865966796875,92.05438232421875,37.63499450683594,25.70525360107422,8.169818878173828,0.24092692136764526,-0.22786271572113037,-2.8336565494537354,-7.692862510681152,-2.80277681350708,0.30458271503448486,1.4370126724243164,-1.3227125406265259,unknown,unknown_tmlKlasse_0083.wav
0.006519068963825703,0.12913307081692607,2364.9068770497834,5449.0,50.0,645.4551064622475,37.80073820672523,27.20951199956228,35.56091142132162,-441.02093505859375,64.2967758178711,27.322187423706055,29.21806526184082,10.752883911132812,6.335691928863525,4.007961273193359,-2.080141544342041,-4.544769287109375,-10.204676628112793,-2.420902729034424,2.1865475177764893,-5.124475002288818,unknown,unknown_tmlKlasse_0084.wav
0.018590008839964867,0.09113069566847928,1320.563378092763,2671.0,340.0,15772.525438430974,2311.5332135257913,782.1489749291934,110.08810240915935,-375.232666015625,101.89148712158203,6.336719512939453,27.91424560546875,5.742656707763672,-8.264127731323242,-5.375144958496094,-13.522872924804688,-10.885414123535156,-1.8253718614578247,-3.194348096847534,-2.7095723152160645,1.6541759967803955,unknown,unknown_tmlKlasse_0085.wav
0.013285396620631218,0.11025689105569098,1587.8640475414256,3327.0,487.0,3215.5011125487727,1345.3638512396815,144.21165722166097,49.625004414977404,-397.318115234375,90.86923217773438,6.453476428985596,18.64430809020996,-3.6170358657836914,-7.784440994262695,-1.1667288541793823,-6.706302642822266,-1.8338305950164795,0.8964126110076904,-0.4901469349861145,8.167306900024414,5.7241010665893555,unknown,unknown_tmlKlasse_0086.wav
0.009149179793894291,0.10463153947121695,1480.362515562385,3373.0,50.0,4186.078855454221,1374.4122751772582,97.95358511773256,84.14339855200024,-429.41656494140625,87.87126159667969,28.140933990478516,22.88796615600586,0.5903919339179993,-0.040177106857299805,0.5398643016815186,-7.294689178466797,-1.1026314496994019,1.687059760093689,-4.641174793243408,-0.03089749813079834,-1.977107048034668,unknown,unknown_tmlKlasse_0087.wav
0.011024586856365204,0.09556847302956435,1435.740026677152,3098.0,138.0,5852.592199097917,1182.32638371705,292.97307655649604,68.22500098586816,-412.8758544921875,89.95869445800781,20.183149337768555,25.78223991394043,7.086748123168945,2.545924425125122,0.727371096611023,-13.07872200012207,-6.7549896240234375,6.279837131500244,-0.2416614294052124,-0.35631850361824036,-0.3589910566806793,unknown,unknown_tmlKlasse_0088.wav
0.03609113395214081,0.0828801800112507,1537.9063699183068,3452.0,403.0,43945.869780643785,23560.03620219115,709.7129475877866,1191.2543601750046,-301.79010009765625,111.65994262695312,6.881232738494873,29.593345642089844,-9.677996635437012,-0.9745227098464966,-11.900431632995605,-32.6400260925293,-8.006221771240234,-10.37757396697998,-5.309152126312256,0.9043015837669373,-11.246278762817383,unknown,unknown_tmlKlasse_0089.wav
0.005794950295239687,0.11031939496218514,1725.852236510067,3956.0,50.0,1657.410705450527,469.49393100895725,48.552985900560955,27.540432677790363,-439.60955810546875,76.94085693359375,20.67503547668457,22.200998306274414,10.71047306060791,5.134042263031006,-0.6266489028930664,-7.412600517272949,-2.691129207611084,3.254981517791748,-1.5537199974060059,0.11285072565078735,1.5252928733825684,unknown,unknown_tmlKlasse_0090.wav
0.017846310511231422,0.096631039439965,1762.4009057836467,3916.0,431.0,12876.864813674125,1488.842784469094,229.33858348499456,267.201280365309,-356.31243896484375,83.2613754272461,18.13410186767578,37.79948043823242,-0.8098034858703613,-0.5819988250732422,-5.676741600036621,-18.292587280273438,-6.241763114929199,-7.610856533050537,-8.007686614990234,-2.277434825897217,-5.86748743057251,unknown,unknown_tmlKlasse_0091.wav
0.02610013447701931,0.08025501593849615,1282.3806184136788,2731.0,654.0,9468.535492516621,23150.994149851926,229.53984724251654,176.3424729387629,-338.1738586425781,112.07865142822266,14.24259090423584,17.178335189819336,-11.766870498657227,-0.781926155090332,-3.4789724349975586,-17.42787742614746,-2.2885208129882812,-4.038557529449463,-2.6920785903930664,3.5130064487457275,-7.983935832977295,unknown,unknown_tmlKlasse_0092.wav
0.012451578862965107,0.07050440652540783,1376.9308769862555,3003.0,200.0,6549.877099998828,703.1084252189339,97.53809648214781,27.933451522750318,-410.4185485839844,96.51040649414062,20.213577270507812,22.426902770996094,11.165064811706543,1.8721612691879272,-1.3847576379776,-7.787014484405518,-9.703221321105957,-2.9824509620666504,-3.554172992706299,0.1399669647216797,3.146735191345215,unknown,unknown_tmlKlasse_0093.wav
0.011788776144385338,0.12238264891555722,1731.092422132204,3606.0,438.0,3621.4663783177375,2594.874254164992,503.8672894450317,248.82252591418828,-402.82928466796875,84.2760009765625,5.088492393493652,22.797595977783203,2.7316806316375732,0.9041122198104858,-7.515259265899658,-17.180038452148438,3.8700358867645264,4.523839950561523,0.3668391704559326,5.997276306152344,0.22054052352905273,unknown,unknown_tmlKlasse_0094.wav
0.024427250027656555,0.06269141821363836,1335.9301621839977,3033.0,248.0,13878.194661316491,545.9635486656764,170.31606768813094,82.19210426445979,-371.6868896484375,107.70285034179688,14.759482383728027,34.495079040527344,8.221566200256348,-6.905817031860352,-1.2459098100662231,-10.39586067199707,-7.639418601989746,-3.8432364463806152,-9.120849609375,-3.4789865016937256,-2.478421211242676,unknown,unknown_tmlKlasse_0095.wav
0.007518594618886709,0.11538221138821177,1687.4131035775044,3963.0,208.0,3227.223356405023,180.25516737526155,83.72264853265064,38.55295185141939,-434.728515625,75.14714050292969,22.138198852539062,23.359012603759766,9.998344421386719,3.427976369857788,-4.203483581542969,-3.4654908180236816,2.577932834625244,1.2084810733795166,1.7599953413009644,2.2182207107543945,-0.9027265906333923,unknown,unknown_tmlKlasse_0096.wav
0.03834240138530731,0.09756859803737733,1392.641819759367,2562.0,564.0,19117.018599758394,24762.06412034968,4198.424634013954,183.2684603540258,-309.81964111328125,119.3109130859375,-14.088723182678223,12.978584289550781,1.0930836200714111,-9.221010208129883,-7.649355888366699,-11.004621505737305,-10.098669052124023,2.8833541870117188,0.9696314334869385,7.6055402755737305,6.136710166931152,unknown,unknown_tmlKlasse_0097.wav
0.01122346892952919,0.0919432464529033,1521.130078593904,3254.0,168.0,7797.704443528958,598.7452023863274,259.3913035808406,52.238852376302425,-408.4058837890625,86.84434509277344,16.44989013671875,30.874725341796875,10.640283584594727,-5.4687395095825195,-3.951413154602051,-6.345025539398193,-2.857017755508423,-1.7193667888641357,-6.997644424438477,-0.1098431795835495,-2.793975830078125,unknown,unknown_tmlKlasse_0098.wav
0.009953130036592484,0.08138008625539096,1485.4627094775772,3504.0,209.0,3354.7570602686765,598.2735345174528,33.81747363740908,26.894177901264328,-425.5135498046875,92.8907470703125,28.072738647460938,22.710041046142578,10.062997817993164,3.956080913543701,-1.9623128175735474,-7.892514228820801,-6.525847434997559,-3.1168506145477295,-1.261682152748108,2.641475200653076,0.42945557832717896,unknown,unknown_tmlKlasse_0099.wav
0.006407544948160648,0.10963185199074942,2412.699142887094,5524.0,50.0,716.1860824506578,96.92719846806264,27.144276310643427,41.95527005855207,-431.67822265625,76.89556884765625,24.996417999267578,26.37142562866211,10.454848289489746,4.831494331359863,-0.4995262026786804,-3.656595230102539,0.21477675437927246,0.9441958069801331,-2.2023212909698486,5.513749122619629,3.4643588066101074,unknown,unknown_tmlKlasse_0100.wav
0.01108254212886095,0.09481842615163448,1550.3301688840847,3428.0,391.0,4979.945952935841,675.6300505262508,117.11087881056933,47.06235765577121,-403.64447021484375,86.18048095703125,18.525985717773438,34.194862365722656,8.03821086883545,-4.132589340209961,-3.121555805206299,-13.633707046508789,-7.603799819946289,-5.252370834350586,-10.961644172668457,-1.031071424484253,1.0976910591125488,unknown,unknown_tmlKlasse_0101.wav
0.022471196949481964,0.07294205887867991,1211.1864799346652,2518.0,417.0,21607.255975750075,5256.5999168399485,556.8231452290127,179.7685796542277,-349.6221008300781,118.21703338623047,3.848228931427002,24.193004608154297,-0.35746729373931885,-11.437026023864746,-8.58557415008545,-24.549121856689453,-11.429438591003418,-1.3005210161209106,-6.812851905822754,-0.9192570447921753,-2.9558000564575195,unknown,unknown_tmlKlasse_0102.wav
0.020131297409534454,0.06369148071754485,1163.735058081774,2548.0,374.0,17446.185100275245,3264.5167322243624,127.52860803036938,66.05198855287782,-379.1247253417969,108.84408569335938,15.234040260314941,26.535846710205078,9.313855171203613,3.6084237098693848,-2.9066340923309326,-18.121978759765625,-14.681830406188965,-3.384289503097534,1.3630832433700562,1.0856330394744873,-2.015287399291992,unknown,unknown_tmlKlasse_0103.wav
0.022311804816126823,0.06619163697731108,1234.5799124102602,2526.0,330.0,8729.515297800974,7099.464473962533,234.8186797501979,40.706400881312945,-379.93194580078125,104.68927001953125,11.150947570800781,36.10530471801758,14.129880905151367,-14.913583755493164,-9.872790336608887,-16.95229721069336,-13.713289260864258,1.3456318378448486,-7.242914199829102,-7.0051679611206055,-2.153630495071411,unknown,unknown_tmlKlasse_0104.wav
0.009154505096375942,0.09869366835427214,1468.5038619728082,3325.0,509.0,3974.7671071268696,2477.6366957627615,60.85820110049515,38.567227123895165,-423.73016357421875,88.79975128173828,25.792186737060547,18.46381187438965,7.155182838439941,0.720237135887146,-4.073275089263916,-8.255032539367676,-8.54975700378418,-4.412929058074951,2.5715062618255615,8.213294982910156,5.711953163146973,unknown,unknown_tmlKlasse_0105.wav
0.019775880500674248,0.08556784799049941,1299.8878935806365,2567.0,429.0,11556.296680885249,9611.79859802931,383.27984637260164,64.85309619382255,-365.84002685546875,100.48512268066406,12.059906005859375,18.75113868713379,1.7894394397735596,-10.551979064941406,-8.359704971313477,-12.860506057739258,-4.149868488311768,-2.6740856170654297,-7.043344497680664,1.1934092044830322,-0.5002626180648804,unknown,unknown_tmlKlasse_0106.wav
0.004353872034698725,0.11444465279079942,2278.2499811310645,5411.0,50.0,488.36344327885547,79.68330928831804,17.934270668057895,20.52416467634422,-457.44354248046875,70.64822387695312,25.732372283935547,17.826675415039062,5.14263916015625,6.957976341247559,9.397106170654297,8.929828643798828,5.414389610290527,4.287096977233887,2.0462894439697266,4.485536575317383,2.238638401031494,unknown,unknown_tmlKlasse_0107.wav
0.006901002023369074,0.07719232452028252,1709.3110469476273,4169.0,59.0,2112.2245361920495,237.25589657517932,39.23752909466404,24.951934300053964,-425.0140380859375,89.29058837890625,21.840595245361328,20.341659545898438,10.346702575683594,4.157022476196289,-0.416313499212265,0.5312492847442627,5.9385528564453125,7.82429313659668,2.465343952178955,3.2661333084106445,3.333289861679077,unknown,unknown_tmlKlasse_0108.wav
0.013255245983600616,0.09613100818801175,1801.9908941269146,4085.0,244.0,3250.630603131714,1576.104241856498,60.26968083846158,86.96768215855475,-417.7574462890625,88.32192993164062,28.247175216674805,25.205026626586914,7.220581531524658,5.428048133850098,3.2591943740844727,-12.101449966430664,-6.9230852127075195,-3.3626811504364014,-0.5386859178543091,4.4298906326293945,-3.3469085693359375,unknown,unknown_tmlKlasse_0109.wav
0.003600058378651738,0.1296331020688793,2369.5459760727813,5671.0,50.0,548.7846763013597,36.14366786000269,16.63887512888101,19.587944561087717,-461.22161865234375,63.823509216308594,25.253894805908203,22.202796936035156,13.495626449584961,7.949967384338379,3.3783750534057617,2.204684257507324,1.3411505222320557,2.315516948699951,3.117741584777832,5.05450439453125,0.3244314193725586,unknown,unknown_tmlKlasse_0110.wav
0.020808126777410507,0.09613100818801175,1252.73340796886,2702.0,370.0,26603.735487979855,5353.590484040047,568.6427829896011,251.8561378612615,-356.23065185546875,99.03541564941406,4.5606536865234375,33.5220832824707,2.858123540878296,-7.511749744415283,-8.378959655761719,-21.439626693725586,-5.7795538902282715,-2.997868061065674,-9.497633934020996,3.666933536529541,-2.3609766960144043,unknown,unknown_tmlKlasse_0111.wav
0.01928708888590336,0.10269391836989812,1381.6938754713706,2910.0,430.0,7332.4798742084895,6712.403017214458,330.5913978484267,189.40976127372792,-340.98187255859375,104.73157501220703,-0.8744646310806274,25.510501861572266,-8.005073547363281,-6.114584445953369,-5.788293361663818,-14.693827629089355,-1.0569708347320557,-0.25978797674179077,-3.1316232681274414,-0.0575031042098999,-2.1850426197052,unknown,unknown_tmlKlasse_0112.wav
0.0029705052729696035,0.17307331708231766,2759.505670484264,6045.0,50.0,258.15579574971736,147.17930181168052,60.815109956012805,36.78887351727871,-460.5604553222656,54.19596862792969,12.58820915222168,12.478439331054688,9.826196670532227,7.771589279174805,2.5616018772125244,4.675866603851318,7.388978004455566,5.535322189331055,3.629512310028076,3.7933244705200195,-0.3378538489341736,unknown,unknown_tmlKlasse_0113.wav
0.047268085181713104,0.08319269954372148,1200.7007944392446,2475.0,210.0,77813.2332901836,37095.05901398388,3086.379942068492,650.9624014448475,-321.2908935546875,115.54652404785156,-2.7845184803009033,24.634822845458984,-16.25643539428711,-14.154935836791992,-3.8550360202789307,-19.857730865478516,-3.581803321838379,-8.68881893157959,-10.197192192077637,4.4231414794921875,-0.6644552946090698,unknown,unknown_tmlKlasse_0114.wav
0.02832135744392872,0.0796299768735546,1161.5983068226656,1822.0,708.0,16587.23785383372,33893.524313109825,678.2956882885347,64.43445294439282,-350.23876953125,121.84518432617188,1.9945602416992188,9.931787490844727,-1.8234915733337402,-5.701915264129639,-1.792752981185913,-10.554683685302734,-15.030303955078125,1.6148724555969238,5.876770973205566,0.18886274099349976,-4.069761753082275,unknown,unknown_tmlKlasse_0115.wav
0.02015877142548561,0.08588036752297018,1461.8553757453856,3188.0,343.0,28001.999341353552,1994.7946088305166,296.97847361974925,59.024583825604246,-401.6667785644531,89.35914611816406,17.59905242919922,18.903032302856445,11.0667724609375,-0.18950748443603516,-4.153498649597168,-7.736071586608887,-6.774389743804932,-1.3326724767684937,-3.2019314765930176,-0.888329267501831,-3.805504322052002,unknown,unknown_tmlKlasse_0116.wav
0.023805437609553337,0.07794237139821239,1156.4301690729264,1946.0,477.0,16794.363881526544,22307.111311026518,803.9437755985623,100.2821238731397,-360.6842041015625,118.69245910644531,-0.4409438371658325,10.512123107910156,1.589068055152893,-9.580835342407227,-8.532617568969727,-15.550753593444824,-8.882286071777344,7.502439498901367,5.192233085632324,7.058788299560547,2.028388023376465,unknown,unknown_tmlKlasse_0117.wav
0.02192218415439129,0.07606725420338771,1060.9995782960057,2063.0,237.0,31103.415877832176,6491.041125449443,347.8226565312825,113.5523370600124,-365.3853759765625,112.75739288330078,12.606712341308594,27.036436080932617,2.6374945640563965,-3.2581794261932373,-0.45208311080932617,-20.60025405883789,-12.636276245117188,-4.507640838623047,-10.628594398498535,-1.6143698692321777,-1.0815889835357666,unknown,unknown_tmlKlasse_0118.wav
0.015977196395397186,0.13169573098318646,1842.7109371253287,3081.0,50.0,1609.2469535756131,2746.396801521538,2447.5221197350684,148.87714497076408,-369.537109375,88.85469055175781,-24.268043518066406,17.868144989013672,15.285177230834961,1.6447139978408813,4.5049638748168945,-2.824331045150757,-0.2863720655441284,-5.540768623352051,-8.463470458984375,3.2913150787353516,2.6418681144714355,unknown,unknown_tmlKlasse_0119.wav
0.020510420203208923,0.08975560972560785,1319.6693690529853,2502.0,623.0,6465.584415101274,10542.178202684965,358.3193613800207,64.60639315957039,-355.41290283203125,117.1194839477539,1.0440831184387207,1.6764684915542603,-10.189126968383789,-7.984930992126465,-3.396876811981201,-13.173928260803223,-6.895516395568848,4.260380268096924,3.867307424545288,3.210841655731201,-2.3030052185058594,unknown,unknown_tmlKlasse_0120.wav
0.014251604676246643,0.0797549846865429,1299.2974180292385,2392.0,525.0,4216.1668166468335,3949.314637837461,155.71762366310998,24.370223889856433,-392.44805908203125,106.07466125488281,15.079139709472656,22.743797302246094,12.659761428833008,-5.091449737548828,-9.2683687210083,-9.678442001342773,-8.199169158935547,1.6575692892074585,0.47378164529800415,-0.030303388833999634,0.43924519419670105,unknown,unknown_tmlKlasse_0121.wav
0.029023705050349236,0.07894243390211889,1358.7350090309424,3035.0,277.0,21109.26318677857,7326.511140277816,779.7620996203917,431.4736713015006,-340.7530517578125,108.17184448242188,5.43624210357666,29.730201721191406,-9.940109252929688,-6.634850025177002,-8.404014587402344,-27.446949005126953,-7.106605052947998,-6.770458221435547,-5.557554244995117,1.3200310468673706,-5.0725603103637695,unknown,unknown_tmlKlasse_0122.wav
0.023125410079956055,0.09688105506594162,1324.229933749794,2556.0,605.0,13483.439232669678,19956.65215519211,2174.442606782018,366.85298366250714,-352.42010498046875,105.97057342529297,-2.4112648963928223,29.844547271728516,-1.773354172706604,-8.389400482177734,-2.493548631668091,-9.958003997802734,-3.641477584838867,1.1253753900527954,4.066316604614258,6.861379146575928,-4.626372814178467,unknown,unknown_tmlKlasse_0123.wav
0.006353952456265688,0.11381961372585786,1975.2944092199582,4867.0,50.0,1297.698620019455,235.10832194857358,21.573652046967943,26.186492357812977,-453.3500061035156,71.67025756835938,24.603031158447266,18.330833435058594,6.928559303283691,8.171136856079102,7.411614418029785,1.6368186473846436,-0.18052244186401367,-1.6681556701660156,-3.7044997215270996,3.422581672668457,1.6191561222076416,unknown,unknown_tmlKlasse_0124.wav
0.01961948722600937,0.08944309019313706,1424.5876899001892,3045.0,298.0,16733.111344044817,838.1593915412744,957.1777738483474,266.3995203543727,-340.85595703125,111.3840560913086,-3.0419530868530273,30.33108139038086,2.3651185035705566,-6.062711715698242,-0.3313855230808258,-16.362396240234375,-6.782853126525879,1.7530590295791626,-10.775947570800781,-3.6704025268554688,-2.5354881286621094,unknown,unknown_tmlKlasse_0125.wav
0.021535927429795265,0.08438027376711045,1287.5881476740644,2573.0,300.0,12021.260966158441,8184.629925752456,307.60710413991114,74.41188277017206,-347.58831787109375,116.74676513671875,4.533416271209717,15.763143539428711,-9.201029777526855,-12.74058723449707,-4.201300621032715,-20.61916160583496,-7.960190773010254,7.766854286193848,5.063655853271484,3.037537097930908,-2.3285605907440186,unknown,unknown_tmlKlasse_0126.wav
0.008243664167821407,0.0716919807487968,1713.6774290462554,4102.0,59.0,1791.7336493311,520.210311114009,57.56342207990973,25.16719161149711,-424.46026611328125,87.53338623046875,21.79810333251953,23.45240592956543,15.0224027633667,6.489699363708496,2.0331902503967285,1.8371431827545166,4.185541152954102,8.532182693481445,4.16984224319458,5.555403709411621,3.606902599334717,unknown,unknown_tmlKlasse_0127.wav
0.03692866861820221,0.10931933245827864,1344.726767259363,2478.0,489.0,18611.084909884223,43502.8318794596,1992.1735862596142,410.45697731893875,-295.1310729980469,113.5582275390625,-21.65135955810547,20.365222930908203,-7.220042705535889,-8.801074028015137,-1.8966546058654785,-11.828634262084961,-1.59490966796875,5.144023418426514,1.4664334058761597,11.101323127746582,4.575316429138184,unknown,unknown_tmlKlasse_0128.wav
0.016513697803020477,0.06881680105006563,1258.7930501660987,2827.0,115.0,10615.37533505294,2877.660076735201,145.0908911955521,75.71382006223735,-374.56927490234375,108.62649536132812,17.0555362701416,24.056583404541016,1.4752928018569946,-3.6643080711364746,4.214222431182861,-8.934320449829102,-9.665655136108398,3.437249183654785,-0.9942705631256104,6.475800037384033,3.2224321365356445,unknown,unknown_tmlKlasse_0129.wav
0.04151490330696106,0.0950684417776111,1263.7374227387388,2427.0,623.0,25566.491002537325,55732.1953480486,5250.22072766054,394.0726453995512,-322.9239807128906,115.40299987792969,-16.14105987548828,12.44144058227539,-7.437008380889893,-18.412120819091797,-7.816302299499512,-13.1036376953125,-3.3619470596313477,5.896500587463379,-2.612046003341675,3.359759569168091,-2.5090417861938477,unknown,unknown_tmlKlasse_0130.wav
0.03316378593444824,0.11031939496218514,1775.2806180208106,4034.0,301.0,16110.805561309833,20147.394465001737,832.4641204024606,602.8469602287466,-315.66314697265625,103.34413146972656,6.856128692626953,8.624319076538086,-9.491571426391602,-4.400442123413086,-11.302005767822266,-20.321691513061523,-2.618602752685547,5.983495712280273,-5.8343095779418945,0.6815940141677856,-9.215364456176758,unknown,unknown_tmlKlasse_0131.wav
0.01287822425365448,0.0722545159072442,1272.5399344311863,2635.0,241.0,7432.482240335824,1040.6850874901459,124.97741348484328,33.04190345601255,-393.374267578125,105.45144653320312,21.275503158569336,27.35741424560547,6.360206127166748,-6.655218601226807,-13.778650283813477,-16.38898468017578,-2.4423770904541016,0.5172551870346069,-6.867114543914795,-0.6734397411346436,-2.2990479469299316,unknown,unknown_tmlKlasse_0132.wav
0.004502263851463795,0.14669666854178387,2430.2696809484873,4942.0,62.0,823.0403675213743,160.09778639324404,183.73287856081276,102.82670762763372,-436.3288879394531,57.447052001953125,8.887117385864258,24.82524871826172,13.03657341003418,9.274859428405762,8.365123748779297,4.850430965423584,5.043298721313477,5.874492645263672,3.2041804790496826,7.736610412597656,2.6755642890930176,unknown,unknown_tmlKlasse_0133.wav
0.03457137942314148,0.09919369960622539,1655.4709237354325,3399.0,315.0,22450.142969355133,11405.689872679828,1025.5501850084831,655.8870474872784,-321.83514404296875,107.232666015625,-5.330848693847656,29.909090042114258,-3.9820871353149414,0.3391924500465393,-2.7352898120880127,-33.18767547607422,-9.987289428710938,-5.042043209075928,-2.8150556087493896,-3.495509624481201,-7.515911102294922,unknown,unknown_tmlKlasse_0134.wav
0.02412467822432518,0.09031814488405525,1341.3756303567452,2935.0,342.0,19217.814508688054,3688.711620505157,352.30789073830636,133.8518729152618,-399.4653625488281,86.051513671875,19.18623924255371,33.50675582885742,8.34935474395752,-7.641274452209473,-4.604129314422607,-8.653337478637695,-7.488914489746094,-0.4833439290523529,-5.712533950805664,2.3493242263793945,0.4378003478050232,unknown,unknown_tmlKlasse_0135.wav
0.008259179070591927,0.1099443715232202,2096.684946959587,4548.0,50.0,1121.5964387310355,211.63947414987106,41.384348028413456,71.07768669556621,-426.9656982421875,78.51190185546875,17.437488555908203,23.62000274658203,8.840818405151367,7.021584510803223,0.07637697458267212,-7.4073357582092285,-2.8689162731170654,-2.859177827835083,-3.0580251216888428,1.68070650100708,-2.558397054672241,unknown,unknown_tmlKlasse_0136.wav
0.02162262611091137,0.1051315707231702,1278.3798558089209,2919.0,237.0,20815.18731004054,350.53109345121356,203.90324398406085,62.055492178488215,-414.385498046875,82.90379333496094,24.337629318237305,38.90460968017578,17.243003845214844,-0.5833738446235657,-3.0248215198516846,-8.019033432006836,-6.013002395629883,-3.3894271850585938,-9.767175674438477,-2.8016417026519775,-2.151071548461914,unknown,unknown_tmlKlasse_0137.wav
0.03813368082046509,0.08181761360085005,1282.4023080297293,2631.0,464.0,60260.06950649234,14418.504602927624,1406.04308696358,261.9937252376304,-339.0235595703125,106.503662109375,0.28347933292388916,27.869976043701172,2.4610767364501953,-9.528560638427734,-10.29002571105957,-23.366640090942383,-9.234541893005371,-2.3973536491394043,-7.059359550476074,5.941729545593262,-0.17392200231552124,unknown,unknown_tmlKlasse_0138.wav
0.02350376732647419,0.07794237139821239,1136.1838121980154,2368.0,382.0,42812.642976838,3803.3147795701957,537.1340603338664,90.25489433943014,-398.199462890625,92.3133544921875,22.889930725097656,37.368858337402344,10.894515991210938,-2.8817057609558105,-9.299720764160156,-12.872733116149902,-8.119278907775879,-5.90240478515625,-2.7942914962768555,-3.1565754413604736,-6.159756660461426,unknown,unknown_tmlKlasse_0139.wav
0.015611930750310421,0.07837989874367148,1482.0830195996919,3288.0,281.0,12320.95178173114,782.674491590838,295.77791536049665,235.71507405045682,-377.0986633300781,96.12184143066406,17.89754867553711,37.03608703613281,-2.962933301925659,-5.676406383514404,2.4618492126464844,-9.991435050964355,-3.105475902557373,-1.753798484802246,-6.87040901184082,4.8975067138671875,0.3211340308189392,unknown,unknown_tmlKlasse_0140.wav
0.007161696907132864,0.13025814113382087,1748.3620879394853,4154.0,351.0,2544.08937908807,282.73525552269996,47.745420093540936,28.063819432117704,-443.45794677734375,66.86933135986328,18.303821563720703,23.496047973632812,10.026516914367676,3.4848313331604004,3.5320491790771484,-0.21357256174087524,-2.52070951461792,-1.4053354263305664,-2.8824219703674316,0.7133662700653076,-1.6996543407440186,unknown,unknown_tmlKlasse_0141.wav
0.015424445271492004,0.0881305081567598,1447.0462409596319,2792.0,460.0,5920.193225436598,1581.865181600246,592.1158227670705,65.77368059763423,-372.74432373046875,104.69420623779297,2.0793895721435547,29.036235809326172,4.9986958503723145,-13.598543167114258,-13.834274291992188,-16.46799659729004,-3.3814196586608887,-1.4608561992645264,-3.8076930046081543,3.5667126178741455,1.4282634258270264,unknown,unknown_tmlKlasse_0142.wav
0.02288885973393917,0.10763172698293644,1327.017912847327,2736.0,237.0,7560.492546706344,4510.7693112928355,75.68930114458882,40.84630435821191,-391.24591064453125,96.06974029541016,14.687402725219727,9.519139289855957,-6.104734897613525,0.37851762771606445,-1.9208314418792725,-2.4383435249328613,-2.3237414360046387,-4.3520188331604,-0.023413896560668945,2.6221394538879395,-8.528648376464844,unknown,unknown_tmlKlasse_0143.wav
0.027012113481760025,0.07662978936183512,1196.4147147596548,2415.0,500.0,14505.117244141653,5945.5010198749815,125.5539103142539,57.613898744681435,-356.64617919921875,118.71827697753906,11.60368537902832,16.15404510498047,-2.3007497787475586,-7.025355339050293,-9.032371520996094,-17.090656280517578,-7.271246910095215,-5.479094505310059,-2.394296407699585,1.2971538305282593,-4.861237525939941,unknown,unknown_tmlKlasse_0144.wav
0.008437395095825195,0.10500656291018189,1992.2710626197259,4966.0,50.0,936.5681839570566,100.84130288284524,30.711673512022266,18.97097626526603,-423.788818359375,85.65287780761719,12.285662651062012,16.231603622436523,11.261295318603516,1.7505114078521729,2.3032195568084717,3.792578935623169,2.6622235774993896,3.1050045490264893,1.2010598182678223,4.5425028800964355,4.860381126403809,unknown,unknown_tmlKlasse_0145.wav
0.015594626776874065,0.09550596912307019,1623.2626974855623,3512.0,240.0,7404.316048812474,1083.6318246708956,246.8167189355911,152.69301947103716,-378.3035583496094,93.14738464355469,17.63233184814453,26.165058135986328,-0.6490750312805176,-8.387418746948242,-7.9946699142456055,-14.877851486206055,-5.042473793029785,-5.830012321472168,-7.332878589630127,6.179893970489502,-1.0566959381103516,unknown,unknown_tmlKlasse_0146.wav
0.0226222425699234,0.06869179323707732,1194.460322544937,2474.0,209.0,21684.654866311605,4135.616003517283,352.7424492754215,68.74172515001374,-352.75830078125,118.08525085449219,11.199697494506836,26.494945526123047,1.6422785520553589,-7.548117637634277,-2.9909887313842773,-19.48112678527832,-14.757164001464844,-3.076016426086426,-3.0632081031799316,1.5024436712265015,-3.026280641555786,unknown,unknown_tmlKlasse_0147.wav
0.019065340980887413,0.08356772298268642,1305.6124949573295,2480.0,356.0,15547.853757885237,2613.1692708515734,366.2226576308728,74.5881238883649,-380.78021240234375,100.9330062866211,13.573850631713867,20.778545379638672,7.339964866638184,0.6697896718978882,-1.7126522064208984,-12.097042083740234,-11.71762752532959,-8.708276748657227,-5.312384128570557,2.4504618644714355,-2.0380306243896484,unknown,unknown_tmlKlasse_0148.wav
0.005091389175504446,0.13938371148196763,2247.7644734049295,5215.0,50.0,622.7960307602827,99.68728670208698,45.29477718477987,29.730913878244348,-427.7237548828125,73.95050048828125,6.147372722625732,15.97231674194336,14.001258850097656,4.794198036193848,-2.5135579109191895,-0.31556469202041626,2.8669211864471436,5.264886856079102,2.1698899269104004,6.64822244644165,2.561738967895508,unknown,unknown_tmlKlasse_0149.wav
0.010803758166730404,0.06825426589161823,1422.3740978156056,3457.0,279.0,5570.844013371289,264.08324322475374,33.63700412502868,23.71572141700932,-428.55157470703125,85.8834228515625,28.821033477783203,30.607311248779297,10.599588394165039,1.2769756317138672,3.0069925785064697,-2.60518741607666,-7.623782634735107,-7.082497596740723,-6.553605079650879,1.0639374256134033,-2.273587226867676,unknown,unknown_tmlKlasse_0150.wav
0.019884204491972923,0.07306706669166822,1294.7993619821473,2866.0,241.0,18396.25144698186,433.19530710181465,201.58714684179597,69.71485303037795,-381.423828125,91.10115051269531,23.854677200317383,31.7802734375,9.427501678466797,0.2432548999786377,-9.727079391479492,-12.966398239135742,-4.715892314910889,-13.25564193725586,-10.31926155090332,-4.708404541015625,-8.163846969604492,unknown,unknown_tmlKlasse_0151.wav
0.0280856154859066,0.08263016438527408,1262.7446001400551,2683.0,380.0,25922.96048503265,10460.012592744335,663.6779466870717,300.5955124376089,-329.3934326171875,110.68607330322266,7.599319934844971,27.099842071533203,-11.299463272094727,-8.514982223510742,0.4183776378631592,-21.402599334716797,-10.223093032836914,-3.690290927886963,-3.6568708419799805,4.001992702484131,-4.91417121887207,unknown,unknown_tmlKlasse_0152.wav
0.01158821675926447,0.09913119569973124,1611.1609081103552,3711.0,50.0,2269.4237361004207,3198.9321812397675,73.95035917300129,92.12514427723815,-384.14532470703125,108.13227844238281,7.590902805328369,-8.275970458984375,-12.283964157104492,3.0863709449768066,2.0428483486175537,-2.839660406112671,1.0996460914611816,4.120178699493408,4.854752540588379,3.564272165298462,-6.078782081604004,unknown,unknown_tmlKlasse_0153.wav
0.043482035398483276,0.08244265266579161,1275.2756582516188,2588.0,407.0,51944.525789323816,25287.0444610064,3083.1721317739502,588.2843864477126,-299.1163635253906,113.75949096679688,-12.693711280822754,47.13256072998047,-8.92141342163086,-22.451526641845703,-2.2625937461853027,-21.176406860351562,-6.346172332763672,2.1001358032226562,-1.814780354499817,9.286182403564453,-7.365255355834961,unknown,unknown_tmlKlasse_0154.wav
0.06426619738340378,0.06900431276954809,1160.1189137948343,2492.0,390.0,139617.85872096615,22507.71959356872,1287.7288017436758,1657.5703250754048,-295.826904296875,124.75714874267578,-16.158794403076172,28.879751205444336,-0.28743910789489746,-19.590240478515625,-10.612916946411133,-26.526416778564453,-22.336013793945312,0.4729129672050476,-8.353171348571777,-3.005035877227783,1.3648886680603027,unknown,unknown_tmlKlasse_0155.wav
0.0071547492407262325,0.09788111756984812,1802.4095298743996,4419.0,50.0,1396.801627684537,242.42267275881477,34.27448680015398,26.182377043261162,-439.4639892578125,83.50480651855469,30.574607849121094,21.773595809936523,1.9525891542434692,2.6232528686523438,6.5256195068359375,1.93181312084198,-1.8333379030227661,-0.5963691473007202,1.0217316150665283,7.4423699378967285,1.4417725801467896,unknown,unknown_tmlKlasse_0156.wav
0.04001303017139435,0.10269391836989812,1339.5021592978992,2514.0,180.0,43916.44120587784,50282.24758057048,12456.68855040978,1127.1279669667917,-291.6883544921875,108.57891845703125,-22.178361892700195,26.804485321044922,3.962965488433838,-18.56343650817871,-8.727489471435547,-16.147174835205078,-8.051107406616211,10.140068054199219,-7.916262626647949,-1.6342086791992188,-0.2838326692581177,unknown,unknown_tmlKlasse_0157.wav
0.01161739882081747,0.07756734795924745,1435.9206414268074,3278.0,288.0,6084.331793031919,1092.7408530138734,83.9006893150721,50.47370645244324,-398.045654296875,104.23548889160156,20.003795623779297,21.079471588134766,4.5024566650390625,1.018173098564148,3.046435832977295,-8.947834968566895,-12.166094779968262,-6.523709774017334,-4.05031681060791,1.4025591611862183,0.16567885875701904,unknown,unknown_tmlKlasse_0158.wav
0.011076301336288452,0.0993187074192137,1474.8814004812148,3283.0,197.0,3171.1686191977583,2458.2788154523546,49.30556337124656,28.411279076222588,-405.2451171875,89.77194213867188,24.043720245361328,12.43581771850586,2.118375062942505,1.9546390771865845,2.782926559448242,0.3835395574569702,-1.5037271976470947,-2.5443384647369385,-0.8743131756782532,0.048775315284729004,-3.216399669647217,unknown,unknown_tmlKlasse_0159.wav
0.014904394745826721,0.053565847865491595,1424.5541020370981,3285.0,295.0,8856.28610597542,428.7037598963526,65.57923294091265,53.42192199690538,-406.5591125488281,95.1575927734375,25.751657485961914,27.145954132080078,7.379549980163574,-0.48066866397857666,-0.9908784627914429,-7.381903171539307,-7.602694988250732,-8.574531555175781,-10.829496383666992,-0.32221245765686035,-0.4973819851875305,unknown,unknown_tmlKlasse_0160.wav
0.015279431827366352,0.07031689480592537,1256.6856348997687,2879.0,173.0,14712.333926246696,1269.0582261327477,91.71081354030655,51.349326601004734,-414.00360107421875,88.95979309082031,24.65276336669922,26.02696990966797,16.328495025634766,10.067852973937988,1.828050136566162,-6.338268280029297,-7.383957862854004,-3.618868350982666,-1.5350182056427002,-2.361133098602295,-5.38828706741333,unknown,unknown_tmlKlasse_0161.wav
0.017130378633737564,0.0912557034814676,1549.024721934033,3310.0,341.0,9878.794037798041,788.0688787497024,407.0258838766193,106.38862055904778,-364.82293701171875,87.67041015625,13.848098754882812,35.10002517700195,7.493060111999512,-3.366765022277832,-4.108376502990723,-12.901203155517578,-13.699050903320312,-8.912879943847656,-4.118669033050537,3.153651714324951,-2.769200086593628,unknown,unknown_tmlKlasse_0162.wav
0.06384003162384033,0.08394274642165135,1252.4445733184727,2359.0,436.0,108074.89980714713,89662.19445852962,10125.55813492736,854.5166985288043,-263.18048095703125,133.80029296875,-22.169078826904297,16.087770462036133,-11.431774139404297,-20.949420928955078,-6.39847469329834,-18.59897804260254,-14.6611328125,-3.581503391265869,-5.9689154624938965,0.8942239284515381,-1.2084606885910034,unknown,unknown_tmlKlasse_0163.wav
0.018495773896574974,0.10363147696731045,1464.194672547163,3033.0,712.0,7643.6155506876785,6493.368367467464,292.75122317003763,142.7250043295286,-374.5816955566406,97.81755065917969,3.2115414142608643,20.41012954711914,-4.023765563964844,-4.561379432678223,4.15028190612793,-10.815885543823242,-10.513406753540039,1.6383392810821533,-3.801877975463867,0.7090785503387451,3.9542899131774902,unknown,unknown_tmlKlasse_0164.wav
0.04256167262792587,0.10494405900368774,1712.1562265493926,3974.0,117.0,2072.781004454803,621.7971005477466,63.99353442574692,36.15477267917026,-377.0419006347656,90.24136352539062,11.899063110351562,27.59805679321289,-2.0591862201690674,-4.284857749938965,1.6534308195114136,-8.632020950317383,-6.477665424346924,-3.1220362186431885,-6.371216773986816,1.531715750694275,0.08858188986778259,unknown,unknown_tmlKlasse_0165.wav
0.02834196761250496,0.07531720732545784,1112.9049154555378,2017.0,511.0,33283.80674114801,26917.469446186125,565.5844090645232,105.28731741247258,-360.01873779296875,109.91595458984375,23.411481857299805,17.106903076171875,-5.238061904907227,-6.781437873840332,-12.541997909545898,-22.01664161682129,-10.374366760253906,3.5486528873443604,-0.7167905569076538,1.236680507659912,-5.976856231689453,unknown,unknown_tmlKlasse_0166.wav
0.02922629378736019,0.07750484405275329,1487.017538855873,3487.0,344.0,33602.947264888804,4401.878177258273,711.4894772087351,423.4853351974573,-330.54473876953125,99.71969604492188,11.784029960632324,40.3050537109375,10.559279441833496,-7.398927211761475,-18.644134521484375,-23.677425384521484,-8.540144920349121,-3.312082052230835,-6.147886276245117,-3.5449421405792236,-6.02259635925293,unknown,unknown_tmlKlasse_0167.wav
0.006086158100515604,0.10694418401150071,1841.180544898716,4374.0,50.0,1219.819469192772,316.1207889781411,47.34395816457432,28.09460498463303,-417.74969482421875,87.1676025390625,17.28185272216797,16.31174087524414,5.876167297363281,0.3056347370147705,-1.673335075378418,-3.0765891075134277,-0.6383965015411377,2.164605140686035,1.7472615242004395,4.262650489807129,-1.315063714981079,unknown,unknown_tmlKlasse_0168.wav
0.02675456367433071,0.09338083630226889,1288.6415701226451,2671.0,406.0,17276.393481001764,17030.458453639854,1166.8572566556336,166.65479232238465,-324.8804626464844,106.76902770996094,-8.475484848022461,33.098018646240234,7.955404281616211,-10.031673431396484,-8.608108520507812,-18.031925201416016,-8.91331672668457,7.0485711097717285,-1.7842440605163574,-0.04085415601730347,5.375434875488281,unknown,unknown_tmlKlasse_0169.wav
0.018201380968093872,0.1041315082192637,1502.29103253017,3422.0,309.0,11013.892513338054,7966.758968039241,80.11659228925272,343.60198756845824,-376.0889587402344,100.02256774902344,26.497041702270508,14.663573265075684,-14.786008834838867,15.205764770507812,5.284942150115967,-18.99207878112793,-4.739838600158691,-2.128253221511841,3.75717830657959,3.291344404220581,-13.327488899230957,unknown,unknown_tmlKlasse_0170.wav
0.01994672231376171,0.07531720732545784,1211.1013995994488,2403.0,546.0,9229.772488831426,13674.543933687326,478.3300304166284,71.92309353238136,-367.30340576171875,112.88229370117188,3.397768020629883,23.8721866607666,2.6088109016418457,-10.368644714355469,-8.959515571594238,-16.437725067138672,-6.525431156158447,1.4105591773986816,-4.365166664123535,1.6730570793151855,1.0441627502441406,unknown,unknown_tmlKlasse_0171.wav
0.06312312185764313,0.07044190261891368,1046.5560288539446,2049.0,347.0,118580.97722971348,19277.976158100806,1147.4738664388815,321.84867823540435,-304.9482116699219,120.06639862060547,-3.0661330223083496,27.936058044433594,-0.8646405935287476,-13.837113380432129,-7.559906482696533,-23.599285125732422,-18.49081039428711,-4.559535026550293,-12.532683372497559,-1.1317710876464844,-4.752652168273926,unknown,unknown_tmlKlasse_0172.wav
0.012046273797750473,0.06975435964747796,1446.0483176877508,3233.0,238.0,6302.302088569237,1108.9383959367337,93.68748559290611,33.62750050929081,-395.02862548828125,101.77554321289062,18.736804962158203,21.209556579589844,5.014422416687012,-4.7076873779296875,-6.190303325653076,-8.050315856933594,-3.497267961502075,-0.24190378189086914,-0.9463658928871155,-0.9828177094459534,-3.1529150009155273,unknown,unknown_tmlKlasse_0173.wav
0.0053498949855566025,0.0956309769360585,1943.043116213031,5039.0,50.0,1327.6390988625858,58.60184043357303,16.97848520333354,17.799439200213715,-448.36669921875,78.26504516601562,30.07498550415039,27.162628173828125,14.284248352050781,4.768404006958008,1.7791516780853271,2.3610637187957764,-0.6184604167938232,-1.1224230527877808,-1.3939058780670166,1.5690768957138062,-0.9567126631736755,unknown,unknown_tmlKlasse_0174.wav
0.009505122900009155,0.11188199262453903,1908.3288529255474,4471.0,334.0,1893.3952109027862,116.67677393005364,63.88090292144024,27.573384007644012,-416.9325256347656,78.1766586303711,10.4506254196167,24.24687385559082,14.213496208190918,6.248547554016113,-2.183668613433838,-4.811197280883789,-6.688354015350342,-4.316678524017334,-3.5930252075195312,-2.928896427154541,-1.3548907041549683,unknown,unknown_tmlKlasse_0175.wav
0.006635454948991537,0.12132008250515658,1882.43256962297,3735.0,274.0,2447.0339990727143,203.86626383230407,270.3057886527778,56.03160308379761,-439.44915771484375,68.3314208984375,13.772911071777344,31.553133010864258,17.71426010131836,3.2924246788024902,0.5695976614952087,-7.587434768676758,-6.020410537719727,1.4867851734161377,-8.125654220581055,-3.1374945640563965,1.7738051414489746,unknown,unknown_tmlKlasse_0176.wav
0.012638379819691181,0.18369898118632413,2064.456718534003,3470.0,50.0,609.4746187088858,1365.3552316475066,1012.4569417924899,158.87046098788932,-355.03363037109375,77.03968811035156,-32.201499938964844,14.542106628417969,1.950920820236206,-3.022336483001709,8.956682205200195,2.393357276916504,8.496821403503418,7.724289894104004,0.17375528812408447,1.4370322227478027,-1.7061843872070312,unknown,unknown_tmlKlasse_0177.wav
0.022393664345145226,0.06975435964747796,1366.888655475245,2924.0,143.0,13500.343868665896,4007.453630887987,262.50876111588224,94.80011527590315,-353.85052490234375,112.86799621582031,3.05361008644104,23.13055419921875,2.4538707733154297,-9.757312774658203,-12.354181289672852,-21.11988639831543,-12.325470924377441,2.8209049701690674,0.3079165816307068,1.6678216457366943,-1.6072144508361816,unknown,unknown_tmlKlasse_0178.wav
0.018000710755586624,0.08225514094630915,1316.1040461682394,2551.0,412.0,7590.840200987096,6157.6319385419865,350.0478131551298,78.9881781387626,-342.0809631347656,112.2916488647461,3.924704074859619,14.038106918334961,-3.213087558746338,-1.1178245544433594,-7.083310127258301,-17.011842727661133,-3.4440701007843018,2.1374006271362305,-3.1338462829589844,-3.6616768836975098,-5.563657760620117,unknown,unknown_tmlKlasse_0179.wav
0.018714936450123787,0.06281642602662667,1332.6830799626814,2868.0,214.0,9672.85701490127,2211.4260746882146,81.8846752341478,44.36610397467852,-369.91217041015625,115.44456481933594,18.715633392333984,14.024128913879395,-1.3594110012054443,0.34093230962753296,-5.035788536071777,-10.897738456726074,-6.69267463684082,0.18551111221313477,1.7823781967163086,-4.011687755584717,-7.119192123413086,unknown,unknown_tmlKlasse_0180.wav
0.014202355407178402,0.08194262141383836,1478.1821118266016,3043.0,300.0,7316.306141976584,1771.6437356862348,352.80600126884985,132.42054809871078,-368.82293701171875,101.20037078857422,3.7565758228302,23.595802307128906,3.692361831665039,-7.078053951263428,-1.1157935857772827,-14.505451202392578,-10.490289688110352,3.8665547370910645,-2.1098756790161133,3.4017722606658936,1.3275667428970337,unknown,unknown_tmlKlasse_0181.wav
0.004129169974476099,0.12925807862991437,2255.9234049768284,5493.0,50.0,821.3367750054239,32.371355558025556,17.200758615051267,19.198073984698073,-467.39306640625,61.87300491333008,24.937671661376953,22.58053207397461,16.115745544433594,11.164137840270996,5.774042129516602,3.8355090618133545,3.092257022857666,3.071110248565674,1.6025302410125732,2.931431293487549,-0.30455607175827026,unknown,unknown_tmlKlasse_0182.wav
0.016429264098405838,0.09569348084255266,1530.4674947633314,3280.0,452.0,5269.990178773919,1345.9811171839738,247.2539127455384,70.43010120194569,-364.30828857421875,106.850830078125,1.903324842453003,21.406063079833984,6.340066909790039,-8.200974464416504,-9.081741333007812,-14.676616668701172,-4.196826934814453,-1.373667597770691,-3.018578052520752,2.8620409965515137,-2.999558925628662,unknown,unknown_tmlKlasse_0183.wav
0.008117897436022758,0.0763797737358585,1544.2253473774883,3943.0,50.0,2667.3433761048245,310.38838381996857,21.541553598898144,18.470539895895456,-444.5885009765625,87.18610382080078,38.07749938964844,27.51479721069336,14.751753807067871,7.066697120666504,2.430135488510132,-5.745715618133545,-11.13146686553955,-3.8353371620178223,-1.245052456855774,2.3512449264526367,-0.5735138654708862,unknown,unknown_tmlKlasse_0184.wav
0.022227497771382332,0.08381773860866304,1430.2094539293848,3140.0,252.0,11102.460543020128,2106.878113159678,256.91728804862385,114.1733209861136,-376.9061279296875,95.97415161132812,8.890678405761719,32.340065002441406,0.820215106010437,-9.90602970123291,-3.4305739402770996,-12.334373474121094,-8.21834659576416,-6.099299907684326,-7.76650857925415,3.472595453262329,5.790701866149902,unknown,unknown_tmlKlasse_0185.wav
0.01265711523592472,0.10169385586599163,1218.8326057816441,3209.0,249.0,14089.525578982795,527.068076274731,32.10265006151273,83.7907433730154,-431.26812744140625,82.24629974365234,31.918540954589844,26.652347564697266,7.667354583740234,12.85019302368164,1.3522504568099976,-10.217869758605957,-3.331193447113037,-1.2421528100967407,0.3076590299606323,1.2003204822540283,-5.788415908813477,unknown,unknown_tmlKlasse_0186.wav
0.016037896275520325,0.07875492218263641,1418.8977901817045,2948.0,340.0,11184.425613052665,1636.051681915699,877.2137335049582,172.69405038973105,-384.7236328125,99.06405639648438,11.692607879638672,32.434242248535156,12.357151985168457,-0.8280928730964661,-8.314632415771484,-16.105976104736328,-4.399040222167969,-0.2080121636390686,-5.964076042175293,-1.4467546939849854,-2.0642459392547607,unknown,unknown_tmlKlasse_0187.wav
0.010489754378795624,0.10431901993874618,1558.1570495424974,3710.0,319.0,5654.430862539478,149.24042918490971,135.5448890085772,30.016802492835097,-439.373291015625,73.37947082519531,24.76380157470703,29.527978897094727,17.171199798583984,6.111029624938965,-4.372598648071289,-5.563708305358887,-5.395838260650635,-5.612256050109863,-3.878296375274658,-1.3766015768051147,-2.4811391830444336,unknown,unknown_tmlKlasse_0188.wav
0.037334904074668884,0.08519282455153447,1247.8125934311156,2412.0,301.0,35258.61502122287,29531.89508920234,3123.1911368235824,674.7089784076948,-302.1856994628906,124.95980834960938,-8.370872497558594,22.598541259765625,-7.421539306640625,-12.799684524536133,-0.17838066816329956,-17.347728729248047,-6.464550971984863,2.6371426582336426,-9.773188591003418,-0.9438011646270752,-3.6752684116363525,unknown,unknown_tmlKlasse_0189.wav
0.010271085426211357,0.10281892618288643,1873.7842372071314,3923.0,50.0,2710.469408525241,512.8255427773298,320.7709948232195,122.6440726399178,-405.77044677734375,85.84454345703125,16.112091064453125,19.28832244873047,-1.36161208152771,0.6865816116333008,-1.6766196489334106,-9.39124870300293,-9.548046112060547,-8.270845413208008,-2.8187899589538574,4.392999172210693,-1.236232876777649,unknown,unknown_tmlKlasse_0190.wav
0.004700975492596626,0.11013188324270266,2079.965176425122,5220.0,50.0,1104.3475355537644,42.572513275446425,22.834159386963876,21.1494497878932,-458.22906494140625,70.70536804199219,33.86532974243164,28.320220947265625,14.635659217834473,3.620476722717285,-2.6291275024414062,-3.0446221828460693,-3.3302664756774902,-2.8101890087127686,-0.4095074534416199,2.6624197959899902,2.043466567993164,unknown,unknown_tmlKlasse_0191.wav
0.026358189061284065,0.07894243390211889,1482.451577828243,2936.0,177.0,28161.011452325536,5153.069242674161,2145.6947949484456,334.2632210846256,-327.7315673828125,108.90265655517578,-7.084547996520996,31.951763153076172,10.969015121459961,-16.902484893798828,-10.768904685974121,-13.258979797363281,-12.523782730102539,3.3214662075042725,-2.5985865592956543,-0.2164810299873352,4.171291828155518,unknown,unknown_tmlKlasse_0192.wav
0.0030682708602398634,0.13325832864554035,2516.227818296342,5778.0,50.0,378.3878630137068,33.77867558740825,15.522652425593279,17.728077992881467,-474.31805419921875,56.404850006103516,21.154035568237305,19.463626861572266,12.70567798614502,8.605080604553223,6.332710266113281,6.582969665527344,5.198463439941406,5.992950439453125,5.077167510986328,7.683664321899414,4.1150922775268555,unknown,unknown_tmlKlasse_0193.wav
0.020011618733406067,0.07525470341896369,1299.2544114471955,2644.0,150.0,8169.238280388896,5178.823445048416,439.5205403577351,94.67128591938445,-353.40643310546875,115.79508972167969,3.3949146270751953,27.84391975402832,0.051399946212768555,-9.400821685791016,-0.8104511499404907,-13.755475044250488,-5.544382572174072,4.249059200286865,-3.9875900745391846,3.4111342430114746,-0.50388503074646,unknown,unknown_tmlKlasse_0194.wav
0.016656965017318726,0.07044190261891368,1286.0309587429447,2481.0,117.0,15265.407517900958,2832.487602679815,275.00571401429704,43.872352787520846,-384.07952880859375,106.61487579345703,8.558445930480957,25.095890045166016,13.658293724060059,-6.188175201416016,-8.348658561706543,-9.71003532409668,-5.012215614318848,0.2535386085510254,-3.632704019546509,0.275737464427948,-2.5497424602508545,unknown,unknown_tmlKlasse_0195.wav
0.016134990379214287,0.06562910181886368,1334.5450686215706,2778.0,198.0,8877.524331760691,5915.322654992193,197.57235182393558,75.55978382699081,-387.77288818359375,108.61516571044922,23.157264709472656,22.020586013793945,0.2556307315826416,-5.583375453948975,-1.0294058322906494,-13.463239669799805,-12.147449493408203,-6.765731334686279,-6.703522682189941,0.024894297122955322,0.4557349681854248,unknown,unknown_tmlKlasse_0196.wav
0.01838143728673458,0.0977561097568598,1495.0757519196052,3290.0,526.0,6514.405114016783,12869.126429031836,337.4550830487024,198.67145930320362,-354.4770812988281,96.57337951660156,11.291463851928711,25.7384033203125,-7.018476963043213,-2.524745225906372,-5.816808700561523,-18.317138671875,-6.217668056488037,-3.1839866638183594,0.6223130226135254,4.892279624938965,-1.126362919807434,unknown,unknown_tmlKlasse_0197.wav
0.008897129446268082,0.10631914494655915,1746.0634128549364,4162.0,506.0,2631.1596521630336,2244.8228477496473,208.983280612031,57.16386756536227,-421.2108154296875,82.64203643798828,22.385639190673828,23.264427185058594,8.934215545654297,0.7848682403564453,-7.208951950073242,-4.779438018798828,-1.2497750520706177,-0.3889099359512329,-3.8612985610961914,2.985018014907837,4.433655738830566,unknown,unknown_tmlKlasse_0198.wav
0.05219680443406105,0.08244265266579161,1267.018286483709,2591.0,495.0,88651.5284866783,41637.47020711754,5915.383833400037,990.8128130951555,-275.14373779296875,120.6640625,-15.581125259399414,35.3773078918457,0.41082996129989624,-17.93988037109375,-6.297316551208496,-23.161479949951172,-4.7671003341674805,0.8299238085746765,-9.537033081054688,4.929780960083008,-3.1616806983947754,unknown,unknown_tmlKlasse_0199.wav
0.037459783256053925,0.07887992999562472,1090.9784535449116,2082.0,385.0,51177.58024248073,24189.517814324925,975.7737650680488,211.24342286004295,-318.3839111328125,126.81133270263672,-6.34422492980957,18.376375198364258,-11.567190170288086,-17.068073272705078,-1.4906015396118164,-9.344106674194336,-9.150522232055664,-5.772615909576416,-4.698424816131592,4.653440475463867,1.7038884162902832,unknown,unknown_tmlKlasse_0200.wav
