rms,zcr,centroid,rolloff,dominant_freq,band_0_500,band_500_1500,band_1500_3000,band_3000_6000,activity,filename
0.04673008993268013,0.11169448090505657,844.7423910036861,904.0,553.0,43652.2674021813,69244.06267588836,91.21739581222289,43.277800732132235,får,får_A_0.75m_nygaard_001_s01.wav
0.043390899896621704,0.12519532470779424,848.7815086614551,935.0,554.0,42304.56638056013,55146.355700891465,102.06356344339977,45.665800203642796,får,får_A_0.75m_nygaard_001_s02.wav
0.04032433032989502,0.10931933245827864,859.4757208273516,945.0,551.0,37954.43656846776,47725.91878526172,81.93140366457767,44.021804203974376,får,får_A_0.75m_nygaard_001_s03.wav
0.04433247819542885,0.12300768798049878,866.3105973599486,923.0,504.0,52814.558961753326,69525.45831990885,190.43978129358794,98.44900953942029,får,får_A_0.75m_nygaard_001_s04.wav
0.04401640221476555,0.1147571723232702,839.8923633272922,867.0,553.0,43095.62149573512,59873.05999458031,130.09626044719639,43.9161073667626,får,får_A_0.75m_nygaard_001_s05.wav
0.031826429069042206,0.14675917244827802,878.932146398169,856.0,502.0,34428.80108390617,25301.841789914204,38.941897889664915,35.40357221970288,får,får_A_0.75m_nygaard_001_s06.wav
0.027933260425925255,0.08688043002687668,987.7413419849559,1085.0,399.0,24223.987147283508,18226.736898286355,60.74088163212846,52.106536672567586,får,får_A_0.75m_nygaard_001_s07.wav
0.03498261049389839,0.10769423088943059,944.7408248325874,954.0,525.0,17590.394543996503,40055.3057342558,124.6856095757037,53.788827519126144,får,får_A_0.75m_nygaard_001_s08.wav
0.03432433307170868,0.13350834427151698,920.1254232950486,963.0,559.0,21890.698606574228,33179.072377162556,71.21599531536157,33.04689713773182,får,får_A_0.75m_nygaard_001_s09.wav
0.03513500466942787,0.11819488718044878,938.165693374262,969.0,530.0,25129.660246763116,39485.99878294677,141.7098093187941,59.687555144155795,får,får_A_0.75m_nygaard_001_s10.wav
0.04653795436024666,0.12494530908181761,833.9376509380561,868.0,553.0,42935.79960390921,69175.25048126763,82.34953719837449,39.74377392431177,får,får_A_0.75m_stille_001_s01.wav
0.04323023185133934,0.1825114069629352,839.4555074628497,921.0,554.0,42026.906721480926,55071.66562164093,96.75724733186756,42.198304282917675,får,får_A_0.75m_stille_001_s02.wav
0.03995712846517563,0.18001125070316895,823.057656869121,900.0,551.0,36997.879616255086,47483.4043627527,47.387114195029014,29.575851166125574,får,får_A_0.75m_stille_001_s03.wav
0.04424802586436272,0.1498843677729858,842.8378327682959,904.0,504.0,52523.44377009188,69524.46687572521,141.85984062045625,90.53073551966718,får,får_A_0.75m_stille_001_s04.wav
0.04376431554555893,0.1368835552222014,814.1296500966929,850.0,553.0,42755.60874286624,59466.4311909819,101.63740136911186,38.24271730867556,får,får_A_0.75m_stille_001_s05.wav
0.03169098123908043,0.16432277017313582,832.2935529666436,836.0,502.0,34227.49440833848,25129.787519327096,29.150989678937286,29.241322645984162,får,får_A_0.75m_stille_001_s06.wav
0.026858380064368248,0.14463403962747673,861.3645742005957,848.0,399.0,22425.881435894604,18208.788727060077,20.96502840187355,22.25325048075562,får,får_A_0.75m_stille_001_s07.wav
0.034628976136446,0.18169885617851117,919.5103389042625,927.0,525.0,16684.78690669945,39961.76187763214,104.08418226908061,44.52097135753054,får,får_A_0.75m_stille_001_s08.wav
0.03417254984378815,0.18763672729545597,895.8030159150393,945.0,559.0,21749.753166224313,32996.27459528897,64.2228029031572,29.12020448249585,får,får_A_0.75m_stille_001_s09.wav
0.03485983610153198,0.19988749296831052,908.7300295521022,936.0,529.0,24286.063814169986,39411.01196206709,126.14553923700814,51.05430441430883,får,får_A_0.75m_stille_001_s10.wav
0.04693949222564697,0.11588224264016501,981.8620132795239,1073.0,554.0,44028.86335505925,69501.9059593485,169.51861771996647,150.55085793291855,får,får_A_0.75m_tmlKlasse_001_s01.wav
0.043345142155885696,0.12013250828176761,859.1364021905932,967.0,554.0,42104.948247743705,55192.725101890486,120.59444955160666,48.949609634978,får,får_A_0.75m_tmlKlasse_001_s02.wav
0.04042749106884003,0.11831989499343709,869.7600963102835,957.0,551.0,37554.97437941397,48824.75862153914,77.83124481570577,46.401623721303096,får,får_A_0.75m_tmlKlasse_001_s03.wav
0.04498171806335449,0.0939433714607163,859.3862739327774,923.0,503.0,55001.83103309303,71143.12279354339,173.33414863966217,101.56718696520458,får,får_A_0.75m_tmlKlasse_001_s04.wav
0.04423341527581215,0.08625539096193512,821.0582698315798,852.0,553.0,43245.67798295242,60367.76242474315,106.70214789590861,40.85601165704974,får,får_A_0.75m_tmlKlasse_001_s05.wav
0.0318988598883152,0.11213200825051566,840.8196600909583,840.0,502.0,34747.36839774989,25175.14093352051,31.441755962151603,31.511757011599112,får,får_A_0.75m_tmlKlasse_001_s06.wav
0.03070254996418953,0.10019376211013188,1121.4182486431603,2505.0,399.0,35713.932563946226,20177.54441343756,1706.284217590437,137.19878041136442,får,får_A_0.75m_tmlKlasse_001_s07.wav
0.03463971987366676,0.17657353584599036,940.2341755712453,935.0,525.0,16726.182244814292,39952.97826903398,108.56796855776466,47.33005881136957,får,får_A_0.75m_tmlKlasse_001_s08.wav
0.03450721129775047,0.09500593787111694,920.0804502185708,970.0,558.0,22353.707358215015,33740.64878676577,81.27644115389143,35.20799294390643,får,får_A_0.75m_tmlKlasse_001_s09.wav
0.03557872399687767,0.10181886367897994,949.8678553247044,1070.0,529.0,25525.74462160821,40136.860187315164,221.26742425997912,63.03964952435574,får,får_A_0.75m_tmlKlasse_001_s10.wav
0.021237362176179886,0.13369585599099942,1021.992237021083,1117.0,137.0,16216.680382960349,6180.262753020375,27.1339103010271,23.743778101660684,får,får_A_1.5m_nygaard_001_s01.wav
0.011672917753458023,0.11956997312332021,1332.5067050900568,2863.0,136.0,5409.041361768515,1813.4367386763827,61.983524235991666,30.418094434271936,får,får_A_1.5m_nygaard_001_s02.wav
0.011097349226474762,0.13738358647415463,1284.1214607450327,2856.0,136.0,5413.805919159311,1704.5207217346203,23.308112955550705,21.417475456812515,får,får_A_1.5m_nygaard_001_s03.wav
0.008599418215453625,0.11694480905056566,1579.1330738593056,4012.0,135.0,3441.264015112882,979.9295829959359,25.21310983443889,32.34266541833909,får,får_A_1.5m_nygaard_001_s04.wav
0.014436419121921062,0.12207012938308644,1210.4212055747319,2620.0,389.0,8679.17985683068,3603.910838570315,53.108278148168,34.6922549519676,får,får_A_1.5m_nygaard_001_s05.wav
0.01450099516659975,0.13025814113382087,2147.4309966846895,4804.0,387.0,7126.401607217074,4389.5892027197915,266.4787048416275,536.7951353622287,får,får_A_1.5m_nygaard_001_s06.wav
0.015508322976529598,0.10025626601662604,1104.4356144279027,1646.0,386.0,9034.670951608025,4224.516296194208,20.586810127644632,20.955673760485304,får,får_A_1.5m_nygaard_001_s07.wav
0.018670858815312386,0.12238264891555722,1130.6592197942246,1783.0,248.0,11676.231145822814,6289.424903138498,56.21248077706262,24.08904743824247,får,får_A_1.5m_nygaard_001_s08.wav
0.014251245185732841,0.09300581286330396,1249.1080736387792,2578.0,331.0,8215.053979243909,2803.6661596914164,48.87939919310385,38.149341869741704,får,får_A_1.5m_nygaard_001_s09.wav
0.01585996150970459,0.08894305894118383,1093.8118317767605,1828.0,246.0,8952.375790070339,3618.6900300862826,26.220986471585753,24.256296370085074,får,får_A_1.5m_nygaard_001_s10.wav
0.02080049365758896,0.2068254265891618,990.5070582592003,1006.0,137.0,15729.30315660074,6036.505056414423,20.062878933291984,18.552199077926648,får,får_A_1.5m_stille_001_s01.wav
0.010914099402725697,0.1942621413838365,1262.4253191281518,2694.0,136.0,4841.106103788867,1529.9560667179364,11.0428935424996,16.88134026170184,får,får_A_1.5m_stille_001_s02.wav
0.010756575502455235,0.19513719607475466,1255.3179643416552,2769.0,136.0,5118.090706540466,1656.5525779180546,10.91984989079868,16.67268270625244,får,får_A_1.5m_stille_001_s03.wav
0.0077024889178574085,0.18419901243827738,1510.0654618571236,3907.0,135.0,2832.6013957134355,864.0141128776685,11.033920630752993,17.230496538605692,får,får_A_1.5m_stille_001_s04.wav
0.013592110015451908,0.20595037189824364,1114.4775708737136,1713.0,389.0,8380.354866141277,3313.4019066653373,11.438973406498393,16.10940886184106,får,får_A_1.5m_stille_001_s05.wav
0.013213369995355606,0.19557472342021376,1112.3140402661256,1700.0,387.0,6826.104708743544,3049.8759536593184,11.813114273001077,15.831575626922483,får,får_A_1.5m_stille_001_s06.wav
0.0150584876537323,0.18882430151884494,1093.9729450238879,1369.0,387.0,8407.314801468296,4096.083981113798,13.704265226738972,17.43884188971112,får,får_A_1.5m_stille_001_s07.wav
0.01826658472418785,0.2038877429839365,1073.3172455929591,1240.0,503.0,11219.420148127245,5807.787754783256,14.814638016899368,16.784775523233282,får,får_A_1.5m_stille_001_s08.wav
0.012674113735556602,0.18694918432402025,1177.6337884870077,1985.0,246.0,6812.99774707786,2319.7929985865644,12.99754033520111,17.588180527211325,får,får_A_1.5m_stille_001_s09.wav
0.014805111102759838,0.18669916869804362,1123.6167932352162,1570.0,386.0,7468.113226603166,3420.640329075221,12.465495977164428,17.466272457775688,får,får_A_1.5m_stille_001_s10.wav
0.02128678746521473,0.11650728170510657,1049.3972802935834,1571.0,137.0,16687.835051551952,6139.805859070697,46.61599778896252,38.86683208950852,får,får_A_1.5m_tmlKlasse_001_s01.wav
0.013143958523869514,0.09431839489968123,1232.733119722723,2510.0,385.0,8108.078625569284,2066.975056872666,77.29498633227425,29.779492934264436,får,får_A_1.5m_tmlKlasse_001_s02.wav
0.011223631910979748,0.16913557097318582,1221.0518579236686,2586.0,136.0,5989.245896114087,1681.4542596318015,16.819909857147955,19.62659312435354,får,får_A_1.5m_tmlKlasse_001_s03.wav
0.0091707156971097,0.10063128945559098,1478.0825189628831,3483.0,135.0,3888.3046158916304,929.5802560596251,62.07216984245438,27.778391183952554,får,får_A_1.5m_tmlKlasse_001_s04.wav
0.01469019427895546,0.09838114882180136,1297.8668611535093,2969.0,390.0,9394.878170079322,3485.214553440739,97.56502130146308,86.19847148231295,får,får_A_1.5m_tmlKlasse_001_s05.wav
0.015041311271488667,0.09525595349709357,1121.0801347729468,1934.0,387.0,8577.806464949132,3749.987358523248,24.145425220920693,23.74553350227694,får,får_A_1.5m_tmlKlasse_001_s06.wav
0.018985068425536156,0.07619226201637602,1196.9594446434712,2161.0,387.0,11855.116301137856,5693.519704570103,119.87518258257583,64.90276158453398,får,får_A_1.5m_tmlKlasse_001_s07.wav
0.019571170210838318,0.09631851990749422,1105.9166206934578,1883.0,501.0,14271.262647909507,6229.8052378112925,80.75175634479888,30.185376500981448,får,får_A_1.5m_tmlKlasse_001_s08.wav
0.014860298484563828,0.08700543783986499,1155.515574272896,2065.0,246.0,9154.480757871366,2750.2544841027056,34.23094608677951,26.74591457197917,får,får_A_1.5m_tmlKlasse_001_s09.wav
0.014905275776982307,0.15019688730545658,1141.7982875595565,1777.0,511.0,7586.74869994651,3431.0270974267264,14.746043499052128,19.35002414041741,får,får_A_1.5m_tmlKlasse_001_s10.wav
0.0787401795387268,0.1331958247390462,823.3071661337602,841.0,599.0,86100.74194136135,280915.355759081,152.69513597085603,216.81763435866907,får,får_C_0.75m_nygaard_001_s01.wav
0.04895329847931862,0.1610725670354397,909.7076570156974,926.0,599.0,39520.859509772665,95837.73126594376,229.3054264903569,105.25529799844003,får,får_C_0.75m_nygaard_001_s02.wav
0.04306768253445625,0.13100818801175074,896.3210224283254,862.0,568.0,19095.84818544226,92720.67807424873,40.94883414331903,60.10955530462259,får,får_C_0.75m_nygaard_001_s03.wav
0.04296468198299408,0.1435089693105819,879.621109331526,872.0,572.0,25688.483131557365,82866.58337141016,43.040182455392745,56.34754967637507,får,får_C_0.75m_nygaard_001_s04.wav
0.041635408997535706,0.1683230201887618,955.1456435704605,890.0,437.0,39994.78750470598,59200.341424556325,65.70719788023683,108.07105014698564,får,får_C_0.75m_nygaard_001_s05.wav
0.042810942977666855,0.15494718419901243,929.0756701698659,922.0,301.0,33421.33254801086,80280.38786293764,59.29190254346059,138.19738304019805,får,får_C_0.75m_nygaard_001_s06.wav
0.044703591614961624,0.12125757859866242,930.911261416573,1013.0,288.0,48363.347582904644,73352.37750460603,188.44396549731337,208.99077471569586,får,får_C_0.75m_nygaard_001_s07.wav
0.0479963943362236,0.14388399274954686,889.7455206059875,900.0,301.0,52146.50160754034,87256.69949524618,76.30732240382935,142.64999387496638,får,får_C_0.75m_nygaard_001_s08.wav
0.05243862047791481,0.15094693418338645,885.566659944519,886.0,598.0,40163.812248522234,127112.2202126978,103.94443903758687,177.3677227834553,får,får_C_0.75m_nygaard_001_s09.wav
0.05314645171165466,0.1488843052690793,864.3109710294792,876.0,527.0,44749.07609777965,137377.02639559697,113.93961922243128,172.42721132846347,får,får_C_0.75m_nygaard_001_s10.wav
0.07855486124753952,0.20395024689043065,807.9847568362078,831.0,599.0,85808.02285909836,280037.52956176945,130.15994066999318,206.37271298831106,får,får_C_0.75m_stille_001_s01.wav
0.04873688891530037,0.1986374148384274,843.1626366579134,870.0,599.0,39094.06118418742,95401.6895507746,50.99531513867178,79.06037482159586,får,får_C_0.75m_stille_001_s02.wav
0.04277787357568741,0.20420026251640727,868.6173763818406,856.0,568.0,18256.646991742502,92433.62330983045,31.141849899456105,49.08345526291047,får,får_C_0.75m_stille_001_s03.wav
0.042888566851615906,0.19151196949809363,864.9998825832457,869.0,572.0,25388.52980618577,83150.16186529056,31.378947072812444,52.47811256884346,får,får_C_0.75m_stille_001_s04.wav
0.04140165075659752,0.22932683292705794,927.4699642186552,876.0,437.0,39628.9954749856,58889.251424305985,26.64054966371699,97.86160965692605,får,får_C_0.75m_stille_001_s05.wav
0.042655639350414276,0.2400150009375586,911.0431823642666,909.0,301.0,33008.816960613345,80421.72273181453,35.515310926581286,131.3435695193753,får,får_C_0.75m_stille_001_s06.wav
0.04431562125682831,0.19882492655790987,873.6713050603042,871.0,288.0,46337.22833741513,74015.84941021237,35.493494632050584,176.32044724767698,får,får_C_0.75m_stille_001_s07.wav
0.04781719297170639,0.22638914932183263,857.743857777673,877.0,301.0,51492.27295689038,87519.86081642612,28.22325979667343,132.74058561941712,får,får_C_0.75m_stille_001_s08.wav
0.05230712890625,0.21676354772173262,858.7725677004736,882.0,598.0,39693.018353981555,127031.81879120362,86.22642808084262,166.18591104685206,får,får_C_0.75m_stille_001_s09.wav
0.05300064757466316,0.20757547346709168,856.3080689780297,875.0,527.0,44524.121349660854,137131.48470222854,110.94030811461731,166.29559599252443,får,får_C_0.75m_stille_001_s10.wav
0.07853244990110397,0.1758234889680605,814.2250774299267,833.0,599.0,85619.8088680016,279937.9294651367,133.42739342268976,210.99662983029066,får,får_C_0.75m_tmlKlasse_001_s01.wav
0.048873499035835266,0.1626351646977936,889.78658636522,905.0,599.0,39062.76563964632,95495.13743879915,142.1552720871527,94.16580504368254,får,får_C_0.75m_tmlKlasse_001_s02.wav
0.042802415788173676,0.16301018813675855,884.5317449740842,860.0,569.0,18311.02424901997,92326.83365367904,40.21472435850437,52.41439350775756,får,får_C_0.75m_tmlKlasse_001_s03.wav
0.0432024821639061,0.10713169573098319,881.3991272717946,873.0,572.0,26271.009127971767,83747.99827697739,47.52998514257503,58.13395817416435,får,får_C_0.75m_tmlKlasse_001_s04.wav
0.0419311597943306,0.13100818801175074,932.8915462754824,878.0,437.0,40344.46624249567,60707.63695997713,34.322648439502814,101.54471989523641,får,får_C_0.75m_tmlKlasse_001_s05.wav
0.04299764335155487,0.18201137571098194,939.7349667136364,923.0,301.0,34101.32884264075,81575.07342901091,56.64614057873064,138.43787178181978,får,får_C_0.75m_tmlKlasse_001_s06.wav
0.044935546815395355,0.09850615663478968,883.6687881370966,888.0,288.0,49202.35705980736,74479.94376241697,58.895662088834335,183.37361138160392,får,får_C_0.75m_tmlKlasse_001_s07.wav
0.048221562057733536,0.16176011000687543,875.0510050598921,889.0,301.0,53655.29333216546,87766.42198445217,72.70119047338268,146.3175501184045,får,får_C_0.75m_tmlKlasse_001_s08.wav
0.05368233099579811,0.09519344959059942,907.0730891478402,1009.0,598.0,45182.16006093588,127504.43733254864,232.8385652527065,215.79398824579033,får,får_C_0.75m_tmlKlasse_001_s09.wav
0.05319632217288017,0.14019626226639165,906.019043808893,960.0,527.0,45702.725025293636,137329.6075834705,300.6146769645137,199.85472239081844,får,får_C_0.75m_tmlKlasse_001_s10.wav
0.1162622794508934,0.12575785986624163,843.6079447645059,829.0,806.0,191593.70480099734,637053.5919603005,102.19879679023236,1013.8722307270077,får,får_C_1.5m_nygaard_001_s01.wav
0.08502086997032166,0.12788299268704295,805.0822894377912,846.0,457.0,192225.6209404024,262943.3118126479,68.31461511797607,230.72258489756157,får,får_C_1.5m_nygaard_001_s02.wav
0.08613178879022598,0.11919494968435528,857.1032344464385,889.0,453.0,198260.06342108824,229328.00242130214,182.54572333548822,443.8275967944048,får,får_C_1.5m_nygaard_001_s03.wav
0.06418386846780777,0.15307206700418777,845.2005601500126,874.0,761.0,110296.14900577837,134952.2547214751,44.336481420990665,152.39522541942318,får,får_C_1.5m_nygaard_001_s04.wav
0.0776519849896431,0.1126320395024689,879.2742771358398,916.0,452.0,166720.99768872524,185141.35141514507,94.51562647543909,417.32899139696576,får,får_C_1.5m_nygaard_001_s05.wav
0.08864500373601913,0.1265079067441715,851.0131562723113,865.0,463.0,290312.4041926322,183666.98897340024,98.96530637305764,434.1553385623679,får,får_C_1.5m_nygaard_001_s06.wav
0.054775357246398926,0.1120695043440215,879.2090079903871,857.0,471.0,137370.20311362366,93829.82165368627,69.45319104667743,144.86544238042953,får,får_C_1.5m_nygaard_001_s07.wav
0.10483375191688538,0.1327582973935871,867.8204566794648,843.0,668.0,94568.52837722281,546156.6970457879,124.88135958144605,384.9758524408427,får,får_C_1.5m_nygaard_001_s08.wav
0.069759801030159,0.12669541846365398,888.2946844103186,888.0,529.0,40511.451223095435,263376.17783660657,107.25576211883345,227.7175580178957,får,får_C_1.5m_nygaard_001_s09.wav
0.08158980309963226,0.11719482467654228,837.9194795598348,844.0,461.0,214106.90726373516,178788.81546793447,45.91338047922857,276.88819738577456,får,får_C_1.5m_nygaard_001_s10.wav
0.1162395179271698,0.20101256328520534,839.1781788412067,828.0,806.0,191427.82040347505,636900.2159038784,94.75028559388073,1013.4860138679492,får,får_C_1.5m_stille_001_s01.wav
0.0849611833691597,0.1732608288018001,795.9779031639284,841.0,457.0,192541.45963437358,262318.37243020494,58.191764270391815,223.63269466953386,får,får_C_1.5m_stille_001_s02.wav
0.08598975837230682,0.17857366085380336,835.3980246130903,857.0,453.0,196754.83613843384,229443.98633677562,110.89181163208715,434.3399489319985,får,får_C_1.5m_stille_001_s03.wav
0.06408527493476868,0.19319957497343584,841.3255611921232,871.0,761.0,109675.00186873395,134887.76519492734,41.19190913666735,151.39360871499647,får,får_C_1.5m_stille_001_s04.wav
0.0775085985660553,0.17701106319144946,863.5547168991369,897.0,452.0,165786.05935608636,184697.01840599926,60.28450613273965,395.85510049689015,får,får_C_1.5m_stille_001_s05.wav
0.088607557117939,0.16901056316019752,847.8103782597325,863.0,463.0,290001.3477835195,183718.7745053684,92.03589885454457,431.9814784555399,får,får_C_1.5m_stille_001_s06.wav
0.05475009232759476,0.18707419213700857,865.4740327860727,843.0,471.0,137385.86645555994,94050.31862179852,52.34032085734342,138.18408051214283,får,får_C_1.5m_stille_001_s07.wav
0.10478942096233368,0.18676167260453777,851.1765759666447,841.0,668.0,94200.36837267673,545728.235372818,77.27807696638138,367.22638844418395,får,får_C_1.5m_stille_001_s08.wav
0.06968734413385391,0.2081380086255391,853.7281634823115,881.0,529.0,39527.06001093851,263909.42229760264,48.913904791382635,212.52991156643384,får,får_C_1.5m_stille_001_s09.wav
0.08144070208072662,0.17782361397587348,810.4510083239608,839.0,461.0,213927.9950666262,178006.30360137118,32.43162851435916,262.78329578641876,får,får_C_1.5m_stille_001_s10.wav
0.11588915437459946,0.09900618788674292,851.9088769953851,835.0,806.0,187438.78168064827,635239.664788153,154.45023353014062,1029.4743074604985,får,får_C_1.5m_tmlKlasse_001_s01.wav
0.08488655090332031,0.14075879742483904,799.9230687792631,842.0,457.0,191120.70150079284,263093.43061377463,60.546481682493706,226.15714446544695,får,får_C_1.5m_tmlKlasse_001_s02.wav
0.08603077381849289,0.13744609038064878,838.8444331080333,858.0,453.0,196957.00936762604,229472.24285983577,112.82960852033646,437.1082967667469,får,får_C_1.5m_tmlKlasse_001_s03.wav
0.06417872756719589,0.17557347334208387,847.3657920082613,875.0,761.0,110189.42224936798,135059.1237268013,46.1677541474604,153.41948485964141,får,får_C_1.5m_tmlKlasse_001_s04.wav
0.07752232998609543,0.14782173885867866,867.9829989853037,899.0,452.0,165892.22980897047,184628.3868404861,61.33864265948088,397.99840262659876,får,får_C_1.5m_tmlKlasse_001_s05.wav
0.08881613612174988,0.10763172698293644,867.1587751347926,874.0,463.0,291440.57995061105,183902.9220109786,105.01507769864156,441.95844202322775,får,får_C_1.5m_tmlKlasse_001_s06.wav
0.05478690564632416,0.13888368023001438,872.1755036620601,854.0,471.0,137498.6892214611,93908.00809282667,61.02488944913792,140.2856564669058,får,får_C_1.5m_tmlKlasse_001_s07.wav
0.10487473011016846,0.14413400837552348,861.6911320329787,842.0,668.0,94753.31476357664,546007.8726941905,92.17187055309233,377.8552846591381,får,får_C_1.5m_tmlKlasse_001_s08.wav
0.07066231966018677,0.09894368398024876,878.175205112149,885.0,529.0,40470.96524081253,267839.5241116896,75.04599107555572,237.94937013738863,får,får_C_1.5m_tmlKlasse_001_s09.wav
0.08154480159282684,0.11231951996999813,819.2720882645374,843.0,461.0,214102.97175968083,178383.6616225249,47.12428697569217,263.8323411771986,får,får_C_1.5m_tmlKlasse_001_s10.wav
0.050837624818086624,0.08100506281642603,873.4303587168821,785.0,539.0,31280.54930586512,76805.62159120328,84.63729318496857,105.95968606783953,får,får_J_0.75m_nygaard_001_s01.wav
0.04691392928361893,0.09594349646852929,846.6804610051504,793.0,584.0,41301.43898489955,77661.19459165582,96.1322696156956,83.80640774927193,får,får_J_0.75m_nygaard_001_s02.wav
0.04321836307644844,0.08838052378273642,946.166480288786,1169.0,583.0,32623.44015225127,60354.22466280472,155.8250951411385,191.64442600538035,får,får_J_0.75m_nygaard_001_s03.wav
0.04469798505306244,0.1031314457153572,898.7032355662388,852.0,575.0,30054.666243361466,67987.83835341799,72.15695387791426,151.40051087434028,får,får_J_0.75m_nygaard_001_s04.wav
0.044952359050512314,0.09863116444777799,933.8700104311619,1205.0,554.0,31025.10691273505,73131.97664987746,138.8785854160053,202.3516164203137,får,får_J_0.75m_nygaard_001_s05.wav
0.038751304149627686,0.11688230514407151,937.8977771127172,907.0,532.0,20145.555786464203,52363.899559896054,79.7141551594465,123.71668019781976,får,får_J_0.75m_nygaard_001_s06.wav
0.034643083810806274,0.11163197699856241,944.2375803101816,1235.0,583.0,25081.97028312509,41238.66437630125,72.6463997817088,105.4092178877978,får,får_J_0.75m_nygaard_001_s07.wav
0.050160717219114304,0.11219451215700982,930.1003995996379,896.0,540.0,29965.5248394405,112198.95300897204,187.50636618709126,368.17811290511577,får,får_J_0.75m_nygaard_001_s08.wav
0.04211173951625824,0.1366960435027189,941.4772557290904,934.0,563.0,27772.470395623644,69161.07457724465,71.8913939112787,298.8373724456145,får,får_J_0.75m_nygaard_001_s09.wav
0.05044080317020416,0.09569348084255266,941.3554640004525,864.0,551.0,21687.91585535299,112071.13989389187,121.49695218675313,425.05677190666904,får,får_J_0.75m_nygaard_001_s10.wav
0.05044008046388626,0.1613850865679105,856.7475489292162,776.0,539.0,29538.32435285188,76555.86969648825,60.716650775520826,97.53789612336293,får,får_J_0.75m_stille_001_s01.wav
0.04663724824786186,0.1655103443965248,818.1008412099602,762.0,584.0,40666.261951530025,77167.14892257094,55.46037012900152,76.44339889063073,får,får_J_0.75m_stille_001_s02.wav
0.04252482205629349,0.17838614913432088,912.6080367472739,841.0,583.0,29870.223651777575,59894.95096917058,74.4695697437104,173.94132376992138,får,får_J_0.75m_stille_001_s03.wav
0.044399164617061615,0.17944871554472155,876.8742995731795,784.0,575.0,28670.579682146876,67611.23428397716,57.175582553548054,140.5695434525893,får,får_J_0.75m_stille_001_s04.wav
0.044671256095170975,0.16757297331083193,875.227733054693,778.0,554.0,29054.05002309311,73883.22108492482,26.75664054686393,183.59029852016823,får,får_J_0.75m_stille_001_s05.wav
0.03849555552005768,0.15763485217826115,913.0942747017918,826.0,532.0,19611.686879777917,51978.876614355686,64.626184625842,116.51896747567454,får,får_J_0.75m_stille_001_s06.wav
0.034283775836229324,0.17632352022001374,893.146429169448,736.0,583.0,24652.65251754574,40318.38438187089,20.256865094082595,94.69802191500668,får,får_J_0.75m_stille_001_s07.wav
0.049684878438711166,0.17982373898368648,902.3553247328546,829.0,540.0,28370.123583789224,111798.35799964542,149.37415490761438,355.9246080357674,får,får_J_0.75m_stille_001_s08.wav
0.04197218641638756,0.16707294205887868,916.0442946940815,839.0,563.0,27527.911451538414,68851.89149331902,61.068181956500524,282.86259450160094,får,får_J_0.75m_stille_001_s09.wav
0.05024237185716629,0.16982311394462155,930.7674793147115,847.0,551.0,20814.079356364717,111999.26817373399,106.63836891010801,421.32824881934897,får,får_J_0.75m_stille_001_s10.wav
0.05046505853533745,0.13975873492093255,863.5055489471997,778.0,539.0,29669.12142903749,76501.94970967247,62.690370922431704,98.9404026480134,får,får_J_0.75m_tmlKlasse_001_s01.wav
0.048928357660770416,0.08219263703981498,950.6526493266138,1597.0,583.0,48461.60084682086,79749.53201605029,615.774992856537,163.59007044982582,får,får_J_0.75m_tmlKlasse_001_s02.wav
0.042974889278411865,0.1157572348271767,919.7926319252883,861.0,583.0,30848.907532277633,60267.582659709544,82.12449423661621,176.96420940240554,får,får_J_0.75m_tmlKlasse_001_s03.wav
0.0448426753282547,0.1204450278142384,907.49448241982,980.0,575.0,30219.742721265866,67970.47246242825,90.93452967578989,146.88847437725178,får,får_J_0.75m_tmlKlasse_001_s04.wav
0.04490068927407265,0.12025751609475592,906.9664545460739,808.0,554.0,29762.27146554178,74156.47494870673,37.8978409138572,194.33375763526652,får,får_J_0.75m_tmlKlasse_001_s05.wav
0.040785323828458786,0.08519282455153447,982.5224247550989,1728.0,564.0,22808.976578177142,61339.30614263721,424.7236090887793,135.38848007809983,får,får_J_0.75m_tmlKlasse_001_s06.wav
0.03482815995812416,0.106256641040065,931.2879216786715,1175.0,583.0,24947.195645714244,41246.73759907818,60.57496888085671,97.0208325487698,får,får_J_0.75m_tmlKlasse_001_s07.wav
0.05049818381667137,0.132320770048128,939.103388861913,1115.0,540.0,30201.676115931106,112957.02125996296,189.11020337932104,372.5081221334745,får,får_J_0.75m_tmlKlasse_001_s08.wav
0.04232364520430565,0.10188136758547409,931.3024044278125,928.0,563.0,28999.81689009787,68977.9768172267,78.56380889718342,287.38007840825907,får,får_J_0.75m_tmlKlasse_001_s09.wav
0.05030035972595215,0.13682105131570724,938.611817366075,855.0,551.0,21085.030548255265,112023.71981899926,110.03502717026696,423.6907574314678,får,får_J_0.75m_tmlKlasse_001_s10.wav
0.05478614568710327,0.12157009813113319,743.5964434238189,714.0,419.0,70641.60301256046,115740.62834269884,80.94927773616125,37.93951828003149,får,får_J_1.5m_nygaard_001_s01.wav
0.05582040548324585,0.11606975435964748,824.6838934378178,755.0,600.0,61025.87592700592,105043.62108303214,120.13714744867835,41.813624445329154,får,får_J_1.5m_nygaard_001_s02.wav
0.05508052930235863,0.10556909806862928,773.0764050600807,769.0,449.0,85519.04221893831,102373.81780165777,130.83549689966657,59.187907873113296,får,får_J_1.5m_nygaard_001_s03.wav
0.05057675391435623,0.0865679104944059,803.939985956873,747.0,447.0,71882.9734746942,63973.700408412216,128.86081896864104,39.96917842395119,får,får_J_1.5m_nygaard_001_s04.wav
0.062022615224123,0.11325707856741046,765.7879905930714,723.0,422.0,110557.99740676189,93716.65343219682,83.98830469405826,73.10576178060043,får,får_J_1.5m_nygaard_001_s05.wav
0.06691481173038483,0.11431964497781111,769.0059792720765,728.0,632.0,127149.21997562617,171032.8568423971,181.51322576995608,121.20556797684543,får,får_J_1.5m_nygaard_001_s06.wav
0.050646647810935974,0.13500843802737672,763.064607547163,715.0,592.0,63845.03078615315,86577.64071738315,63.8829349916019,35.39979731261973,får,får_J_1.5m_nygaard_001_s07.wav
0.052397169172763824,0.10238139883742733,754.5164824503756,714.0,420.0,86905.53766822316,92686.792289252,81.23699126279183,69.06190762315761,får,får_J_1.5m_nygaard_001_s08.wav
0.04115879908204079,0.13500843802737672,773.1719925926012,715.0,421.0,47685.380237249505,58272.07031304725,29.238479033723998,36.86716761148668,får,får_J_1.5m_nygaard_001_s09.wav
0.04521697387099266,0.1147571723232702,803.8879123428053,709.0,420.0,62732.07542904936,51279.92375268564,72.02011913698169,29.297635006547843,får,får_J_1.5m_nygaard_001_s10.wav
0.05463489145040512,0.1725732858303644,728.3764957166763,712.0,419.0,70065.72912547762,115392.11991187146,70.31568286827351,33.15714812757486,får,får_J_1.5m_stille_001_s01.wav
0.05539564788341522,0.18126132883305207,759.1040105974816,734.0,598.0,59271.696658039524,104248.34813465051,74.10305737048797,21.430584637322774,får,får_J_1.5m_stille_001_s02.wav
0.05480917543172836,0.1668854303393962,749.6706995542995,748.0,449.0,83660.83850175122,102595.0105810001,105.40936632871609,51.81007591106406,får,får_J_1.5m_stille_001_s03.wav
0.04922584816813469,0.17601100068754297,747.4443918977578,678.0,594.0,66596.95533048132,63097.56373446932,41.74772821073613,23.03192138935087,får,får_J_1.5m_stille_001_s04.wav
0.06185370683670044,0.17594849678104882,742.2315805237455,717.0,422.0,109737.92497029962,93499.77870411906,55.52802235450639,68.71181215814433,får,får_J_1.5m_stille_001_s05.wav
0.06682765483856201,0.16369773110819427,715.632492204669,713.0,632.0,128262.0052441885,170329.01806992013,100.56997462721469,99.11504610984659,får,får_J_1.5m_stille_001_s06.wav
0.050586722791194916,0.18613663353959622,748.0053791233619,713.0,592.0,63706.10780092837,86514.56176527673,59.60750241624631,32.0101264943055,får,får_J_1.5m_stille_001_s07.wav
0.052163224667310715,0.1772610788174261,727.9858249674859,707.0,419.0,86087.90515947709,92277.70866229098,36.76772483135447,62.76887303745949,får,får_J_1.5m_stille_001_s08.wav
0.04101300612092018,0.15438464904056504,757.8048184054697,713.0,421.0,47151.97436532762,58252.00186440632,26.491067603056543,34.28340329345169,får,får_J_1.5m_stille_001_s09.wav
0.045142728835344315,0.15888493030814427,757.1222229697869,700.0,420.0,62463.22290521833,51249.09514994367,52.48898373098075,19.7022831481303,får,får_J_1.5m_stille_001_s10.wav
0.055092498660087585,0.1078192387024189,761.4091522023907,715.0,419.0,70134.49635024299,116049.56164502812,79.91334336547956,41.1293601793501,får,får_J_1.5m_tmlKlasse_001_s01.wav
0.055565644055604935,0.1300706294143384,775.2335802781996,746.0,598.0,59329.225262386026,104164.36794970458,87.13578957161543,24.435417868577638,får,får_J_1.5m_tmlKlasse_001_s02.wav
0.05534087121486664,0.11838239889993124,762.3476747330882,754.0,449.0,86085.67053474065,103481.74818313538,121.97371330839258,56.746405678460114,får,får_J_1.5m_tmlKlasse_001_s03.wav
0.04923716560006142,0.14400900056253516,768.6515644952536,699.0,594.0,66524.11971995076,63153.576069983836,52.934012801948434,27.348546934954157,får,får_J_1.5m_tmlKlasse_001_s04.wav
0.06227850168943405,0.08050503156447278,781.937475027228,725.0,422.0,112492.2645822311,94087.2210705273,107.05069787534599,88.90904299216375,får,får_J_1.5m_tmlKlasse_001_s05.wav
0.0673661157488823,0.08469279329958122,730.124264072571,718.0,632.0,131857.85728683273,171195.15694901577,132.30713094670185,106.53052979979509,får,får_J_1.5m_tmlKlasse_001_s06.wav
0.050915077328681946,0.10169385586599163,768.911624392979,720.0,592.0,65273.06807942016,86965.0946368084,103.96254161786888,39.76121227653462,får,får_J_1.5m_tmlKlasse_001_s07.wav
0.05249803140759468,0.10963185199074942,771.9381181029781,740.0,419.0,87240.05224570884,92649.11543320454,56.77444175898016,81.83708603502538,får,får_J_1.5m_tmlKlasse_001_s08.wav
0.04109899327158928,0.13169573098318646,766.8304913050611,715.0,421.0,47390.54024096124,58303.78872336429,28.388362476299893,36.18592106485196,får,får_J_1.5m_tmlKlasse_001_s09.wav
0.04558570310473442,0.10381898868679293,775.4588419654764,706.0,420.0,63952.699845193725,51981.93022866179,78.82404996684916,23.59143288831742,får,får_J_1.5m_tmlKlasse_001_s10.wav
0.02394414134323597,0.12119507469216827,1560.8908528695772,3213.0,269.0,26642.36946013089,2384.9393956681993,607.929540780846,163.50939645691946,ged,ged_A_0.75m_nygaard_001_s01.wav
0.021901628002524376,0.10363147696731045,1446.8851628744958,3015.0,261.0,22531.36717159892,2207.889828840269,356.4034649221224,82.61246800711302,ged,ged_A_0.75m_nygaard_001_s02.wav
0.02062971144914627,0.11569473092068254,1371.2784499364877,2963.0,261.0,21346.254155621384,1979.2078098648976,109.11454163261158,40.037699255118746,ged,ged_A_0.75m_nygaard_001_s03.wav
0.01826171763241291,0.11075692230764422,1271.375098799022,2619.0,262.0,16162.739589719664,1082.365139781544,77.75514545278062,32.40239814456265,ged,ged_A_0.75m_nygaard_001_s04.wav
0.021527301520109177,0.12107006687917996,1483.3324625277353,2899.0,260.0,24684.741571804352,1793.4369801220953,408.4554637919843,59.37584751900287,ged,ged_A_0.75m_nygaard_001_s05.wav
0.015556744299829006,0.12494530908181761,1408.4693608241432,3311.0,261.0,12549.691568686743,852.5524625273553,42.73544968959794,40.15659690462956,ged,ged_A_0.75m_nygaard_001_s06.wav
0.015471347607672215,0.14119632477029814,1419.0240308093282,3218.0,259.0,9073.366138412002,2446.8091768726936,86.48932964423534,40.921946697036475,ged,ged_A_0.75m_nygaard_001_s07.wav
0.016199693083763123,0.089818113632102,1318.2190594934232,2888.0,251.0,11344.017128879554,3807.1282687490534,102.06276878804115,38.40498889200094,ged,ged_A_0.75m_nygaard_001_s08.wav
0.01879202574491501,0.10394399649978124,1393.903505890971,3003.0,259.0,14561.605695882892,3194.3165454016435,147.1058256327484,44.22807107699178,ged,ged_A_0.75m_nygaard_001_s09.wav
0.017059754580259323,0.13819613725857866,1522.8537283428218,3435.0,250.0,13057.997909269085,1926.1832455535061,185.99366836636122,58.231022289373094,ged,ged_A_0.75m_nygaard_001_s10.wav
0.023775799199938774,0.16657291080692543,1570.9861991214848,3216.0,269.0,26403.666882220696,2356.145983091409,593.9403097950355,154.13845196436114,ged,ged_A_0.75m_stille_001_s01.wav
0.02117294631898403,0.1785111569473092,1473.1750853262095,3016.0,261.0,21198.250173657245,1778.5117523158408,327.6833722687618,65.46918509379277,ged,ged_A_0.75m_stille_001_s02.wav
0.020392943173646927,0.16382273892118257,1378.0508751103544,2989.0,261.0,21031.362035852802,1864.099501371291,101.36472530329931,35.87426211796049,ged,ged_A_0.75m_stille_001_s03.wav
0.0179293230175972,0.17363585224076505,1268.8576492512518,2671.0,262.0,15937.122148553253,827.1063671996886,66.23265949174848,24.407716677216612,ged,ged_A_0.75m_stille_001_s04.wav
0.02111382596194744,0.1663228951809488,1430.8787848822233,2970.0,260.0,24350.786284255828,1155.3927888078597,204.47011700277665,41.02159566766312,ged,ged_A_0.75m_stille_001_s05.wav
0.015169074758887291,0.2014500906306644,1429.9817239347171,3357.0,261.0,11868.21934926745,805.8721060709731,38.97532697136555,32.52644388506681,ged,ged_A_0.75m_stille_001_s06.wav
0.015122298151254654,0.19376211013188324,1409.503763841428,3225.0,259.0,8632.225601546605,2269.8115414425006,71.58507775552246,32.63585599985677,ged,ged_A_0.75m_stille_001_s07.wav
0.01531586330384016,0.18438652415775986,1383.5856266561457,3046.0,251.0,9720.075706749158,3428.050556134493,88.61328474725778,32.31885589527476,ged,ged_A_0.75m_stille_001_s08.wav
0.01846126839518547,0.18338646165385336,1407.0217369335508,3051.0,259.0,14251.064006424796,3114.827295373743,141.76852642457652,40.56079713919252,ged,ged_A_0.75m_stille_001_s09.wav
0.016730371862649918,0.18607412963310208,1370.5276896774726,2945.0,250.0,12611.84962501109,1777.5007868047392,136.98831450483084,36.097887622573424,ged,ged_A_0.75m_stille_001_s10.wav
0.024663135409355164,0.1470716919807488,1560.406282761159,3298.0,269.0,27983.42972368056,3838.136539021823,742.1672842060036,228.32954082461953,ged,ged_A_0.75m_tmlKlasse_001_s01.wav
0.022358205169439316,0.10406900431276955,1428.742316560826,2998.0,262.0,22700.42741503977,2079.7552814368846,356.97206612137745,84.58861383796793,ged,ged_A_0.75m_tmlKlasse_001_s02.wav
0.021259376779198647,0.09256828551784486,1263.9509054320636,2438.0,261.0,22272.530184972267,3872.54992732551,170.93991895619237,44.42222554924074,ged,ged_A_0.75m_tmlKlasse_001_s03.wav
0.01851033978164196,0.11613225826614164,1317.6520409236973,2830.0,262.0,16745.054451766362,873.2034216719853,95.83812231686082,35.07646751903074,ged,ged_A_0.75m_tmlKlasse_001_s04.wav
0.021166156977415085,0.14644665291580725,1435.3299741929109,2996.0,260.0,24425.311559625072,1182.8707934098672,206.29343537638618,43.17438229190624,ged,ged_A_0.75m_tmlKlasse_001_s05.wav
0.019241126254200935,0.08619288705544097,1293.1371281738236,2683.0,395.0,16944.640451506348,3387.0491595915764,188.53641350848395,80.00037963617362,ged,ged_A_0.75m_tmlKlasse_001_s06.wav
0.01864638552069664,0.09494343396462279,1329.5220444577853,2900.0,259.0,9451.176900925986,3327.6100545894783,98.3916644908714,45.19784698197558,ged,ged_A_0.75m_tmlKlasse_001_s07.wav
0.015366584993898869,0.1678854928433027,1394.9916003293665,3111.0,251.0,9780.696578798386,3433.696706777726,90.24137706772913,33.87073851210219,ged,ged_A_0.75m_tmlKlasse_001_s08.wav
0.019337885081768036,0.08900556284767798,1362.0672487651807,2970.0,259.0,15215.973592289134,3213.6026227396874,145.52819900460804,43.51456229614891,ged,ged_A_0.75m_tmlKlasse_001_s09.wav
0.01863577589392662,0.09369335583473967,1280.7753461338566,2586.0,250.0,15468.187194912853,3153.0067015812206,234.5081214828561,54.198857298895625,ged,ged_A_0.75m_tmlKlasse_001_s10.wav
0.022528883069753647,0.12913307081692607,1447.5110918008718,3126.0,387.0,32479.53069474936,870.1506097346037,336.878074002429,94.78666237772649,ged,ged_A_1.5m_nygaard_001_s01.wav
0.03248264640569687,0.125507844240265,1229.3765790878883,2686.0,387.0,65774.00404840457,3377.1695279019614,598.0128061789987,127.76231802512561,ged,ged_A_1.5m_nygaard_001_s02.wav
0.026889363303780556,0.08463028939308707,1262.5471696853247,2852.0,248.0,36908.62891456192,629.3268103172737,306.53548610219667,114.92906277621131,ged,ged_A_1.5m_nygaard_001_s03.wav
0.02495148405432701,0.09669354334645916,1444.818748712689,3199.0,468.0,33829.54495235707,424.1867155297452,209.27084537701288,71.76079021910896,ged,ged_A_1.5m_nygaard_001_s04.wav
0.01930307038128376,0.11413213325832865,1438.790851323963,3188.0,345.0,18222.071722077915,365.56543256213894,169.88205788028984,52.69218134993993,ged,ged_A_1.5m_nygaard_001_s05.wav
0.02291816845536232,0.14282142633914618,1157.8791786564025,2292.0,248.0,29913.678616114812,2307.682255582753,168.35293292048345,69.42988911823569,ged,ged_A_1.5m_nygaard_001_s06.wav
0.01701189950108528,0.15269704356522282,1405.997314142704,3319.0,354.0,14917.71895741091,270.7938325228434,41.424310417483724,37.48696711787221,ged,ged_A_1.5m_nygaard_001_s07.wav
0.02129208669066429,0.11288205512844553,1281.098075564567,2739.0,354.0,23198.039289627028,800.1418835996451,156.08479741964808,50.66168709496785,ged,ged_A_1.5m_nygaard_001_s08.wav
0.015768641605973244,0.10350646915432214,1388.7160404711924,3138.0,448.0,13036.789079383758,350.7823970409752,81.3538527376128,36.231119793135655,ged,ged_A_1.5m_nygaard_001_s09.wav
0.01598062552511692,0.09950621913869617,1398.4193518274146,3223.0,361.0,12534.563339129916,168.71454042866668,65.4862099373482,33.29472889730501,ged,ged_A_1.5m_nygaard_001_s10.wav
0.022051680833101273,0.16044752797049816,1368.6866746639976,2951.0,387.0,31497.72266397961,679.6003766763463,291.0796284475842,73.18745124290822,ged,ged_A_1.5m_stille_001_s01.wav
0.032428354024887085,0.18026126632914558,1193.8861799337762,2605.0,387.0,66007.12784582283,3177.562941766527,556.2104380947028,108.8465185714417,ged,ged_A_1.5m_stille_001_s02.wav
0.023824378848075867,0.17057316082255142,1254.565047084946,2791.0,247.0,34395.561674967605,286.1791114446121,256.48146768962204,62.83560147626898,ged,ged_A_1.5m_stille_001_s03.wav
0.02451135404407978,0.16488530533158322,1457.5860256375304,3264.0,469.0,32995.57414825509,178.7390836730898,165.11845984922286,58.80483751817252,ged,ged_A_1.5m_stille_001_s04.wav
0.018988126888871193,0.19319957497343584,1425.1727328832021,3164.0,345.0,17841.945020501003,218.64417752548013,155.4956890911461,46.60955667605718,ged,ged_A_1.5m_stille_001_s05.wav
0.02283453941345215,0.18363647727982998,1139.6179249676402,2168.0,248.0,29836.778362843605,2226.632754346803,156.23616369722666,64.72900743870835,ged,ged_A_1.5m_stille_001_s06.wav
0.01675214245915413,0.20845052815800988,1359.1330065169363,3249.0,353.0,14657.495307793357,160.02952108969365,30.850588320665018,31.518128129050417,ged,ged_A_1.5m_stille_001_s07.wav
0.020844031125307083,0.19688730545659103,1279.409030520794,2902.0,354.0,22978.24990144556,543.1017977444278,97.54748521659778,44.80316817819396,ged,ged_A_1.5m_stille_001_s08.wav
0.0153250303119421,0.20370023126445402,1403.1457489536108,3182.0,448.0,12374.91287834544,301.97657185365176,76.1580734964108,33.59042778489591,ged,ged_A_1.5m_stille_001_s09.wav
0.015387902036309242,0.20032502031376961,1401.87292906487,3325.0,361.0,11711.462654635301,75.50197508536124,44.25557120149186,26.272649669833605,ged,ged_A_1.5m_stille_001_s10.wav
0.022573363035917282,0.0919432464529033,1337.3034233129436,2924.0,388.0,32472.32111066441,707.6406006884043,301.8502773480678,77.24156497307553,ged,ged_A_1.5m_tmlKlasse_001_s01.wav
0.03516346961259842,0.07794237139821239,1159.6639424342256,2375.0,387.0,71396.01434499121,6923.487411912533,811.3182754646582,140.77798654157797,ged,ged_A_1.5m_tmlKlasse_001_s02.wav
0.023790713399648666,0.1221326332895806,1254.8760806758776,2783.0,247.0,34310.74415403338,374.18568863160954,265.80215564446365,65.55209543204884,ged,ged_A_1.5m_tmlKlasse_001_s03.wav
0.0245100986212492,0.09806862928933058,1425.1696585034624,3145.0,353.0,32723.101856407247,491.1180646526597,184.5359224975359,69.50587231133736,ged,ged_A_1.5m_tmlKlasse_001_s04.wav
0.01948515512049198,0.1347584224014001,1407.2760162084655,3136.0,345.0,18704.898836940367,245.57625433170747,161.40587556033756,49.88704953174205,ged,ged_A_1.5m_tmlKlasse_001_s05.wav
0.023650644347071648,0.09088068004250266,1138.5216753067646,2183.0,248.0,30618.74346572008,2920.1206014992854,184.6593920263317,71.85314460638537,ged,ged_A_1.5m_tmlKlasse_001_s06.wav
0.01765439659357071,0.11725732858303645,1362.7551655411419,3249.0,354.0,15061.322188459035,199.80968374950112,42.42275908913042,37.699229962410485,ged,ged_A_1.5m_tmlKlasse_001_s07.wav
0.020948827266693115,0.15419713732108256,1281.9204640916403,2901.0,354.0,23155.67767177598,600.5610065779276,101.51441686696943,47.46057943087483,ged,ged_A_1.5m_tmlKlasse_001_s08.wav
0.016319166868925095,0.09594349646852929,1381.2035748738551,3024.0,448.0,13044.753994155542,887.3668422640649,105.28520640080393,46.29667815752781,ged,ged_A_1.5m_tmlKlasse_001_s09.wav
0.01544238906353712,0.17651103193949622,1410.3741711083426,3356.0,361.0,11790.151801516071,78.20173260178929,45.802317620353506,28.253219064019213,ged,ged_A_1.5m_tmlKlasse_001_s10.wav
0.056942034512758255,0.09838114882180136,1252.3860085050396,2601.0,313.0,187484.87157396175,3348.159327431838,2019.6511683918466,439.7088355080271,ged,ged_C_0.75m_nygaard_001_s01.wav
0.0709967240691185,0.1248203012688293,1247.8999652469972,2666.0,302.0,184248.6834833143,116030.09351111163,3034.677871858974,1277.036624040373,ged,ged_C_0.75m_nygaard_001_s02.wav
0.06852052360773087,0.1061316332270767,1203.639690307282,2593.0,301.0,236334.14309381045,16141.306080726748,4790.748743522132,635.3872942435447,ged,ged_C_0.75m_nygaard_001_s03.wav
0.05930386483669281,0.12088255515969748,1241.2828514812459,2611.0,301.0,179086.46460883826,12171.45576675326,1772.637098296095,586.6338341279973,ged,ged_C_0.75m_nygaard_001_s04.wav
0.06151843070983887,0.0983186449153072,1253.6897533659267,2686.0,301.0,218914.9683899311,3844.8884127125802,2609.4226215581657,800.8091425234752,ged,ged_C_0.75m_nygaard_001_s05.wav
0.046246808022260666,0.11200700043752734,1207.5663201567604,2580.0,313.0,105901.44088426384,6236.35939221192,1197.7223479043832,330.28941853177037,ged,ged_C_0.75m_nygaard_001_s06.wav
0.045842379331588745,0.11125695355959747,1245.935746352969,2700.0,301.0,97236.34715779095,3691.7730845889955,978.9429783335629,367.70474898467995,ged,ged_C_0.75m_nygaard_001_s07.wav
0.053136926144361496,0.10838177386086631,1215.5521424806577,2484.0,312.0,113986.52421673443,22861.53017802628,1203.46640726951,395.0750571084001,ged,ged_C_0.75m_nygaard_001_s08.wav
0.05602618306875229,0.0987561722607663,1259.5176140559477,2631.0,301.0,133391.82211725705,22177.567060101133,2353.2349700954555,711.0797680495915,ged,ged_C_0.75m_nygaard_001_s09.wav
0.0647675096988678,0.10575660978811176,1316.868064075099,2750.0,313.0,172227.45449542074,20242.540119778947,1902.9135432704725,819.4524906579896,ged,ged_C_0.75m_nygaard_001_s10.wav
0.056833334267139435,0.16288518032377022,1244.7790630221652,2590.0,313.0,187338.25479440615,3163.4617761586933,1998.3602298210608,431.3977645721046,ged,ged_C_0.75m_stille_001_s01.wav
0.07086991518735886,0.16319769985624102,1245.4357273343037,2663.0,302.0,183988.26489570542,115936.04803316074,3014.2393512036824,1266.3396562897972,ged,ged_C_0.75m_stille_001_s02.wav
0.06846898794174194,0.16419776236014752,1204.2053906818278,2593.0,301.0,235989.94825549115,16302.405792246895,4781.498870270694,630.5410710499681,ged,ged_C_0.75m_stille_001_s03.wav
0.05919644236564636,0.15975998499906244,1245.7101338176608,2624.0,301.0,178619.0714112804,11869.127667423787,1757.6732241551354,579.3468130050642,ged,ged_C_0.75m_stille_001_s04.wav
0.06137851998209953,0.16794799674979685,1267.0816758064407,2692.0,301.0,218480.78926988808,3542.2289914466883,2544.4136181520207,778.1819328529574,ged,ged_C_0.75m_stille_001_s05.wav
0.04591949284076691,0.1880117507344209,1214.7515975199804,2603.0,313.0,104304.75218246494,6156.711673277705,1152.8094581260607,326.34873705115,ged,ged_C_0.75m_stille_001_s06.wav
0.04574323073029518,0.14007125445340335,1257.5374057340152,2712.0,301.0,96872.73396464677,3645.774543232523,970.9923273554992,365.4960529721804,ged,ged_C_0.75m_stille_001_s07.wav
0.05284041166305542,0.17763610225639104,1207.2394465578132,2491.0,312.0,113545.26124411618,21801.717265739717,1033.930938735224,378.53748232860033,ged,ged_C_0.75m_stille_001_s08.wav
0.05485403165221214,0.1708856803550222,1246.0978007351523,2579.0,301.0,129154.71389106201,21057.14531157722,2069.5732328144773,623.6309363426625,ged,ged_C_0.75m_stille_001_s09.wav
0.06458794325590134,0.1776986061628852,1327.7141436227585,2771.0,313.0,171410.94133750026,20113.864335749175,1874.0769771790237,804.4354702484154,ged,ged_C_0.75m_stille_001_s10.wav
0.057309482246637344,0.09850615663478968,1237.4173427978353,2575.0,313.0,189850.27402528975,3857.57590903132,2082.704318103306,451.2701391221277,ged,ged_C_0.75m_tmlKlasse_001_s01.wav
0.07098080962896347,0.0956309769360585,1240.4305649547905,2654.0,302.0,184166.22267511612,116125.84570250801,3068.5220648148934,1272.821903009005,ged,ged_C_0.75m_tmlKlasse_001_s02.wav
0.06847803294658661,0.13200825051565723,1207.008248513344,2594.0,301.0,236007.83926897057,16306.484812570068,4784.249783396199,632.6634865402356,ged,ged_C_0.75m_tmlKlasse_001_s03.wav
0.05923014134168625,0.11719482467654228,1245.00913700747,2626.0,301.0,178571.37389780697,11894.353522572092,1772.9182677533342,584.1848061469739,ged,ged_C_0.75m_tmlKlasse_001_s04.wav
0.061628397554159164,0.08706794174635915,1261.4962004325762,2687.0,301.0,219277.1552447741,4102.044063905247,2573.068438411675,796.2704025088988,ged,ged_C_0.75m_tmlKlasse_001_s05.wav
0.045980025082826614,0.14969685605350336,1220.6643502891288,2623.0,313.0,104504.02892701287,6198.611127031066,1157.3560170861438,328.39052389151954,ged,ged_C_0.75m_tmlKlasse_001_s06.wav
0.04601053148508072,0.09206825426589162,1207.9499193705458,2638.0,301.0,98159.31462009458,4230.343707438023,1011.573374397992,376.5196453167324,ged,ged_C_0.75m_tmlKlasse_001_s07.wav
0.05331825464963913,0.108256766047878,1181.0746170447603,2467.0,312.0,116566.99331596818,22405.546657994943,1080.0172879631466,399.90650454834525,ged,ged_C_0.75m_tmlKlasse_001_s08.wav
0.05531869828701019,0.11781986374148384,1229.304936283279,2545.0,301.0,134310.39784027098,21267.534247759148,2305.6460452452557,634.2918753096337,ged,ged_C_0.75m_tmlKlasse_001_s09.wav
0.06481080502271652,0.12494530908181761,1301.1541448132791,2681.0,313.0,172096.800021369,21679.088541644614,1914.284537115324,811.5090713194759,ged,ged_C_0.75m_tmlKlasse_001_s10.wav
0.030612347647547722,0.09631851990749422,1427.4984839586184,2872.0,157.0,42651.495772197726,2115.9001345959646,1174.196183805379,245.93398648244562,ged,ged_C_1.5m_nygaard_001_s01.wav
0.02896554209291935,0.07362960185011563,1322.199432371205,2578.0,304.0,35883.23092975359,2764.0751724142647,1128.6105050545777,188.49206355247244,ged,ged_C_1.5m_nygaard_001_s02.wav
0.06018245220184326,0.09575598474904681,1207.550825818219,2446.0,353.0,185115.91195523462,11964.19500213587,2844.169280791558,388.9786701122335,ged,ged_C_1.5m_nygaard_001_s03.wav
0.04718855023384094,0.12932058253640852,1361.850736302297,2655.0,452.0,112300.49590345124,2864.010598352593,2767.2127153589213,485.765523326375,ged,ged_C_1.5m_nygaard_001_s04.wav
0.03333638608455658,0.11519469966872929,1318.3874420901557,2509.0,304.0,55756.03864104342,1047.317867340584,1408.0529475104572,142.19649965591776,ged,ged_C_1.5m_nygaard_001_s05.wav
0.03149225190281868,0.11556972310769423,1290.267583770946,2528.0,451.0,47166.33501027802,2816.3482921958916,945.3302623833586,142.88374084943533,ged,ged_C_1.5m_nygaard_001_s06.wav
0.0327945239841938,0.13025814113382087,1448.6601791130483,2896.0,158.0,56497.344468881915,3069.4266957395866,1943.7617938113153,449.5219804595211,ged,ged_C_1.5m_nygaard_001_s07.wav
0.03934735804796219,0.11494468404275267,1295.805941868982,2492.0,156.0,75411.69322975076,3225.9650557630484,1923.5034365680785,237.39723403926976,ged,ged_C_1.5m_nygaard_001_s08.wav
0.03804514929652214,0.12613288330520658,1402.6016460802705,2768.0,156.0,61034.73323260971,1615.03807837474,1794.37264060694,320.3627250189284,ged,ged_C_1.5m_nygaard_001_s09.wav
0.03548059239983559,0.09938121132570786,1435.1695640382725,2793.0,157.0,67258.13161484984,3530.9395590239756,2073.468284471235,294.75247825478687,ged,ged_C_1.5m_nygaard_001_s10.wav
0.030264703556895256,0.16163510219388713,1452.6228247115223,2896.0,157.0,41797.52266628969,1990.6104442498186,1159.4100727781536,246.60814565733253,ged,ged_C_1.5m_stille_001_s01.wav
0.02780393324792385,0.16663541471341958,1382.1869245070948,2727.0,304.0,34218.86323889905,1057.7132111614617,888.9946106882062,164.09780962870585,ged,ged_C_1.5m_stille_001_s02.wav
0.06010647490620613,0.11869491843240203,1198.361216095743,2431.0,353.0,184664.40525640082,11888.8626286988,2825.7275604216866,360.7932965487661,ged,ged_C_1.5m_stille_001_s03.wav
0.04689042642712593,0.1353209575598475,1330.6283604702205,2603.0,452.0,112463.01611926933,2254.074119701844,2569.2011094005475,449.6208581538265,ged,ged_C_1.5m_stille_001_s04.wav
0.033185139298439026,0.14500906306644165,1316.807677431215,2492.0,304.0,55147.457587313496,1031.0842944056485,1395.8005556667345,136.59231160542356,ged,ged_C_1.5m_stille_001_s05.wav
0.03135791793465614,0.13994624664041502,1287.344463544787,2513.0,451.0,46794.71033501808,2689.2073695785866,941.8581598427173,131.1182095526148,ged,ged_C_1.5m_stille_001_s06.wav
0.03221583738923073,0.15182198887430465,1426.2938598873639,2876.0,158.0,55507.59892732414,2425.974742961467,1756.699876006754,415.1994104242229,ged,ged_C_1.5m_stille_001_s07.wav
0.039107754826545715,0.1655103443965248,1305.3606393703665,2490.0,156.0,74592.36708409362,2892.763730212517,1887.2301944568842,222.27200983531137,ged,ged_C_1.5m_stille_001_s08.wav
0.03795960173010826,0.16001000062503906,1398.0849020728697,2722.0,156.0,60954.165060285246,1608.001863117534,1783.6250890473889,308.92672264646205,ged,ged_C_1.5m_stille_001_s09.wav
0.03508593142032623,0.18301143821488844,1463.9662475965317,2853.0,157.0,66473.15540627752,3394.5755920738343,2048.599962626501,286.8046312714298,ged,ged_C_1.5m_stille_001_s10.wav
0.03053690493106842,0.09800612538283643,1436.4078658982417,2887.0,158.0,42225.97696444113,2148.580668255778,1234.658287823786,262.18909683883595,ged,ged_C_1.5m_tmlKlasse_001_s01.wav
0.02793080545961857,0.1308831801987624,1375.5449380891457,2730.0,304.0,34534.075310339016,1176.1831564524705,897.7272727353431,171.82916518538764,ged,ged_C_1.5m_tmlKlasse_001_s02.wav
0.06031980738043785,0.0919432464529033,1199.398478325458,2433.0,353.0,185264.60893756425,11960.10935004399,2829.857533696534,363.44524262213764,ged,ged_C_1.5m_tmlKlasse_001_s03.wav
0.047352734953165054,0.10431901993874618,1326.6979784873172,2609.0,452.0,113813.6904653935,2368.901819673013,2629.409181259395,461.9250101941957,ged,ged_C_1.5m_tmlKlasse_001_s04.wav
0.034847162663936615,0.07944246515407213,1256.4230467800771,2449.0,304.0,61304.99157166802,2317.7322390863465,1567.1132854899035,166.832656761422,ged,ged_C_1.5m_tmlKlasse_001_s05.wav
0.031655870378017426,0.09944371523220201,1260.757762490613,2462.0,451.0,47134.41304294334,3054.7114155688405,957.4084120427167,133.5838208030819,ged,ged_C_1.5m_tmlKlasse_001_s06.wav
0.032308418303728104,0.12744546534158385,1419.6909689047234,2873.0,158.0,55584.70919299683,2652.6988155232484,1775.7110166211419,422.3982503063786,ged,ged_C_1.5m_tmlKlasse_001_s07.wav
0.03918091952800751,0.1280705044065254,1303.9552002989637,2490.0,156.0,74830.72579367767,2907.6622594777846,1895.129234245599,224.7551259834382,ged,ged_C_1.5m_tmlKlasse_001_s08.wav
0.040096595883369446,0.09006812925807862,1330.05272775735,2586.0,156.0,66252.4377387346,7140.961707994758,2137.016430083676,375.8462835832747,ged,ged_C_1.5m_tmlKlasse_001_s09.wav
0.03546634316444397,0.11425714107131696,1411.7294309933297,2760.0,157.0,68137.37442880587,3927.343122980692,2100.611579838433,304.8890368205807,ged,ged_C_1.5m_tmlKlasse_001_s10.wav
0.058804892003536224,0.10263141446340396,1371.1966602475286,3028.0,352.0,179996.0561577931,9758.952695293352,1098.2697049063365,580.994449754608,ged,ged_J_0.75m_nygaard_001_s01.wav
0.03803540766239166,0.1253828364272767,1473.917863798355,3130.0,314.0,64540.84086178244,2646.0537012712707,937.3655670185618,374.32782174462704,ged,ged_J_0.75m_nygaard_001_s02.wav
0.03770654276013374,0.10163135195949746,1499.1771662482577,3354.0,313.0,67683.17825967321,1440.1151969540213,513.1100464804113,201.7035002134461,ged,ged_J_0.75m_nygaard_001_s03.wav
0.03598843887448311,0.1068191761985124,1353.28035527929,2931.0,312.0,65275.36537452432,1161.9083123910857,539.6165640808704,186.94772304551574,ged,ged_J_0.75m_nygaard_001_s04.wav
0.042551521211862564,0.08650540658791174,1218.9941778954494,2599.0,312.0,94919.90515427066,2505.0060570043224,594.5560853356585,192.93355672567225,ged,ged_J_0.75m_nygaard_001_s05.wav
0.040873777121305466,0.09244327770485655,1258.211137601963,2636.0,312.0,82062.4555143331,1924.9476762706884,559.9297937427191,175.1422685713171,ged,ged_J_0.75m_nygaard_001_s06.wav
0.03286118805408478,0.10944434027126695,1274.7063332106911,2691.0,401.0,53806.60154930006,2546.9166990531276,391.37902131647445,128.34690136574608,ged,ged_J_0.75m_nygaard_001_s07.wav
0.04532558470964432,0.12157009813113319,1295.344542799816,2708.0,301.0,119718.60571638306,2953.833589405953,878.3652537419769,219.87387870591297,ged,ged_J_0.75m_nygaard_001_s08.wav
0.03781842440366745,0.11375710981936371,1285.2617830127942,2710.0,302.0,73405.8516245517,1910.1824787602045,626.561026065018,197.4069114011957,ged,ged_J_0.75m_nygaard_001_s09.wav
0.03943461924791336,0.09675604725295331,1342.5827813455992,2916.0,301.0,86865.91514065719,1918.7679551135702,680.7665773903914,305.8453904503953,ged,ged_J_0.75m_nygaard_001_s10.wav
0.05819746479392052,0.1382586411650728,1386.9239893533247,3056.0,352.0,178927.478945203,8394.456725307402,1042.02503746706,531.1965669991368,ged,ged_J_0.75m_stille_001_s01.wav
0.03751862421631813,0.13850865679104943,1442.6966282277967,3075.0,314.0,63444.82765803345,2241.2865024331986,741.7998883868648,255.4016483431157,ged,ged_J_0.75m_stille_001_s02.wav
0.037484120577573776,0.1386961685105319,1502.9470083657354,3372.0,313.0,67010.8912503974,1275.082683919325,483.1906601784415,175.53102221070407,ged,ged_J_0.75m_stille_001_s03.wav
0.03567534685134888,0.14369648103006438,1340.0860813951265,2846.0,312.0,64673.0775322744,1031.9267267275745,528.4100971250267,151.79692393765936,ged,ged_J_0.75m_stille_001_s04.wav
0.042186394333839417,0.14569660603787737,1244.9999560959052,2624.0,312.0,93654.19342072192,2070.1772252171854,571.6081237602439,183.4982839563167,ged,ged_J_0.75m_stille_001_s05.wav
0.040404267609119415,0.1485092818301144,1270.7119779378183,2647.0,312.0,81066.36446447654,1776.2926451542457,543.2231174064189,169.37892259292644,ged,ged_J_0.75m_stille_001_s06.wav
0.032299336045980453,0.13988374273392087,1263.48386850951,2638.0,401.0,52917.11309697863,2304.2504787910107,345.91882827509664,110.93769451049572,ged,ged_J_0.75m_stille_001_s07.wav
0.04533056542277336,0.1357584849053066,1295.1987896181656,2707.0,301.0,119839.04817986459,2873.968933119718,868.4062814615431,218.31451280244238,ged,ged_J_0.75m_stille_001_s08.wav
0.03765393793582916,0.13819613725857866,1282.360665551918,2693.0,302.0,73007.84028732823,1754.206074496072,580.7929365254608,189.31526314198882,ged,ged_J_0.75m_stille_001_s09.wav
0.03923250362277031,0.14094630914432152,1320.0230516019287,2902.0,301.0,86633.24942676706,1750.663783993076,563.0864735403492,286.10744630576204,ged,ged_J_0.75m_stille_001_s10.wav
0.06038589030504227,0.08325520345021564,1305.605182024758,2834.0,351.0,187755.1492523479,13955.18617752697,1277.9596317979654,570.384741214957,ged,ged_J_0.75m_tmlKlasse_001_s01.wav
0.04136170819401741,0.07031689480592537,1391.5758007661807,2952.0,314.0,69058.28421821447,2417.9099218402766,821.5882948751516,270.72281149324874,ged,ged_J_0.75m_tmlKlasse_001_s02.wav
0.037588171660900116,0.11494468404275267,1487.9017855378777,3331.0,313.0,67283.8833547737,1321.925792159499,485.79728638229057,178.14501019884787,ged,ged_J_0.75m_tmlKlasse_001_s03.wav
0.03571275621652603,0.1328833052065754,1342.3993481344694,2856.0,312.0,64852.64822276924,1045.974885864749,532.1643982959183,154.60139776015785,ged,ged_J_0.75m_tmlKlasse_001_s04.wav
0.042647216469049454,0.11113194574660916,1244.31545209311,2626.0,312.0,95396.97679017586,2173.044290857934,622.843727222062,194.17905970710427,ged,ged_J_0.75m_tmlKlasse_001_s05.wav
0.040449097752571106,0.1318832427026689,1298.9778672770192,2691.0,312.0,81066.48999925547,1809.6030655684863,559.8853940485801,180.6598824332367,ged,ged_J_0.75m_tmlKlasse_001_s06.wav
0.03269124776124954,0.10875679729983125,1261.6924581740611,2634.0,401.0,53399.425379255095,3517.4550930683304,391.69426413908576,132.2357814154296,ged,ged_J_0.75m_tmlKlasse_001_s07.wav
0.045400768518447876,0.10969435589724358,1300.4036631530096,2710.0,301.0,119917.71806270113,3037.3698975075404,930.0547755323303,225.0151828746569,ged,ged_J_0.75m_tmlKlasse_001_s08.wav
0.03839044272899628,0.08000500031251953,1260.4320431388924,2644.0,302.0,75874.8992997583,2017.335557700244,601.3306881093356,196.11287046513976,ged,ged_J_0.75m_tmlKlasse_001_s09.wav
0.0420982800424099,0.0848803050190637,1301.9866731390807,2834.0,301.0,91259.92632872035,7375.886620464951,1144.6308743899122,557.5626558144229,ged,ged_J_0.75m_tmlKlasse_001_s10.wav
0.03652757778763771,0.11438214888430527,1162.1461304742675,2695.0,416.0,67751.70329249109,1078.4123414251433,248.47708470743555,173.02999288783482,ged,ged_J_1.5m_nygaard_001_s01.wav
0.03410203382372856,0.10694418401150071,1074.4813175444383,2187.0,383.0,70244.87624934854,1550.5585382183172,262.92000454603954,202.2923024102559,ged,ged_J_1.5m_nygaard_001_s02.wav
0.0396062470972538,0.11588224264016501,1096.1734630822812,2526.0,357.0,84875.21856183022,1073.2703253705167,480.18860790113973,354.33490990617895,ged,ged_J_1.5m_nygaard_001_s03.wav
0.042971957474946976,0.122695168448028,1107.151977393386,2555.0,415.0,110726.99554314619,1069.9926759006607,631.406780946266,541.0777994638742,ged,ged_J_1.5m_nygaard_001_s04.wav
0.03547857329249382,0.09788111756984812,1127.3577077128625,2492.0,415.0,69958.25615604402,1349.588427727259,352.7101064423271,254.58653318682343,ged,ged_J_1.5m_nygaard_001_s05.wav
0.029998689889907837,0.10988186761672604,1264.7919435754645,2941.0,384.0,49031.96918259643,997.7801825154187,378.40517214554075,263.3046624876911,ged,ged_J_1.5m_nygaard_001_s06.wav
0.026453429833054543,0.1357584849053066,1445.051841004497,3474.0,415.0,37120.05923967558,843.301998136593,457.31430072976053,544.1906182078683,ged,ged_J_1.5m_nygaard_001_s07.wav
0.034523144364356995,0.11525720357522345,1108.579370317629,2439.0,321.0,66326.74835477657,1362.9066954389561,351.753469925879,215.63148226831368,ged,ged_J_1.5m_nygaard_001_s08.wav
0.03713133931159973,0.09638102381398837,1030.5132153060845,1851.0,416.0,72508.13162882239,1113.9655218077787,228.58659961676395,125.2311478787827,ged,ged_J_1.5m_nygaard_001_s09.wav
0.03916902095079422,0.12488280517532346,1109.5871357290398,2418.0,415.0,87003.71946628277,1512.7360589185405,243.85970858111244,329.13232305238205,ged,ged_J_1.5m_nygaard_001_s10.wav
0.036126598715782166,0.15350959434964687,1145.3453575821432,2662.0,415.0,66949.68668850888,860.9334416371531,233.35695399058764,163.37623380067117,ged,ged_J_1.5m_stille_001_s01.wav
0.033876486122608185,0.17619851240702544,1070.044189419788,2232.0,383.0,69891.31338380404,869.8011452712665,204.98645845432313,195.31208748057597,ged,ged_J_1.5m_stille_001_s02.wav
0.039396192878484726,0.16982311394462155,1087.235619388773,2540.0,357.0,84627.29879216052,763.8514041930564,445.307866626114,341.9789155894623,ged,ged_J_1.5m_stille_001_s03.wav
0.04279131069779396,0.17051065691605724,1101.8283142977527,2543.0,415.0,110320.35824880895,996.3815006692029,600.2871201452657,527.0331512842861,ged,ged_J_1.5m_stille_001_s04.wav
0.03508836776018143,0.16132258266141633,1090.776166415109,2307.0,415.0,69659.46521884664,1030.4025425721234,324.0087247555234,233.44509586899565,ged,ged_J_1.5m_stille_001_s05.wav
0.02956642396748066,0.1906994187136696,1224.94411787695,2782.0,383.0,48609.925149971044,712.3285150288975,356.1233075531047,248.69149737733352,ged,ged_J_1.5m_stille_001_s06.wav
0.026115782558918,0.18951184449028063,1361.0176372138571,3467.0,415.0,36703.345606958275,632.8366788348005,290.2243639268828,475.86794302638253,ged,ged_J_1.5m_stille_001_s07.wav
0.034295182675123215,0.17151071941996374,1070.620331659734,2241.0,322.0,65637.16318280394,1004.6203070315119,283.2124017285245,197.58243501755976,ged,ged_J_1.5m_stille_001_s08.wav
0.03666754439473152,0.17219826239139946,1020.7386867139496,1797.0,416.0,70610.35872719926,930.1837384033335,213.14581890237747,115.03311231113605,ged,ged_J_1.5m_stille_001_s09.wav
0.03893224522471428,0.1773860866304144,1075.2440812789755,2152.0,415.0,86400.61150169678,1135.5265424979705,223.60978218574456,299.4343288912018,ged,ged_J_1.5m_stille_001_s10.wav
0.03613029047846794,0.11688230514407151,1149.3557376616097,2661.0,415.0,66897.91529613886,927.4271906437625,234.7463605809141,164.07660527723192,ged,ged_J_1.5m_tmlKlasse_001_s01.wav
0.03416062518954277,0.113069566847928,1076.0313744874954,2255.0,383.0,70547.11953007834,903.1504284008493,227.46013629099883,199.75411550474809,ged,ged_J_1.5m_tmlKlasse_001_s02.wav
0.03948412463068962,0.13413338333645852,1086.0816004277665,2539.0,357.0,84918.1466324036,767.1324375382765,445.9573415060688,341.87145568342004,ged,ged_J_1.5m_tmlKlasse_001_s03.wav
0.04303114116191864,0.12057003562722671,1106.3712412458535,2546.0,415.0,111456.69890312642,1271.574643099324,614.4047055147421,534.6134086785994,ged,ged_J_1.5m_tmlKlasse_001_s04.wav
0.037805769592523575,0.07781736358522408,1100.7937947141686,2308.0,415.0,79058.18585138366,2362.4285112674766,516.54423696848,319.9079645154418,ged,ged_J_1.5m_tmlKlasse_001_s05.wav
0.029998136684298515,0.1402587661728858,1232.1055731026188,2793.0,383.0,49975.37484373063,866.2649198461335,390.8889536509921,259.32490730529076,ged,ged_J_1.5m_tmlKlasse_001_s06.wav
0.02672194130718708,0.09894368398024876,1322.3212534209101,3398.0,415.0,38054.70957526688,933.5099711292246,298.0496519616402,481.133024983557,ged,ged_J_1.5m_tmlKlasse_001_s07.wav
0.034862298518419266,0.10081880117507344,1089.8183552848202,2263.0,323.0,67863.48578247055,1752.2321664155836,467.4964618470967,208.7114677960869,ged,ged_J_1.5m_tmlKlasse_001_s08.wav
0.03674251213669777,0.1386961685105319,1029.0323355057812,1815.0,415.0,70834.36529894565,1030.8408534080231,223.29401530401051,117.27064281744076,ged,ged_J_1.5m_tmlKlasse_001_s09.wav
0.03962062671780586,0.08563035189699356,1061.484515538411,1981.0,415.0,87705.9683743547,2923.2115648824424,255.6964833251451,308.9803868580884,ged,ged_J_1.5m_tmlKlasse_001_s10.wav
0.020127270370721817,0.1513219576223514,2589.585901490624,6079.0,411.0,13901.582153493113,1731.1514188151777,794.5592159497892,469.4394777851477,hest,hest_A_0.75m_nygaard_001_s01.wav
0.017710622400045395,0.22701418838677417,2834.49538820705,6173.0,487.0,9485.042900687251,1980.8557335158057,677.5695082337667,635.8522314368747,hest,hest_A_0.75m_nygaard_001_s02.wav
0.031715214252471924,0.16857303581473843,2748.4895817114925,5990.0,133.0,9783.199735515625,3137.925561790374,692.2337587723537,791.5783357393298,hest,hest_A_0.75m_nygaard_001_s03.wav
0.01634625904262066,0.21532595787236702,2838.087284209287,6418.0,495.0,8778.914673983587,1580.8447412901933,400.2997331326262,499.9197714986295,hest,hest_A_0.75m_nygaard_001_s04.wav
0.022740438580513,0.09431839489968123,2001.5020501088143,5273.0,250.0,20511.483385522384,5969.574533705349,428.4323626971766,467.41788962832203,hest,hest_A_0.75m_nygaard_001_s05.wav
0.013185402378439903,0.15575973498343645,2758.079240313894,6288.0,249.0,5765.204326296967,1105.2679868449145,151.87448356136107,352.2744957439538,hest,hest_A_0.75m_nygaard_001_s06.wav
0.013416081666946411,0.19744984061503845,2818.568593926244,6148.0,503.0,4590.787572590089,2287.5371304135706,124.84046830833013,318.1688896182576,hest,hest_A_0.75m_nygaard_001_s07.wav
0.0147783812135458,0.19276204762797675,2580.113367443843,5923.0,460.0,7174.581000005544,883.5880429691936,262.7689577274579,356.8536780604981,hest,hest_A_0.75m_nygaard_001_s08.wav
0.01309624407440424,0.17432339521220075,2663.0812818187455,6068.0,132.0,5580.534951626939,717.1739525764001,145.88417360037835,267.6551800150852,hest,hest_A_0.75m_nygaard_001_s09.wav
0.01727013662457466,0.15588474279642478,2444.610929408269,5820.0,251.0,9225.670207193896,1698.1406036875837,352.70228692044753,313.5933780176228,hest,hest_A_0.75m_nygaard_001_s10.wav
0.019108138978481293,0.26457903618976186,2802.7471478995926,6423.0,135.0,11425.192765885133,1449.8453769447963,676.9431363162523,429.4397413734463,hest,hest_A_0.75m_stille_001_s01.wav
0.01760842837393284,0.2844552784549034,2857.0622266341607,6198.0,487.0,9486.018753820244,1978.3925675195062,671.6045911026599,625.0699880180399,hest,hest_A_0.75m_stille_001_s02.wav
0.017651032656431198,0.26770423151446965,2860.9016766929394,6079.0,133.0,9457.380956223255,2881.237212609224,675.1591735484018,782.2635983284647,hest,hest_A_0.75m_stille_001_s03.wav
0.01566091924905777,0.29476842302643913,2920.2796865529635,6541.0,495.0,8497.808717890577,1414.2747323410574,358.0126750749324,472.8155665433783,hest,hest_A_0.75m_stille_001_s04.wav
0.017293371260166168,0.24251515719732483,2604.7051232460713,5977.0,512.0,8861.390658392203,3119.622813427082,372.4866813695194,446.0818850219505,hest,hest_A_0.75m_stille_001_s05.wav
0.012190795503556728,0.2557034814675917,3009.835568096988,6486.0,250.0,4862.2348891848815,901.2425947499534,120.27031825740085,331.28513435948673,hest,hest_A_0.75m_stille_001_s06.wav
0.013207918033003807,0.24689043065191574,2919.5369816672223,6220.0,378.0,4426.897921563498,2192.0627249780036,114.36967117876972,313.67314865297334,hest,hest_A_0.75m_stille_001_s07.wav
0.01369060855358839,0.2703293955872242,2802.3288412420693,6235.0,460.0,6818.549980094227,431.6897112694177,128.0366508090512,319.7050668342027,hest,hest_A_0.75m_stille_001_s08.wav
0.012692536227405071,0.26914182136383524,2837.6383664293444,6233.0,132.0,5236.0231112279,554.5040724880525,123.9140772798648,263.1072764835558,hest,hest_A_0.75m_stille_001_s09.wav
0.01569247990846634,0.2560160010000625,2603.8006371514143,5996.0,250.0,8277.289634327983,1352.4994667778467,276.3880786453659,291.70473731212945,hest,hest_A_0.75m_stille_001_s10.wav
0.01921016536653042,0.19432464529033064,2749.379221714902,6335.0,136.0,11556.440304931382,1483.5647564275782,684.4866908420612,431.4488113916397,hest,hest_A_0.75m_tmlKlasse_001_s01.wav
0.018528297543525696,0.16807300456278518,2657.436938690436,6060.0,484.0,10432.06011412435,2860.138747964449,704.5741138968897,629.3621210365988,hest,hest_A_0.75m_tmlKlasse_001_s02.wav
0.018017152324318886,0.19813738358647415,2820.379109529396,6048.0,132.0,10320.53192108206,2897.9175755186425,675.5503808642179,784.3112343840172,hest,hest_A_0.75m_tmlKlasse_001_s03.wav
0.015784453600645065,0.2175135945996625,2863.707435839531,6503.0,495.0,8585.630428307948,1507.9939798301923,364.5627400621697,476.85447935487093,hest,hest_A_0.75m_tmlKlasse_001_s04.wav
0.017574641853570938,0.18019876242265143,2558.3513990119336,5948.0,512.0,9151.711330855915,3143.4903603297885,371.9531865226388,447.6552615830581,hest,hest_A_0.75m_tmlKlasse_001_s05.wav
0.01340450718998909,0.1595099693730858,2663.7662988488846,6260.0,251.0,5984.253436252457,1726.9805221975514,125.14053432993701,333.43638010566235,hest,hest_A_0.75m_tmlKlasse_001_s06.wav
0.014773091301321983,0.12869554347146697,2338.3834932231453,5758.0,379.0,7276.267963411947,2689.8997789746722,142.19165110626835,322.87526637808537,hest,hest_A_0.75m_tmlKlasse_001_s07.wav
0.014159198850393295,0.2184511531970748,2704.03078699923,6153.0,460.0,7383.035791971975,448.49874128521293,141.15918974665175,352.8452812143491,hest,hest_A_0.75m_tmlKlasse_001_s08.wav
0.012988275848329067,0.2004500281267579,2650.8378913249085,6056.0,132.0,5615.676192497809,695.5826877076837,133.36959217233766,272.6723874791925,hest,hest_A_0.75m_tmlKlasse_001_s09.wav
0.016752023249864578,0.16426026626664167,2444.7993292140236,5794.0,500.0,9146.976274275727,2665.1520919525656,332.7828072878292,312.66344618086197,hest,hest_A_0.75m_tmlKlasse_001_s10.wav
0.015128210186958313,0.1825114069629352,2757.875390453291,6123.0,512.0,5342.044183880074,4653.828430195334,242.18925412216373,395.30052820358816,hest,hest_A_1.5m_nygaard_001_s01.wav
0.013073639012873173,0.1959497468591787,3062.9217580689005,6897.0,353.0,6732.127927772333,263.0018731784618,253.64581332665392,311.86095029781353,hest,hest_A_1.5m_nygaard_001_s02.wav
0.014563770033419132,0.16438527407962997,2662.7687909422298,6264.0,468.0,8050.59628002267,219.30489405522462,130.00043318164407,145.0591908861971,hest,hest_A_1.5m_nygaard_001_s03.wav
0.01298576034605503,0.1928245515344709,2721.091938547454,6199.0,499.0,5666.152323113644,1202.7241714640284,84.76441815447653,216.38532843132663,hest,hest_A_1.5m_nygaard_001_s04.wav
0.013666782528162003,0.12063253953372086,2426.0311009236098,5953.0,499.0,6227.118563979155,1794.0940150907488,68.40448470701693,227.42834814775756,hest,hest_A_1.5m_nygaard_001_s05.wav
0.014363132417201996,0.15269704356522282,2601.7976120970693,6150.0,500.0,6208.169919654654,1521.4610561770564,139.00910240159624,219.6518446782303,hest,hest_A_1.5m_nygaard_001_s06.wav
0.013981260359287262,0.16276017251078193,2279.729963100977,5008.0,489.0,6693.023648453163,648.9018784571759,346.030875916013,263.6534428610025,hest,hest_A_1.5m_nygaard_001_s07.wav
0.011673642322421074,0.17913619601225075,2906.1007140720194,6061.0,448.0,4724.919724121946,447.7692080733277,234.80499914573466,482.19273115357373,hest,hest_A_1.5m_nygaard_001_s08.wav
0.014764981344342232,0.17763610225639104,2607.028768322979,5837.0,256.0,7094.524994546355,1874.0932805628997,400.17222927634737,307.7600351196439,hest,hest_A_1.5m_nygaard_001_s09.wav
0.014330102130770683,0.17519844990311895,2547.7006043487218,5956.0,510.0,5081.386095396422,3270.550763744434,249.7538060403822,237.82822620873625,hest,hest_A_1.5m_nygaard_001_s10.wav
0.014594832435250282,0.24176511031939496,2964.8817048317205,6322.0,512.0,4964.223516622604,4539.041540794722,179.10815709120192,383.5617111918649,hest,hest_A_1.5m_stille_001_s01.wav
0.012837659567594528,0.24814050878179886,3220.0224107664185,7007.0,354.0,6553.619790050878,138.88767838553034,228.17227337669027,302.99752693292396,hest,hest_A_1.5m_stille_001_s02.wav
0.013681631535291672,0.23095193449590598,2915.9704180167137,6617.0,468.0,7599.9069392843385,101.12212915035941,105.05752793028692,137.3811462049923,hest,hest_A_1.5m_stille_001_s03.wav
0.012658626772463322,0.2306394149634352,2820.500316065958,6246.0,498.0,5356.568199823613,1139.2150309411797,79.68996375152383,213.6285349155284,hest,hest_A_1.5m_stille_001_s04.wav
0.012758015654981136,0.21176323520220014,2812.1193848612284,6207.0,500.0,4689.554682243337,1575.960916113937,50.09462085954278,217.1954198297964,hest,hest_A_1.5m_stille_001_s05.wav
0.013775483705103397,0.2358897431089443,2811.862139588337,6293.0,500.0,5504.072508842184,1420.594667581473,103.61953801907819,206.12307322404894,hest,hest_A_1.5m_stille_001_s06.wav
0.01285355444997549,0.23470216888555534,2534.575306665446,5861.0,489.0,5700.606425474318,215.67418654292726,152.1825218097409,141.1905337741337,hest,hest_A_1.5m_stille_001_s07.wav
0.010963035747408867,0.27214200887555473,3105.4798041200665,6170.0,448.0,3932.5290869689243,384.8209879374956,222.6731579663359,479.75312012279767,hest,hest_A_1.5m_stille_001_s08.wav
0.014608778059482574,0.23551471966997936,2682.013745006244,5890.0,256.0,6902.3247222775135,1887.425039645171,394.24235299730003,297.21140723716434,hest,hest_A_1.5m_stille_001_s09.wav
0.013544375076889992,0.22207637977373587,2711.6583431262984,6114.0,510.0,4742.520218976342,3095.6022836994257,215.9282118276899,210.5844887894045,hest,hest_A_1.5m_stille_001_s10.wav
0.015436653047800064,0.15894743421463842,2772.9421998825674,6144.0,513.0,5652.266253348085,4683.104841937233,247.78026175095317,395.37520167125655,hest,hest_A_1.5m_tmlKlasse_001_s01.wav
0.0130354268476367,0.21701356334770924,3142.76632505737,6973.0,354.0,6748.189908960762,180.66917071351358,233.8503864797791,307.75976440310137,hest,hest_A_1.5m_tmlKlasse_001_s02.wav
0.013741163536906242,0.21151321957622352,2882.464558261934,6565.0,468.0,7643.987549595438,106.56368815906202,108.66360046594446,140.66318954615474,hest,hest_A_1.5m_tmlKlasse_001_s03.wav
0.013101590797305107,0.19826239139946247,2790.7412993938165,6210.0,499.0,5444.916721743188,1152.7107056369775,88.13197608848768,225.10024155833028,hest,hest_A_1.5m_tmlKlasse_001_s04.wav
0.01732989214360714,0.10838177386086631,2106.009106803699,5174.0,501.0,9837.743251056781,2543.0763900505144,320.0362336720261,273.2989749142447,hest,hest_A_1.5m_tmlKlasse_001_s05.wav
0.014293395914137363,0.1545721607600475,2587.6300287834906,6169.0,249.0,6813.798562461101,1469.121523919432,105.42523322851196,213.45897627788048,hest,hest_A_1.5m_tmlKlasse_001_s06.wav
0.02358495444059372,0.10519407462966436,1701.1303328789797,4093.0,372.0,13840.596724704608,5618.329637204267,362.1609852951183,189.87828829357034,hest,hest_A_1.5m_tmlKlasse_001_s07.wav
0.011200230568647385,0.20526282892680792,3041.1637330951603,6140.0,448.0,4074.7184809026985,414.88383700569665,226.7661282140721,483.282856240316,hest,hest_A_1.5m_tmlKlasse_001_s08.wav
0.014823025092482567,0.1880117507344209,2579.720903573222,5834.0,256.0,7229.352782003855,1898.0014528085567,396.5450075537349,298.6500429779592,hest,hest_A_1.5m_tmlKlasse_001_s09.wav
0.01458609290421009,0.13338333645852865,2371.4356676386424,5817.0,257.0,5479.637409694174,3564.953831800621,247.2127717850149,216.69272762343206,hest,hest_A_1.5m_tmlKlasse_001_s10.wav
0.03702574223279953,0.20657541096318519,3229.1626762832407,6407.0,297.0,48808.91768982781,2336.7596276758354,1433.151817563747,5009.071767759557,hest,hest_C_0.75m_nygaard_001_s01.wav
0.029022367671132088,0.25395337208575536,3422.8416981682103,6461.0,298.0,25826.453316517633,1012.1862014864151,715.6698116876421,5717.525049896912,hest,hest_C_0.75m_nygaard_001_s02.wav
0.022570567205548286,0.2581411338208638,3848.003783391736,6789.0,283.0,17513.79592884116,500.985637051487,161.75858401481622,4024.217530198781,hest,hest_C_0.75m_nygaard_001_s03.wav
0.022312140092253685,0.2170760672542034,2980.6292507623957,5911.0,277.0,15175.88315391895,1009.0967380717093,372.43736858725686,2039.402302042341,hest,hest_C_0.75m_nygaard_001_s04.wav
0.028279371559619904,0.23113944621538846,3327.7611379829036,6609.0,396.0,26433.509987997033,2538.4999289251646,835.257647125119,4307.53844424197,hest,hest_C_0.75m_nygaard_001_s05.wav
0.03163304552435875,0.24389024314019625,3792.9572608026015,6822.0,428.0,32653.65623521159,1766.3672696902063,523.7216853969237,6184.214913213181,hest,hest_C_0.75m_nygaard_001_s06.wav
0.04127085581421852,0.2688918057378586,2993.7646877501616,6262.0,403.0,63360.689165424556,6984.549191799456,2374.6885275563427,4483.872483346037,hest,hest_C_0.75m_nygaard_001_s07.wav
0.027459552511572838,0.23738983686480405,3505.9494655724493,6675.0,282.0,25247.99516271131,1072.9646656218642,504.8307776105444,3314.4971883278336,hest,hest_C_0.75m_nygaard_001_s08.wav
0.021576253697276115,0.21007562972685792,3741.1622419176633,6776.0,282.0,12668.512200260702,2430.817282377205,895.3320653013296,5009.2403326701315,hest,hest_C_0.75m_nygaard_001_s09.wav
0.02331334911286831,0.22851428214263392,3924.480081648446,6882.0,397.0,16607.534983757534,985.2375552688084,252.6556036421976,5251.767124087547,hest,hest_C_0.75m_nygaard_001_s10.wav
0.036366455256938934,0.29520595037189823,3484.3417311208614,6582.0,297.0,47725.750534661536,1348.5744083884572,1098.554321334855,4993.991444029007,hest,hest_C_0.75m_stille_001_s01.wav
0.028817344456911087,0.2942683917744859,3457.597076100208,6483.0,298.0,25641.434865921685,986.5709095858203,712.0317161821821,5711.530925494616,hest,hest_C_0.75m_stille_001_s02.wav
0.022368507459759712,0.2962685167822989,3939.2474770950366,6834.0,283.0,17008.266316644254,483.0204644671907,153.31102371795188,4017.0316757648743,hest,hest_C_0.75m_stille_001_s03.wav
0.021976226940751076,0.2717669854365898,3092.4069632866476,6008.0,277.0,14757.823332427244,843.1565566551556,350.54397284670165,2028.3528369368962,hest,hest_C_0.75m_stille_001_s04.wav
0.027644885703921318,0.292705794112132,3463.650842649818,6664.0,396.0,25599.5924425203,1950.8949134158597,739.3129676195381,4286.786838230191,hest,hest_C_0.75m_stille_001_s05.wav
0.031251661479473114,0.3208950559409963,3976.627382656664,6894.0,428.0,31952.616198102194,1453.9831264721947,360.2387084452463,6167.907723763085,hest,hest_C_0.75m_stille_001_s06.wav
0.04112735018134117,0.30158134883430215,3046.792351047191,6308.0,403.0,63229.577479837346,6705.886397432971,2256.7155898289802,4455.560005782009,hest,hest_C_0.75m_stille_001_s07.wav
0.02733847312629223,0.2845177823613976,3565.0251978010683,6692.0,282.0,25019.25228749467,1057.4302015754847,498.47382378469047,3305.326156721746,hest,hest_C_0.75m_stille_001_s08.wav
0.018956728279590607,0.31820738796174763,4288.650797466393,6984.0,281.0,9947.812653629266,526.3267334067839,148.12923044856012,4836.448331027522,hest,hest_C_0.75m_stille_001_s09.wav
0.022127289324998856,0.31758234889680603,4193.901601662591,6969.0,397.0,14657.146214621082,723.1948430489176,204.60789093520393,5234.776128566611,hest,hest_C_0.75m_stille_001_s10.wav
0.03637121990323067,0.2897056066004125,3477.180895348237,6572.0,297.0,47735.252144444574,1350.3734735800529,1100.7188301024653,4993.066248985606,hest,hest_C_0.75m_tmlKlasse_001_s01.wav
0.02983950637280941,0.19519969998124884,3269.927747071199,6375.0,299.0,28268.821248015804,1283.634668478442,911.0387233904307,5739.814002399866,hest,hest_C_0.75m_tmlKlasse_001_s02.wav
0.02959580160677433,0.1476342271391962,3227.029320246126,6515.0,282.0,29396.209127790702,2774.494054131353,273.934356690168,4167.65811408831,hest,hest_C_0.75m_tmlKlasse_001_s03.wav
0.023116687312722206,0.1629476842302644,2890.083087213061,5859.0,277.0,16244.652891836891,1184.0388730665172,372.79384035118017,2036.2669193451018,hest,hest_C_0.75m_tmlKlasse_001_s04.wav
0.02790306694805622,0.22057628601787613,3396.347275868912,6636.0,396.0,25977.008364884878,1989.389851567,794.9737591441806,4300.281643188364,hest,hest_C_0.75m_tmlKlasse_001_s05.wav
0.03135824203491211,0.27901743858991185,3949.3540589098775,6888.0,428.0,32216.346750337154,1470.1634199214093,370.66087947900064,6166.414869878678,hest,hest_C_0.75m_tmlKlasse_001_s06.wav
0.041713763028383255,0.22813925870366897,3014.683259560159,6292.0,403.0,64143.82953500794,6816.017505592543,2265.182943338612,4458.058487955894,hest,hest_C_0.75m_tmlKlasse_001_s07.wav
0.02808683179318905,0.24545284080255017,3443.4556847385907,6636.0,282.0,26006.26538019497,1188.512245972023,631.7339761020681,3365.4258514806056,hest,hest_C_0.75m_tmlKlasse_001_s08.wav
0.019310010597109795,0.2778298643665229,4220.437622589512,6973.0,276.0,10375.479052327071,595.0594438383877,150.5922793387288,4831.218954031933,hest,hest_C_0.75m_tmlKlasse_001_s09.wav
0.022637279704213142,0.2548909306831677,4115.63770719225,6938.0,397.0,15159.354589782371,734.8223921866546,211.15009473009556,5239.018035765133,hest,hest_C_0.75m_tmlKlasse_001_s10.wav
0.027006497606635094,0.15300956309769362,2652.1133730737733,6276.0,418.0,25332.93404607765,3908.5861141692285,1145.068492782213,897.4468875803948,hest,hest_C_1.5m_nygaard_001_s01.wav
0.029931969940662384,0.141133820863804,2606.240322488312,6088.0,419.0,35595.96366420562,4902.865606331753,969.8038915095335,1720.866597609086,hest,hest_C_1.5m_nygaard_001_s02.wav
0.028602825477719307,0.1485092818301144,2565.5750943213184,6000.0,457.0,27741.064062392754,5389.222010888271,2413.1465951615082,1725.0864444772592,hest,hest_C_1.5m_nygaard_001_s03.wav
0.026190415024757385,0.17938621163822738,2669.7236790592833,6084.0,386.0,24763.020598937932,3956.9474963256234,1504.7519855123564,1085.0011770430324,hest,hest_C_1.5m_nygaard_001_s04.wav
0.029925057664513588,0.18494905931620725,2732.2022526001842,6029.0,417.0,29969.7255466987,4609.562628167666,2125.275068279638,1628.4663000376486,hest,hest_C_1.5m_nygaard_001_s05.wav
0.030600687488913536,0.23001437589849366,2981.8601783045037,6166.0,456.0,33042.56731857983,1194.5014683984678,1101.8799119448813,2134.712517807795,hest,hest_C_1.5m_nygaard_001_s06.wav
0.029987862333655357,0.17701106319144946,2854.170864886199,6203.0,416.0,26763.111339132796,4290.8876473601085,2172.1732917097233,1545.8274849996978,hest,hest_C_1.5m_nygaard_001_s07.wav
0.040077582001686096,0.21113819613725857,2831.466555382499,6240.0,449.0,58154.309331608914,826.7000401853115,1649.0213450353926,1799.5472067994197,hest,hest_C_1.5m_nygaard_001_s08.wav
0.03679750859737396,0.17594849678104882,2936.302068229476,6329.0,457.0,47734.87780721797,1728.1246167148463,1079.2096273719776,1697.8659711738796,hest,hest_C_1.5m_nygaard_001_s09.wav
0.03146681562066078,0.20170010625664103,3113.371224738505,6498.0,158.0,38321.862643316745,1109.4887913619766,1191.2207686319307,2502.5725312137624,hest,hest_C_1.5m_nygaard_001_s10.wav
0.02538454346358776,0.23382711419463717,2839.5271195851765,6388.0,419.0,22083.27827812699,3681.4799269574187,1060.9443061826655,876.9912508566971,hest,hest_C_1.5m_stille_001_s01.wav
0.026337165385484695,0.2463903993999625,3007.7794764474725,6355.0,420.0,26845.412031180895,3691.8719811144083,946.7532699191986,1708.6725363063188,hest,hest_C_1.5m_stille_001_s02.wav
0.02826881594955921,0.16426026626664167,2573.2302072628436,6015.0,457.0,27486.14885393356,5316.3626921909345,2402.2618494515737,1720.9807430183546,hest,hest_C_1.5m_stille_001_s03.wav
0.025953542441129684,0.22276392274517157,2703.8988656103165,6105.0,386.0,24269.524711481383,3892.285480567288,1497.0647871695887,1081.7055725127916,hest,hest_C_1.5m_stille_001_s04.wav
0.029039770364761353,0.2507656728545534,2832.5842081566716,6108.0,418.0,29205.184749258606,4022.9969054892313,2031.349124653133,1615.250149166805,hest,hest_C_1.5m_stille_001_s05.wav
0.03032863512635231,0.26770423151446965,3037.0442255984303,6195.0,456.0,32794.79535966439,1077.491291686825,1046.694948077202,2121.583128705979,hest,hest_C_1.5m_stille_001_s06.wav
0.02955855056643486,0.2472654540908807,2950.5235415817747,6311.0,417.0,25874.53586767476,4039.416989430002,2119.1520889253866,1531.5754479979394,hest,hest_C_1.5m_stille_001_s07.wav
0.03988644853234291,0.2457028564285268,2908.1020649076168,6321.0,449.0,57590.27190629898,636.8096036738993,1585.8330011001674,1769.9774690684676,hest,hest_C_1.5m_stille_001_s08.wav
0.036258190870285034,0.26545409088068006,3171.073554678818,6633.0,457.0,46918.97757954694,595.6524684444705,1033.3630476908745,1649.1639186987054,hest,hest_C_1.5m_stille_001_s09.wav
0.03137262538075447,0.240577536096006,3185.2904639692824,6556.0,158.0,38132.16607162923,1014.4868097050077,1178.4778949764504,2502.148092895617,hest,hest_C_1.5m_stille_001_s10.wav
0.025627775117754936,0.1916994812175761,2803.2501196862763,6375.0,416.0,22271.417645561247,3916.5657573016006,1061.9705135890413,879.7651751946514,hest,hest_C_1.5m_tmlKlasse_001_s01.wav
0.026539243757724762,0.20776298518657416,3004.4837602026196,6353.0,420.0,26974.200761821132,3706.6923927535254,950.6729188321422,1711.8755778608106,hest,hest_C_1.5m_tmlKlasse_001_s02.wav
0.028334440663456917,0.16163510219388713,2571.6578895436837,6014.0,457.0,27622.90863799173,5318.213792958824,2402.622869709439,1726.925173668532,hest,hest_C_1.5m_tmlKlasse_001_s03.wav
0.02796131744980812,0.13619601225076566,2530.4815289953945,5986.0,387.0,30805.889519716842,4323.469574668287,1593.5101935584455,1127.9420545186051,hest,hest_C_1.5m_tmlKlasse_001_s04.wav
0.029245661571621895,0.20657541096318519,2780.9639699375966,6058.0,416.0,29472.56982488779,4218.3708523341875,2086.382904310164,1632.7947551289776,hest,hest_C_1.5m_tmlKlasse_001_s05.wav
0.030533600598573685,0.21738858678667417,2991.5706327687303,6177.0,456.0,32909.75246784783,1223.848992672353,1052.9783822703898,2126.2914436152546,hest,hest_C_1.5m_tmlKlasse_001_s06.wav
0.02982626110315323,0.18088630539408712,2840.4539290809216,6197.0,417.0,26560.17962343458,4297.322439546786,2150.608099570457,1536.725535917366,hest,hest_C_1.5m_tmlKlasse_001_s07.wav
0.03983528912067413,0.1970748171760735,2875.2722210011652,6288.0,449.0,57536.46975734952,648.1485963898799,1590.38595540888,1770.3725388309358,hest,hest_C_1.5m_tmlKlasse_001_s08.wav
0.036470215767621994,0.20376273517094817,3097.1370492584724,6550.0,457.0,47258.00173000802,703.4630367422569,1046.7520347221614,1654.332277511764,hest,hest_C_1.5m_tmlKlasse_001_s09.wav
0.03200067579746246,0.18188636789799362,3043.9395181875107,6404.0,158.0,39348.465630881525,1299.4416741120322,1201.3533541537702,2504.816300584348,hest,hest_C_1.5m_tmlKlasse_001_s10.wav
0.02131832391023636,0.22795174698418652,3931.151166282884,6904.0,438.0,12399.227043478413,747.1370684668032,1209.3210786775858,5270.21984158464,hest,hest_J_0.75m_nygaard_001_s01.wav
0.0185620728880167,0.22876429776861054,3798.454207035403,6871.0,398.0,9885.799644214123,860.3321249308668,390.41498074729463,3635.893319752481,hest,hest_J_0.75m_nygaard_001_s02.wav
0.015554030425846577,0.21770110631914494,3896.035061254207,6815.0,398.0,6001.032859486779,795.5281459504232,294.0932894547221,3199.1975161323444,hest,hest_J_0.75m_nygaard_001_s03.wav
0.013691260479390621,0.2345146571660729,3583.8057621318408,6544.0,454.0,5357.355697642515,827.8042134975109,445.38151534993636,2343.413602918905,hest,hest_J_0.75m_nygaard_001_s04.wav
0.018304085358977318,0.19738733670854428,3117.217216819255,6210.0,369.0,11689.782269648367,911.7907192629143,231.58370644595823,1859.430142287206,hest,hest_J_0.75m_nygaard_001_s05.wav
0.013294782489538193,0.17007312957059817,3366.983880120688,6535.0,454.0,5740.194060833593,516.2758346150567,224.38256472298048,941.9114929971948,hest,hest_J_0.75m_nygaard_001_s06.wav
0.014772506430745125,0.19094943433964623,3555.04341573725,6432.0,436.0,6832.949763691734,696.8493348554516,360.58578500758153,3125.497700178127,hest,hest_J_0.75m_nygaard_001_s07.wav
0.013599519617855549,0.16819801237577348,3244.664506559012,6329.0,454.0,6104.076702834242,625.7934976272456,279.6184618508519,1472.8429670314415,hest,hest_J_0.75m_nygaard_001_s08.wav
0.01902717724442482,0.1790736921057566,3394.956159775101,6573.0,369.0,11040.639657336358,2162.2040709247003,605.0001001921642,2115.7845723006953,hest,hest_J_0.75m_nygaard_001_s09.wav
0.01390737947076559,0.18851178198637414,3207.7130113711855,6464.0,398.0,6162.488517804558,775.6726058300363,302.9200076931155,1126.3617611883378,hest,hest_J_0.75m_nygaard_001_s10.wav
0.02113099955022335,0.2731420713794612,3983.6032638685497,6918.0,437.0,12357.355161113072,588.1411876130009,1193.464299539782,5255.733873754238,hest,hest_J_0.75m_stille_001_s01.wav
0.018023405224084854,0.28189261828864304,3912.447792971674,6915.0,399.0,9391.797389281717,493.0683881264599,371.7806015923878,3606.4195249394193,hest,hest_J_0.75m_stille_001_s02.wav
0.015233488753437996,0.28101756359772484,3950.403219037734,6841.0,231.0,5764.402679268998,744.7419492512369,283.8245606331403,3201.061912133099,hest,hest_J_0.75m_stille_001_s03.wav
0.01299064140766859,0.26757922370148135,3757.6992983697664,6619.0,453.0,4677.269691147549,553.0875821941876,350.4839927597093,2320.562386896703,hest,hest_J_0.75m_stille_001_s04.wav
0.017760155722498894,0.2708919307456716,3196.7369383032496,6275.0,369.0,11281.042552663124,801.865893374265,170.25809927053388,1845.041583976356,hest,hest_J_0.75m_stille_001_s05.wav
0.012328808195888996,0.2523282705169073,3680.2539894498127,6647.0,454.0,4581.023166029795,206.8666200043681,167.57259741144367,934.6829681885997,hest,hest_J_0.75m_stille_001_s06.wav
0.014330200850963593,0.2630789424339021,3735.9624477783277,6523.0,436.0,6416.31152357117,246.93737097564943,315.6919208081615,3114.024021917162,hest,hest_J_0.75m_stille_001_s07.wav
0.012339397333562374,0.2532033252078255,3594.640800763699,6517.0,456.0,4285.001607727059,161.3780603795759,197.8476627495856,1438.6518062577877,hest,hest_J_0.75m_stille_001_s08.wav
0.017798107117414474,0.28101756359772484,3602.2024082112744,6672.0,368.0,9247.198961416841,1179.5095632038292,472.2526591817515,2059.687271448695,hest,hest_J_0.75m_stille_001_s09.wav
0.01295584999024868,0.2660791299456216,3470.31597237354,6607.0,399.0,5352.5561319819935,318.45962203085986,219.302883063734,1080.2422158016223,hest,hest_J_0.75m_stille_001_s10.wav
0.02247716672718525,0.16913557097318582,3786.580798268429,6848.0,438.0,13469.902109612663,2817.3960332079373,1211.5595856049572,5283.727051037892,hest,hest_J_0.75m_tmlKlasse_001_s01.wav
0.018331965431571007,0.2438277392337021,3897.0738675206635,6907.0,399.0,9495.399298003942,493.49227044250125,375.2738526357267,3617.5659293718777,hest,hest_J_0.75m_tmlKlasse_001_s02.wav
0.01617855578660965,0.20107506719169949,3832.589298385366,6797.0,229.0,6583.3521941256495,925.5599409244219,289.2360617468136,3208.312499526148,hest,hest_J_0.75m_tmlKlasse_001_s03.wav
0.013009123504161835,0.2567035439714982,3743.100415137986,6615.0,453.0,4707.151684361663,551.7842789783379,352.6420883687896,2319.011893153998,hest,hest_J_0.75m_tmlKlasse_001_s04.wav
0.017908357083797455,0.23170198137383585,3175.704631861676,6261.0,369.0,11427.419305208794,817.4934154038831,180.5108333032303,1850.8697961056796,hest,hest_J_0.75m_tmlKlasse_001_s05.wav
0.012979752384126186,0.18494905931620725,3592.5341157347602,6627.0,453.0,4769.722127725458,336.7692643894477,195.6051442509771,937.4590262547554,hest,hest_J_0.75m_tmlKlasse_001_s06.wav
0.016567479819059372,0.1770735670979436,3355.374807890941,6324.0,343.0,8156.521582788811,1352.7035120177231,685.9989697016706,3230.8290935172067,hest,hest_J_0.75m_tmlKlasse_001_s07.wav
0.012958570383489132,0.2175135945996625,3489.0220772359617,6465.0,456.0,4510.364016555474,237.00690188547486,205.1702141045241,1446.4065868366565,hest,hest_J_0.75m_tmlKlasse_001_s08.wav
0.02279478684067726,0.1493218326145384,3106.0186127717925,6441.0,370.0,15555.43234407733,5373.0504892318495,558.6815470288453,2119.0923968232064,hest,hest_J_0.75m_tmlKlasse_001_s09.wav
0.014983726665377617,0.16782298893680855,3112.437627077188,6414.0,368.0,6471.474481271296,1226.1027325760672,359.7616260968671,1099.320160024582,hest,hest_J_0.75m_tmlKlasse_001_s10.wav
0.048545390367507935,0.13000812550784424,2007.8215933187685,5081.0,421.0,108127.51633358319,3418.831081262765,2318.044850983818,1090.0452685256707,hest,hest_J_1.5m_nygaard_001_s01.wav
0.026297539472579956,0.18463653978373648,2602.4309283864345,5604.0,421.0,28646.362601604465,596.4419954968789,653.8452149061586,1588.4760672920222,hest,hest_J_1.5m_nygaard_001_s02.wav
0.016870321705937386,0.18319894993437089,2471.726097893906,5662.0,421.0,9491.91496907302,612.4543867013679,451.32668831085874,399.745529031042,hest,hest_J_1.5m_nygaard_001_s03.wav
0.03125986084342003,0.15575973498343645,2726.1812165943224,5881.0,389.0,12530.12454739135,521.4330640669889,758.8018014912818,955.176779757483,hest,hest_J_1.5m_nygaard_001_s04.wav
0.01178630068898201,0.22095130945684105,2959.637002872041,5978.0,350.0,4455.234426311322,374.7429827659083,299.09312189772845,750.0306493658779,hest,hest_J_1.5m_nygaard_001_s05.wav
0.020257407799363136,0.14375898493655853,2240.714149094423,5277.0,425.0,10458.226647078895,589.0715428435635,567.967058294273,474.98397082223573,hest,hest_J_1.5m_nygaard_001_s06.wav
0.01616554893553257,0.16144759047440466,2485.425746233023,5804.0,357.0,8022.387818391186,685.0768939332521,467.21146133402806,504.32886303222494,hest,hest_J_1.5m_nygaard_001_s07.wav
0.017814377322793007,0.1540096256016001,2379.920396653318,5654.0,384.0,8553.630818197367,2016.4656187012363,1036.9927072080704,572.9195852509184,hest,hest_J_1.5m_nygaard_001_s08.wav
0.016363751143217087,0.1283830239389962,2204.6712109041314,5339.0,421.0,7323.814068271238,941.4568388266634,824.8295764421105,294.53919279218434,hest,hest_J_1.5m_nygaard_001_s09.wav
0.014528948813676834,0.14288393024564036,2347.608895287156,5659.0,254.0,7658.32607545218,448.5998526975985,396.99707342552233,364.87907127417776,hest,hest_J_1.5m_nygaard_001_s10.wav
0.04818185418844223,0.22020126257891118,2079.7546594385876,5292.0,420.0,106826.96708491264,2527.5951779678503,2151.0316435817886,1060.61130785674,hest,hest_J_1.5m_stille_001_s01.wav
0.026131926104426384,0.22538908681792613,2630.275411221141,5617.0,421.0,28366.53333530496,574.3977308075123,650.1048807972315,1587.5991002881547,hest,hest_J_1.5m_stille_001_s02.wav
0.01668158546090126,0.22895180948809302,2495.057243503095,5678.0,421.0,9293.066093523843,603.4161977883626,448.3159154142086,397.3120640894761,hest,hest_J_1.5m_stille_001_s03.wav
0.016750039532780647,0.23820238764922808,2819.7145416080334,5905.0,388.0,11911.241620863326,449.18577171386437,741.8256228094917,951.2469363597548,hest,hest_J_1.5m_stille_001_s04.wav
0.011166290380060673,0.2723295205950372,3153.803894529186,6060.0,357.0,4144.841090856442,93.94437596933989,196.9950138574797,735.7492196674463,hest,hest_J_1.5m_stille_001_s05.wav
0.018930509686470032,0.24607787986749172,2345.7917574384305,5421.0,425.0,9757.222707794577,178.65039175654718,487.9400808503647,450.91760473353384,hest,hest_J_1.5m_stille_001_s06.wav
0.015765683725476265,0.2512032002000125,2631.939603518502,5888.0,245.0,7497.119240109451,264.4331335361623,429.8797909181481,493.7238943854843,hest,hest_J_1.5m_stille_001_s07.wav
0.016849912703037262,0.24189011813238329,2563.927396613683,5784.0,384.0,8279.90378676357,1000.6381580925014,1015.0440738759994,550.0185178231038,hest,hest_J_1.5m_stille_001_s08.wav
0.015122124925255775,0.23582723920245016,2320.176614721494,5462.0,422.0,6126.667784759717,628.2104270224894,797.8505477109069,278.958197987304,hest,hest_J_1.5m_stille_001_s09.wav
0.012795336544513702,0.25507844240265015,2648.5454716912996,5865.0,456.0,5073.849451498713,185.36942019558103,280.81328980440145,325.5422434243425,hest,hest_J_1.5m_stille_001_s10.wav
0.04834895208477974,0.17219826239139946,2067.7813299202935,5283.0,420.0,107119.83424766126,2604.4807018082834,2176.8265244401273,1074.3568465970757,hest,hest_J_1.5m_tmlKlasse_001_s01.wav
0.026530424132943153,0.18569910619413713,2573.5680319188637,5595.0,421.0,28613.874703991758,673.1576529364711,667.8406645191508,1595.6046018554036,hest,hest_J_1.5m_tmlKlasse_001_s02.wav
0.020671267062425613,0.11694480905056566,2010.2967892290471,5049.0,421.0,17577.11676222272,1816.4549934269642,573.1282845611206,447.9774411146639,hest,hest_J_1.5m_tmlKlasse_001_s03.wav
0.017682552337646484,0.14738421151321957,2677.0574305470477,5862.0,388.0,13121.805269701772,596.2228963204032,765.6947724232054,958.6063832935592,hest,hest_J_1.5m_tmlKlasse_001_s04.wav
0.011417463421821594,0.21757609850615664,3099.471304450783,6045.0,358.0,4337.561763243854,97.29129543526739,200.69823859429246,737.9663399704439,hest,hest_J_1.5m_tmlKlasse_001_s05.wav
0.01966596394777298,0.1599474967185449,2196.4209093999852,5233.0,425.0,11630.19405463072,299.60144321203643,540.7742561338512,461.5667589069594,hest,hest_J_1.5m_tmlKlasse_001_s06.wav
0.01687605306506157,0.18244890305644101,2540.0649276123945,5839.0,245.0,7678.9131838216135,473.9465878501239,441.4810492589537,500.6103792121495,hest,hest_J_1.5m_tmlKlasse_001_s07.wav
0.017102785408496857,0.20507531720732547,2539.022045914669,5771.0,384.0,8537.496857399248,1009.6285221990541,1021.3021143985688,554.27634218291,hest,hest_J_1.5m_tmlKlasse_001_s08.wav
0.015344112180173397,0.16719794987186698,2264.89891871406,5429.0,384.0,6463.98393154217,641.1649290958459,800.5434435467647,282.85835284203114,hest,hest_J_1.5m_tmlKlasse_001_s09.wav
0.018575076013803482,0.1184449028064254,1988.3902637987414,5191.0,427.0,10460.714603386212,3918.706468099342,535.5807460849904,355.51292155634735,hest,hest_J_1.5m_tmlKlasse_001_s10.wav
0.0230492502450943,0.2018876179761235,2502.0439068088735,5503.0,231.0,5608.534376020487,17572.133510910022,4869.564050792844,1367.175290712772,laks,laks_A_0.75m_nygaard_001_s01.wav
0.030332937836647034,0.2160760047502969,2097.2924628956016,4822.0,707.0,11535.581454983203,39814.45801114811,8301.10730067688,1436.3859848128945,laks,laks_A_0.75m_nygaard_001_s02.wav
0.021977463737130165,0.16757297331083193,1714.810105899208,3334.0,229.0,8527.819917772578,14399.587580327305,1609.4832167344543,256.98702839621325,laks,laks_A_0.75m_nygaard_001_s03.wav
0.0243422519415617,0.18813675854740922,1881.372045370924,3912.0,707.0,6849.087609761039,25411.280085398528,4051.2045622215787,484.05221171048333,laks,laks_A_0.75m_nygaard_001_s04.wav
0.015137476846575737,0.2004500281267579,2431.353408602719,5329.0,707.0,2858.362303216747,7232.039156030305,1080.786868035376,518.7884273174683,laks,laks_A_0.75m_nygaard_001_s05.wav
0.01807541958987713,0.15419713732108256,2061.2815945833117,4490.0,222.0,6521.41872619067,9667.825176409297,2094.718918881346,506.1514534304212,laks,laks_A_0.75m_nygaard_001_s06.wav
0.017710767686367035,0.18994937183573973,1993.6012205078785,4634.0,224.0,5939.696918321557,12457.880462124107,1728.582213270452,516.3895023139177,laks,laks_A_0.75m_nygaard_001_s07.wav
0.022656848654150963,0.12875804737796112,1882.0482035664277,4274.0,639.0,7804.99757755276,17184.38335503333,1105.9882827080562,575.3528412015461,laks,laks_A_0.75m_nygaard_001_s08.wav
0.014777449890971184,0.17988624289018063,2128.8866497290023,5064.0,229.0,3231.304404447611,5809.606666552749,804.9435289341864,329.05648930683697,laks,laks_A_0.75m_nygaard_001_s09.wav
0.01810227707028389,0.20951309456841052,2373.197301244709,5387.0,226.0,5730.045646577622,10438.164794142916,1302.1933320725445,866.9691539310695,laks,laks_A_0.75m_nygaard_001_s10.wav
0.022601233795285225,0.289893118319895,2554.476432397719,5552.0,933.0,5267.896740449298,16902.08627225298,4816.551270515765,1340.0364907153416,laks,laks_A_0.75m_stille_001_s01.wav
0.030189620330929756,0.28551784486530407,2110.9058516903983,4839.0,707.0,11307.500452691598,39793.615473233964,8210.339139630614,1430.0267295959163,laks,laks_A_0.75m_stille_001_s02.wav
0.02165864035487175,0.24957809863116445,1739.495426984288,3377.0,229.0,8081.691065273476,14363.610757004311,1605.2940299875027,252.7838797705572,laks,laks_A_0.75m_stille_001_s03.wav
0.02392902784049511,0.2506406650415651,1910.0098489983257,3978.0,707.0,6514.364282240815,24587.72318088531,3996.1681018072204,478.1568577261356,laks,laks_A_0.75m_stille_001_s04.wav
0.014558129012584686,0.27432964560285017,2528.1645567370388,5423.0,707.0,2361.9811454871506,7101.770899266492,1068.2091426757156,508.83015604237966,laks,laks_A_0.75m_stille_001_s05.wav
0.017245016992092133,0.27045440340021254,2178.9182084011773,4834.0,223.0,4762.2523064423085,9590.63923663489,1950.4460831486103,478.0208197326084,laks,laks_A_0.75m_stille_001_s06.wav
0.017297131940722466,0.2532033252078255,2008.0562121779317,4719.0,224.0,5555.36532287296,12207.183122705477,1659.5039677660027,502.77878710056007,laks,laks_A_0.75m_stille_001_s07.wav
0.015021764673292637,0.24970310644415275,2296.5166938588004,5088.0,759.0,3414.5829349664255,7157.368447716918,826.1776058761087,524.632400895271,laks,laks_A_0.75m_stille_001_s08.wav
0.01395889651030302,0.26945434089630604,2201.271966021161,5146.0,229.0,2581.4646715264507,5763.714946024583,799.1136061473733,312.86161331341464,laks,laks_A_0.75m_stille_001_s09.wav
0.017856916412711143,0.2755172198262391,2382.1664404684425,5403.0,227.0,5520.071053357606,10410.574585529019,1299.4742443742168,864.7406211624484,laks,laks_A_0.75m_stille_001_s10.wav
0.025061827152967453,0.2237014813425839,2483.359995735685,5465.0,932.0,6187.384689390068,17324.580038829346,5182.371575836557,1407.65182364071,laks,laks_A_0.75m_tmlKlasse_001_s01.wav
0.030270488932728767,0.23876492280767547,2101.371836274135,4827.0,707.0,11459.11285508685,39885.870124659654,8228.880023928103,1434.3951666110715,laks,laks_A_0.75m_tmlKlasse_001_s02.wav
0.021823106333613396,0.19194949684355272,1722.6989768112567,3337.0,229.0,8381.985535919845,14387.248105836405,1616.5884976535249,256.59920001958744,laks,laks_A_0.75m_tmlKlasse_001_s03.wav
0.025802357122302055,0.12375773485842866,1824.0214825594821,3787.0,707.0,10045.85481709066,25322.286436027433,4067.7600360263646,577.6478526034491,laks,laks_A_0.75m_tmlKlasse_001_s04.wav
0.023955699056386948,0.1088193012063254,1994.5931767689517,4805.0,347.0,13759.803718837935,8655.811635543347,1212.465678374828,533.2242960318697,laks,laks_A_0.75m_tmlKlasse_001_s05.wav
0.01817307621240616,0.14275892243265204,2077.9153496068066,4618.0,222.0,5370.709611554433,9956.273698102505,1987.070482370486,488.0245115143001,laks,laks_A_0.75m_tmlKlasse_001_s06.wav
0.020449839532375336,0.13069566847927996,1882.414396594906,4217.0,337.0,9992.616218639847,13475.391608908358,1921.4305680702037,580.4290991305272,laks,laks_A_0.75m_tmlKlasse_001_s07.wav
0.016031784936785698,0.1668854303393962,2232.915656102691,5032.0,759.0,4728.027329360315,7255.8877937965335,855.361773678343,550.5376509780381,laks,laks_A_0.75m_tmlKlasse_001_s08.wav
0.014753053896129131,0.21457591099443715,2115.6506966235265,5018.0,229.0,3516.9025524078356,6193.763552524527,804.5475837320183,365.8559907967722,laks,laks_A_0.75m_tmlKlasse_001_s09.wav
0.019191626459360123,0.17351084442777673,2278.056444201914,5250.0,228.0,6474.486580912012,11076.626054855438,1310.1810039839459,877.5074648498031,laks,laks_A_0.75m_tmlKlasse_001_s10.wav
0.016799109056591988,0.2034502156384774,2685.7813762850024,5631.0,135.0,9842.56521177423,4320.9824870693765,1528.9054723842767,1715.7111242175442,laks,laks_A_1.5m_nygaard_001_s01.wav
0.01438275445252657,0.19744984061503845,2267.8566923775165,4985.0,246.0,7271.3403657086965,3988.9869196582126,1352.2865696305755,634.3131673236102,laks,laks_A_1.5m_nygaard_001_s02.wav
0.014750215224921703,0.1619476217263579,2363.3945548526826,5063.0,245.0,7147.241694999217,3583.5583348025884,1127.7562102014617,562.9467399475529,laks,laks_A_1.5m_nygaard_001_s03.wav
0.015404854901134968,0.15350959434964687,2348.4317343377024,4980.0,231.0,8539.000977343696,3921.675691418734,2199.888858289506,874.6005145201084,laks,laks_A_1.5m_nygaard_001_s04.wav
0.014371657744050026,0.16082255140946308,2146.619387766633,4994.0,469.0,7554.546595721475,2278.2801053448893,1498.9749165055202,386.2234546771692,laks,laks_A_1.5m_nygaard_001_s05.wav
0.012452256865799427,0.17594849678104882,2330.3692601927123,5053.0,230.0,3422.229494096302,2128.3557430019796,1014.6276989425579,401.6302934782627,laks,laks_A_1.5m_nygaard_001_s06.wav
0.013931984081864357,0.16719794987186698,2114.519315819068,5046.0,230.0,7433.749198237888,3487.999001488897,1756.8710364781764,503.71995199431615,laks,laks_A_1.5m_nygaard_001_s07.wav
0.011010932736098766,0.19838739921245077,2041.0817061979487,4928.0,228.0,4747.81848136958,2390.927125877452,881.5276173045655,230.3390339813591,laks,laks_A_1.5m_nygaard_001_s08.wav
0.012150371447205544,0.16419776236014752,2050.6231106316177,4668.0,228.0,2931.7043837830306,3223.8271092600744,1338.2011466674567,329.43372869348974,laks,laks_A_1.5m_nygaard_001_s09.wav
0.011743505485355854,0.1710106881680105,2367.2876289010946,5060.0,216.0,2670.002232159871,2355.1133592657725,816.0057454930441,428.0532346060275,laks,laks_A_1.5m_nygaard_001_s10.wav
0.01614261604845524,0.26626664166510405,2755.0247715066416,5717.0,136.0,8977.270304879923,4213.220870311816,1514.3093306963538,1705.6329549048094,laks,laks_A_1.5m_stille_001_s01.wav
0.013349263928830624,0.26270391899493717,2332.507716973996,5018.0,246.0,6149.552436646174,3744.261954935198,1315.492160279844,629.2072146271196,laks,laks_A_1.5m_stille_001_s02.wav
0.014002347365021706,0.2612663291455716,2464.177790333036,5118.0,245.0,6429.812968903967,3428.5688718582433,1124.0816958584057,557.2900640647564,laks,laks_A_1.5m_stille_001_s03.wav
0.01282294001430273,0.26257891118194887,2592.658611459891,5227.0,231.0,5676.3778700370685,2541.286187975448,1649.2853107708563,809.4976362316536,laks,laks_A_1.5m_stille_001_s04.wav
0.0131535017862916,0.24645290330645667,2252.301714203045,5049.0,468.0,6652.148662102067,2063.5104383497564,1465.998328519135,371.6488241439951,laks,laks_A_1.5m_stille_001_s05.wav
0.01098722591996193,0.26501656353522096,2469.7739279523244,5142.0,231.0,2389.01021286605,1923.4709111538443,988.7226745945559,388.47282871446464,laks,laks_A_1.5m_stille_001_s06.wav
0.013094344176352024,0.2513282080130008,2167.9034549661055,5092.0,230.0,6519.758394412811,3290.45903991234,1758.3993190935894,483.2737860357487,laks,laks_A_1.5m_stille_001_s07.wav
0.010757551528513432,0.25226576661041317,2056.222463575324,4941.0,229.0,4618.263370045726,2386.1726300200694,877.6806716514918,228.0995431979986,laks,laks_A_1.5m_stille_001_s08.wav
0.010215751826763153,0.2575785986624164,2115.1572415151613,4814.0,229.0,2339.656158606507,2336.6775913202664,1004.5859243659067,278.0775880148507,laks,laks_A_1.5m_stille_001_s09.wav
0.010058584623038769,0.2750171885742859,2542.135988915645,5178.0,217.0,1757.6329407893475,2251.6314130717956,780.3534012540341,420.641566178454,laks,laks_A_1.5m_stille_001_s10.wav
0.01804904267191887,0.1598224889055566,2586.3742511605788,5445.0,136.0,10063.051127187406,6388.106161740203,1527.4613482479667,1722.147246242935,laks,laks_A_1.5m_tmlKlasse_001_s01.wav
0.013617695309221745,0.20607537971123197,2297.3796081890587,5005.0,246.0,6387.458056882011,3779.7131148038393,1324.0203077234896,634.2151605136218,laks,laks_A_1.5m_tmlKlasse_001_s02.wav
0.016714932397007942,0.1773860866304144,2252.3040005183784,4993.0,245.0,8072.27926001756,4060.8843916733076,1160.8726112964202,568.667617193985,laks,laks_A_1.5m_tmlKlasse_001_s03.wav
0.014024849981069565,0.18201137571098194,2409.9401255717826,5088.0,231.0,6396.642899594217,3677.3399786676564,1701.008269671302,821.722796549415,laks,laks_A_1.5m_tmlKlasse_001_s04.wav
0.01614834927022457,0.13482092630789425,2000.667287644053,4854.0,468.0,9050.94805266145,3091.1534185723604,1614.1749436163298,404.4859945500499,laks,laks_A_1.5m_tmlKlasse_001_s05.wav
0.0194548349827528,0.12882055128445527,2085.490796384321,4877.0,398.0,11675.855016474126,2263.5963366785854,1048.9538565323471,442.4381280642122,laks,laks_A_1.5m_tmlKlasse_001_s06.wav
0.01831020787358284,0.15282205137821114,1983.3359077922794,4906.0,230.0,10461.319155077592,4727.534635760399,2050.1956898660287,514.0078447266154,laks,laks_A_1.5m_tmlKlasse_001_s07.wav
0.013281848281621933,0.15775985999124945,1972.464368579918,4857.0,229.0,5418.105181292501,2660.5016186473217,903.5160968193701,236.29384677129482,laks,laks_A_1.5m_tmlKlasse_001_s08.wav
0.012133610434830189,0.1922620163760235,2056.159477627022,4787.0,355.0,2910.9993297674114,2567.4009578223227,1011.8705616953637,282.30742167614846,laks,laks_A_1.5m_tmlKlasse_001_s09.wav
0.010500947944819927,0.2092630789424339,2434.6835517224445,5096.0,217.0,2168.044039425735,2353.8204164720323,786.8868635522715,431.2122158913223,laks,laks_A_1.5m_tmlKlasse_001_s10.wav
0.050241705030202866,0.2298268641790112,1372.1991577434026,2067.0,313.0,92408.82663819076,179344.7632421993,5310.669941727426,1029.9770017493245,laks,laks_C_0.75m_nygaard_001_s01.wav
0.03885623440146446,0.23670229389336833,1897.6053640960504,4790.0,633.0,28086.782967399715,111140.71093521596,3212.8862299541265,1841.0441201438953,laks,laks_C_0.75m_nygaard_001_s02.wav
0.034305740147829056,0.2508906806675417,2004.5788964985354,5151.0,302.0,42635.31647514315,68870.72679265037,2158.545323710673,1469.1184646483723,laks,laks_C_0.75m_nygaard_001_s03.wav
0.04033263400197029,0.23045190324395276,1770.9589503286743,4259.0,294.0,74431.23369446702,71800.4421502995,2385.9168534771816,974.3210200998908,laks,laks_C_0.75m_nygaard_001_s04.wav
0.03697039559483528,0.22463903993999626,1635.7915715885383,3313.0,285.0,55675.020123661,72749.66057662635,3629.1256648891417,788.2862185947923,laks,laks_C_0.75m_nygaard_001_s05.wav
0.03379762917757034,0.1979498718669917,1874.1032019277307,4710.0,285.0,38002.652880733796,58878.94156064313,2524.9975797918178,1057.9244334104328,laks,laks_C_0.75m_nygaard_001_s06.wav
0.03593083471059799,0.21713857116069754,1788.81448415974,4536.0,290.0,44472.94910186494,71457.8377770223,2863.322537874007,976.1184156275665,laks,laks_C_0.75m_nygaard_001_s07.wav
0.026855317875742912,0.24020251265704107,2322.1585656460843,5770.0,368.0,21377.049581727064,31130.808557767068,1930.8200592992143,1690.363309546988,laks,laks_C_0.75m_nygaard_001_s08.wav
0.029865974560379982,0.23851490718169885,2434.048083139076,5983.0,299.0,27666.098694453747,40296.07731280312,902.1540957728919,2219.3438392708317,laks,laks_C_0.75m_nygaard_001_s09.wav
0.048611026257276535,0.20695043440215014,1330.165152015548,2142.0,303.0,102809.4302883739,113738.58237946921,4536.955895310386,452.0306480088197,laks,laks_C_0.75m_nygaard_001_s10.wav
0.05020352452993393,0.27576723545221576,1371.8661509656451,2065.0,313.0,92467.26411354862,179429.9491488643,5317.639674697335,1023.6221486031508,laks,laks_C_0.75m_stille_001_s01.wav
0.038464028388261795,0.2911431964497781,1901.2314645778451,4818.0,645.0,27474.048851785898,110284.93693859616,3068.9254798175334,1825.577155322313,laks,laks_C_0.75m_stille_001_s02.wav
0.034196287393569946,0.30670666916682293,2007.5586841601687,5157.0,302.0,42434.61125022057,68903.29951700279,2146.76734469519,1464.079814782769,laks,laks_C_0.75m_stille_001_s03.wav
0.03992173820734024,0.2924557784861554,1777.5938868814,4325.0,294.0,73639.0926621058,71573.59215420015,2367.7242472913827,962.3596384249731,laks,laks_C_0.75m_stille_001_s04.wav
0.03666913881897926,0.27545471591974496,1638.4907253225422,3326.0,282.0,55241.12543553802,72329.46498710003,3575.4277871736176,779.2845476372864,laks,laks_C_0.75m_stille_001_s05.wav
0.032339178025722504,0.28926807925495346,1872.6662105806238,4752.0,285.0,36640.63863614165,59400.348813149234,2354.650759011208,1009.228405798543,laks,laks_C_0.75m_stille_001_s06.wav
0.035700056701898575,0.29295580973810864,1793.3256267021138,4550.0,290.0,44271.52436906194,71331.77395005032,2840.9857946676766,971.8539229979342,laks,laks_C_0.75m_stille_001_s07.wav
0.026552539318799973,0.3030814425901619,2330.807428580725,5776.0,368.0,21140.399602452962,30996.61037486612,1904.9997709629365,1679.6800550247417,laks,laks_C_0.75m_stille_001_s08.wav
0.029262719675898552,0.30439402462653914,2454.8615685847826,6026.0,299.0,26825.44939334986,40031.98800863522,850.3349762933178,2196.1974545483945,laks,laks_C_0.75m_stille_001_s09.wav
0.04848631098866463,0.24445277829864367,1331.1410857291346,2136.0,303.0,102370.09602833954,113487.08161212399,4514.887225127258,441.80757881011556,laks,laks_C_0.75m_stille_001_s10.wav
0.050233855843544006,0.240577536096006,1370.4155963626608,2065.0,313.0,92790.84650955081,179207.62072056538,5303.56257238787,1026.1072230263455,laks,laks_C_0.75m_tmlKlasse_001_s01.wav
0.03873264044523239,0.25482842677667356,1895.0428432708936,4800.0,646.0,28194.106889483268,110364.69424912483,3149.2142878910136,1835.2919407458196,laks,laks_C_0.75m_tmlKlasse_001_s02.wav
0.03504309803247452,0.21863866491655728,1985.9606791271983,5121.0,302.0,44350.39969707567,69453.71695803165,2212.314221925077,1476.0330988803908,laks,laks_C_0.75m_tmlKlasse_001_s03.wav
0.04052673652768135,0.24307769235577223,1763.7617543157683,4235.0,294.0,74981.41752286843,73370.6515189832,2410.708106066157,968.7960891269072,laks,laks_C_0.75m_tmlKlasse_001_s04.wav
0.03687268868088722,0.23570223138946184,1637.0309234497465,3317.0,282.0,55228.92512272243,72346.65437261587,3582.8456904806367,779.7170291531324,laks,laks_C_0.75m_tmlKlasse_001_s05.wav
0.03233105316758156,0.2871429464341521,1872.458739401902,4752.0,285.0,36585.16147221121,59349.66356337129,2356.644941158574,1011.1464099627418,laks,laks_C_0.75m_tmlKlasse_001_s06.wav
0.03575751557946205,0.2513282080130008,1791.7565959103035,4547.0,290.0,44397.131316544284,71314.36071937079,2847.603321732874,974.4420723188998,laks,laks_C_0.75m_tmlKlasse_001_s07.wav
0.027931254357099533,0.2139508719294956,2286.0874031000167,5733.0,626.0,23307.307867988315,32152.741519332754,1970.4777037498457,1720.265950859035,laks,laks_C_0.75m_tmlKlasse_001_s08.wav
0.029750611633062363,0.24589036814800924,2444.954351138959,6010.0,299.0,27702.945117669162,39970.06923358787,874.779875004532,2199.710204696752,laks,laks_C_0.75m_tmlKlasse_001_s09.wav
0.04908401519060135,0.17694855928495531,1328.8831949210323,2137.0,303.0,103861.73761203939,114453.8643371052,4481.028474591167,445.8509882425345,laks,laks_C_0.75m_tmlKlasse_001_s10.wav
0.0425541065633297,0.2292643290205638,1593.423007114091,2797.0,726.0,38415.76629539008,149317.27141173807,3484.5863294050123,1002.1014623932201,laks,laks_C_1.5m_nygaard_001_s01.wav
0.03260551765561104,0.1976373523345209,1494.2812193902787,2336.0,725.0,26455.48769237926,88193.56661301077,2629.7624605921537,475.35190096403517,laks,laks_C_1.5m_nygaard_001_s02.wav
0.03238736465573311,0.2108256766047878,1490.1608701196694,2416.0,725.0,31359.51385118188,75807.16626114691,4184.81519396245,402.70149435207213,laks,laks_C_1.5m_nygaard_001_s03.wav
0.029696425423026085,0.2267016688543034,1283.4031438487093,1699.0,191.0,43563.48825176031,48862.37474787938,1825.0134958078488,213.8870546805778,laks,laks_C_1.5m_nygaard_001_s04.wav
0.032571498304605484,0.24395274704669043,1381.5647330307945,1927.0,305.0,40441.32889460733,76905.05559417198,3070.336191905335,391.0120746888875,laks,laks_C_1.5m_nygaard_001_s05.wav
0.029915262013673782,0.23970248140508782,1466.024715542304,2327.0,727.0,30591.015697560484,65528.212153302266,2153.02250778784,383.8232827557698,laks,laks_C_1.5m_nygaard_001_s06.wav
0.031230082735419273,0.20395024689043065,1491.3465389860964,2241.0,738.0,24926.64360239875,68878.02170340328,16537.548055533516,477.77658615194383,laks,laks_C_1.5m_nygaard_001_s07.wav
0.023137087002396584,0.20107506719169949,1408.6873550963533,2205.0,257.0,20442.252503649986,32872.119798852786,2251.0561505397077,241.07872352309047,laks,laks_C_1.5m_nygaard_001_s08.wav
0.023577094078063965,0.22857678604912807,1556.2236390356272,2797.0,190.0,28243.620478027533,24517.750135377384,5421.591480272651,366.34043554683046,laks,laks_C_1.5m_nygaard_001_s09.wav
0.031126396730542183,0.1922620163760235,1475.981313695035,2263.0,356.0,34621.404135122175,62740.745419932246,4586.781155724903,392.7781234665285,laks,laks_C_1.5m_nygaard_001_s10.wav
0.042065635323524475,0.29970623163947746,1592.6709680115152,2793.0,726.0,37240.838793386254,148573.07765774685,3469.6204538343936,985.457971925301,laks,laks_C_1.5m_stille_001_s01.wav
0.032173044979572296,0.2458278642415151,1496.5791551624081,2343.0,725.0,25847.497553456757,87735.08838572768,2585.3533511187975,471.72658047579,laks,laks_C_1.5m_stille_001_s02.wav
0.03184372931718826,0.28983061441340086,1496.9922578138235,2418.0,725.0,30950.286519363483,74551.4277511705,4157.063189024594,388.85713910555097,laks,laks_C_1.5m_stille_001_s03.wav
0.02954874187707901,0.26926682917682354,1283.5903326392415,1695.0,191.0,43067.64062227703,48752.012621520524,1812.445526116582,210.4842336328143,laks,laks_C_1.5m_stille_001_s04.wav
0.03251751884818077,0.2697668604287768,1379.8699727596456,1917.0,305.0,40548.20753783001,76760.17655492222,3046.326799986852,384.99457954406296,laks,laks_C_1.5m_stille_001_s05.wav
0.029503313824534416,0.2813925870366898,1468.1513426572185,2216.0,727.0,29586.316904533312,65329.10531711566,2095.790209726584,362.74252031607904,laks,laks_C_1.5m_stille_001_s06.wav
0.030399639159440994,0.26095380961310083,1470.450544028843,2072.0,738.0,24696.729817855397,66304.9920790543,16273.078107988102,409.4856325291763,laks,laks_C_1.5m_stille_001_s07.wav
0.023035559803247452,0.2356397274829677,1402.5348329925837,2150.0,257.0,20478.32944676403,32912.5008409814,2236.9823567378603,232.93078536515893,laks,laks_C_1.5m_stille_001_s08.wav
0.02334785833954811,0.2629539346209138,1556.9351347940453,2769.0,190.0,27554.462252495,24538.603654995368,5423.870896655441,360.3585275899635,laks,laks_C_1.5m_stille_001_s09.wav
0.03027704730629921,0.2682042627664229,1458.0031357766459,2053.0,356.0,34823.69712311024,61678.13524948183,4336.633950694047,336.72942003227973,laks,laks_C_1.5m_stille_001_s10.wav
0.04265264421701431,0.2558909931870742,1576.7851135141846,2764.0,726.0,41204.55959122958,149039.17540911466,3420.9191525137585,992.6710317564169,laks,laks_C_1.5m_tmlKlasse_001_s01.wav
0.03229143097996712,0.21213825864116506,1496.008952060541,2347.0,725.0,26013.485424998304,87762.59035463154,2593.091994465656,474.3730218601392,laks,laks_C_1.5m_tmlKlasse_001_s02.wav
0.032818328589200974,0.18751171948246764,1485.2986448054978,2401.0,725.0,31639.407238746015,76752.05301050654,4177.426720392556,401.40542246230564,laks,laks_C_1.5m_tmlKlasse_001_s03.wav
0.029780063778162003,0.22138883680230015,1281.0396234605157,1697.0,191.0,43628.04933298695,48792.483441489116,1810.9180210165594,215.93337946754357,laks,laks_C_1.5m_tmlKlasse_001_s04.wav
0.0330788716673851,0.19788736796049752,1371.4942366900116,1906.0,305.0,41473.92389301877,77723.0153756314,3069.463783405567,388.19566105800226,laks,laks_C_1.5m_tmlKlasse_001_s05.wav
0.03120402991771698,0.20801300081255078,1457.1443351937812,2275.0,728.0,32352.857281101504,67046.01639564318,2190.1901248792747,389.42431372233057,laks,laks_C_1.5m_tmlKlasse_001_s06.wav
0.030489657074213028,0.23870241890118132,1470.583718567364,2080.0,738.0,24935.12243854659,66258.18095791945,16273.465682527922,414.46438509528434,laks,laks_C_1.5m_tmlKlasse_001_s07.wav
0.02308693341910839,0.22020126257891118,1403.1684658484587,2159.0,257.0,20498.45845624389,32975.65960350615,2241.466720505111,234.7895025564188,laks,laks_C_1.5m_tmlKlasse_001_s08.wav
0.023949995636940002,0.19232452028251765,1553.5559725328317,2769.0,190.0,28344.14578549571,24565.416101451745,5431.502267222307,363.4210367491448,laks,laks_C_1.5m_tmlKlasse_001_s09.wav
0.030786842107772827,0.23476467279204952,1449.938568441616,2050.0,356.0,36625.15529858148,61871.09172536754,4357.400619654833,341.2875039702655,laks,laks_C_1.5m_tmlKlasse_001_s10.wav
0.031353674829006195,0.19207450465654102,2065.436109825392,4602.0,754.0,8141.478015576176,47547.278314646304,4480.8276423850575,1057.9180053554007,laks,laks_J_0.75m_nygaard_001_s01.wav
0.019528508186340332,0.19632477029814363,2422.647613049471,5974.0,791.0,1972.1903056596025,19107.842454482045,1886.8052404255654,618.8497093850672,laks,laks_J_0.75m_nygaard_001_s02.wav
0.02043250761926174,0.1795112194512157,2057.1737917717014,4574.0,778.0,3225.027302819565,17237.026673382483,1081.6422187410494,530.4692852043529,laks,laks_J_0.75m_nygaard_001_s03.wav
0.0213080495595932,0.19276204762797675,2376.0734385360556,5666.0,826.0,2402.4342369339365,18677.576316053706,805.0039800264697,730.2268120758629,laks,laks_J_0.75m_nygaard_001_s04.wav
0.01360293012112379,0.21151321957622352,2854.7764744285305,6546.0,251.0,2246.279679288583,6128.826001988913,527.9639556597565,699.1923590762129,laks,laks_J_0.75m_nygaard_001_s05.wav
0.03019613027572632,0.18844927807988,1718.8804934367042,3281.0,741.0,4369.848079863027,57614.127200402945,2077.1444780679294,721.1829721375565,laks,laks_J_0.75m_nygaard_001_s06.wav
0.026290491223335266,0.20888805550346898,1843.903152322693,3679.0,825.0,4508.579366650508,34777.949878994405,1535.234978027878,736.1325561813305,laks,laks_J_0.75m_nygaard_001_s07.wav
0.018404942005872726,0.2288268016751047,2248.50392239981,4956.0,754.0,1713.9545883755368,9893.113567911652,1180.6316168547435,501.444919089135,laks,laks_J_0.75m_nygaard_001_s08.wav
0.024159202352166176,0.18032377023563972,2023.3187915512337,4273.0,782.0,4756.39667577252,30123.275618072832,1554.8111532963824,410.5674917169148,laks,laks_J_0.75m_nygaard_001_s09.wav
0.023677706718444824,0.19813738358647415,1872.8313873522145,3542.0,788.0,2981.284552438522,35211.12342278538,1639.8486291750164,1657.8016496888465,laks,laks_J_0.75m_nygaard_001_s10.wav
0.031312767416238785,0.20120007500468778,2067.7861833134666,4612.0,755.0,8141.354235539665,47432.708957090086,4478.141167509623,1055.9776786418397,laks,laks_J_0.75m_stille_001_s01.wav
0.018981749191880226,0.2554534658416151,2452.8612004378833,6056.0,790.0,1418.2467473945476,19070.780539136,1790.0213487553071,604.6433401146459,laks,laks_J_0.75m_stille_001_s02.wav
0.020035602152347565,0.23070191886992938,2072.5909085098706,4628.0,778.0,2712.2631591238523,17121.44678717184,1045.191014364831,511.00372208075424,laks,laks_J_0.75m_stille_001_s03.wav
0.02065141126513481,0.25626601662603915,2433.030732530359,5848.0,826.0,1841.0553873232557,17873.274438098488,736.9167754913328,712.9992370183353,laks,laks_J_0.75m_stille_001_s04.wav
0.012699936516582966,0.27732983311456966,2976.1481517608227,6674.0,630.0,1412.3067050465347,5775.1177698846395,358.08778102069425,650.4074721336406,laks,laks_J_0.75m_stille_001_s05.wav
0.02997678704559803,0.2394524657791112,1726.4941355218227,3285.0,741.0,3882.149713630773,57558.76824831806,2046.3880967750658,711.8594380542623,laks,laks_J_0.75m_stille_001_s06.wav
0.025945136323571205,0.24351521970123133,1849.3192676575693,3685.0,825.0,3765.793058072225,34155.94714930712,1458.0867859088432,706.1805556365687,laks,laks_J_0.75m_stille_001_s07.wav
0.01820853352546692,0.27057941121320084,2288.6831309138024,5070.0,754.0,1295.6849389950216,9877.330797872271,1172.717111332824,492.797291687296,laks,laks_J_0.75m_stille_001_s08.wav
0.023308411240577698,0.2507656728545534,2105.8990777681183,4702.0,782.0,2013.1364714854474,29908.457259729777,1425.676432565619,378.2726880854474,laks,laks_J_0.75m_stille_001_s09.wav
0.023602237924933434,0.23963997749859367,1876.5439635188677,3542.0,788.0,2807.6099685934364,35302.06955056352,1636.1385019084512,1663.0267941928996,laks,laks_J_0.75m_stille_001_s10.wav
0.03140326961874962,0.19501218826176636,2065.1367972694093,4582.0,755.0,8267.018094206418,47453.61613431936,4498.349691523538,1064.5360818399304,laks,laks_J_0.75m_tmlKlasse_001_s01.wav
0.019219281151890755,0.23176448528033003,2437.017210320833,6025.0,790.0,1571.6829357337651,19122.237274418163,1793.7415612043774,606.3997932124693,laks,laks_J_0.75m_tmlKlasse_001_s02.wav
0.0201287679374218,0.20351271954497155,2065.8792405195904,4619.0,778.0,2858.1495222834333,17140.4556436927,1050.3433997891009,513.3693428384647,laks,laks_J_0.75m_tmlKlasse_001_s03.wav
0.02084687165915966,0.22807675479717482,2412.8263007976448,5824.0,826.0,2046.7242938887694,18094.608547248834,741.0429661815995,718.9588964055247,laks,laks_J_0.75m_tmlKlasse_001_s04.wav
0.012823951430618763,0.25326582911431966,2946.4185341546063,6653.0,630.0,1575.1849106746172,5795.035998369633,360.43915133089155,649.6628836066336,laks,laks_J_0.75m_tmlKlasse_001_s05.wav
0.02999437227845192,0.23607725482842679,1725.359773463085,3285.0,741.0,3924.548832452062,57563.10147804558,2046.228724079008,712.5907330088228,laks,laks_J_0.75m_tmlKlasse_001_s06.wav
0.026040198281407356,0.2071379461216326,1844.699417571273,3685.0,825.0,4005.2644101987544,34196.38588938394,1467.6575850833278,724.9767565174386,laks,laks_J_0.75m_tmlKlasse_001_s07.wav
0.01876123435795307,0.19338708669291832,2229.0236177166125,4902.0,754.0,1854.3221489070525,9963.693804038463,1199.9230126631655,500.6858183167685,laks,laks_J_0.75m_tmlKlasse_001_s08.wav
0.02580305188894272,0.14482155134695918,1948.0939373472795,3949.0,782.0,6970.49384211977,33282.79622502852,1599.3916692151142,429.0886281272899,laks,laks_J_0.75m_tmlKlasse_001_s09.wav
0.02417106367647648,0.18638664916557285,1851.2861413178516,3531.0,788.0,3580.184035461171,35543.40696029311,1642.5461006689272,1679.0755825263734,laks,laks_J_0.75m_tmlKlasse_001_s10.wav
0.025323331356048584,0.22620163760235015,1861.8914172291559,3945.0,1422.0,11759.657869448774,30815.081621186193,9200.992158705598,699.820414642842,laks,laks_J_1.5m_nygaard_001_s01.wav
0.022764742374420166,0.17919869991874493,1451.9710904823767,2022.0,758.0,6650.09064125332,32450.947882288718,4493.699589227319,103.25583333471216,laks,laks_J_1.5m_nygaard_001_s02.wav
0.029043199494481087,0.1551346959184949,1518.46021551628,1980.0,1420.0,6702.517319102484,41053.95279737728,7651.079059067049,107.97827034664911,laks,laks_J_1.5m_nygaard_001_s03.wav
0.020583415403962135,0.21051315707231702,1584.6022452521618,2525.0,1423.0,4616.168392278783,23721.507725942232,6099.26188696091,230.28672909234285,laks,laks_J_1.5m_nygaard_001_s04.wav
0.02060903236269951,0.17201075067191698,1664.4331428043422,2860.0,747.0,4087.2421100400725,17526.9066871268,3438.0814558762404,145.01703436364403,laks,laks_J_1.5m_nygaard_001_s05.wav
0.030136466026306152,0.1703231451965748,1516.6185628443386,2672.0,708.0,12746.031274866064,52697.18817168692,2531.2645574379244,341.310183181105,laks,laks_J_1.5m_nygaard_001_s06.wav
0.021936196833848953,0.1834489655603475,1678.9097900362078,3074.0,562.0,8232.70428885195,27666.648371359297,3135.0550562321027,189.20937710200542,laks,laks_J_1.5m_nygaard_001_s07.wav
0.020062878727912903,0.17757359834989686,1450.3203796990028,2133.0,748.0,3910.0843102214985,18292.335349941994,1474.3019293075565,75.79678232280645,laks,laks_J_1.5m_nygaard_001_s08.wav
0.022465217858552933,0.1655103443965248,1364.57930818956,1965.0,717.0,9791.96070829193,29352.04358335576,2638.982977633071,97.35411744749021,laks,laks_J_1.5m_nygaard_001_s09.wav
0.020870288833975792,0.19532470779423713,1596.1519464027087,2538.0,724.0,6444.206457115919,23354.10475320721,2887.4494367546886,116.89520788449829,laks,laks_J_1.5m_nygaard_001_s10.wav
0.02512909658253193,0.2785799112444528,1867.8571443297333,4010.0,1422.0,11433.34481493153,30720.992647264888,9186.208925475965,691.7486659280015,laks,laks_J_1.5m_stille_001_s01.wav
0.02244727499783039,0.26257891118194887,1454.7916634575781,2017.0,758.0,6140.143594317713,32268.287910136263,4471.202101157798,96.61729985870943,laks,laks_J_1.5m_stille_001_s02.wav
0.028338050469756126,0.2735795987249203,1554.5963437630448,1994.0,1420.0,4622.967091612646,40806.20200055545,7663.195099796422,98.78886740840719,laks,laks_J_1.5m_stille_001_s03.wav
0.020465677604079247,0.250203137696106,1582.4070684243713,2505.0,762.0,4485.968320264348,23654.35745753505,6082.0225990368135,226.39453861751014,laks,laks_J_1.5m_stille_001_s04.wav
0.019593164324760437,0.25720357522345144,1669.095293233296,2709.0,747.0,3399.0020589040555,16857.699297860207,3348.4482625962,117.00086914786037,laks,laks_J_1.5m_stille_001_s05.wav
0.029777321964502335,0.25326582911431966,1523.7308855562073,2660.0,707.0,12239.585318648147,52295.352675252914,2481.8107791749017,327.92382540821154,laks,laks_J_1.5m_stille_001_s06.wav
0.02112852782011032,0.2733295830989437,1658.1099059836074,2755.0,561.0,7890.819017288755,26986.367940833246,2947.3543686343,136.52694975130143,laks,laks_J_1.5m_stille_001_s07.wav
0.019921181723475456,0.2330770673167073,1451.7858177657079,2123.0,748.0,3683.6657561389698,18384.28542499969,1468.0316877212172,72.31275086977853,laks,laks_J_1.5m_stille_001_s08.wav
0.02211121656000614,0.23813988374273393,1358.688786519491,1935.0,717.0,9214.109104104595,28989.693388573083,2594.8156519121017,90.62598427484185,laks,laks_J_1.5m_stille_001_s09.wav
0.02030111290514469,0.2755172198262391,1603.9896254419546,2514.0,724.0,5489.215143486896,23152.128475290643,2874.7836316442535,109.36745590517253,laks,laks_J_1.5m_stille_001_s10.wav
0.027368711307644844,0.13800862553909618,1827.409902604583,3695.0,341.0,15705.23432701065,31845.844584758794,9427.633131445025,776.170708222576,laks,laks_J_1.5m_tmlKlasse_001_s01.wav
0.022527474910020828,0.22020126257891118,1458.716874692895,2022.0,758.0,6209.857983979464,32243.94114819532,4474.027310104949,100.50043431945493,laks,laks_J_1.5m_tmlKlasse_001_s02.wav
0.028805440291762352,0.17251078192387023,1541.5611700186573,1984.0,1420.0,5239.733494297832,40796.47295776158,7711.907137774764,100.43356688858603,laks,laks_J_1.5m_tmlKlasse_001_s03.wav
0.021567193791270256,0.16857303581473843,1542.098108335612,2418.0,639.0,5921.090008630828,25098.53290666197,6104.223186917307,238.12448137892596,laks,laks_J_1.5m_tmlKlasse_001_s04.wav
0.02043924666941166,0.1716982311394462,1645.0403616365993,2706.0,747.0,4288.57201414214,17098.594198782674,3358.961902139903,129.15149585635587,laks,laks_J_1.5m_tmlKlasse_001_s05.wav
0.031102653592824936,0.14757172323270204,1509.6083941252034,2622.0,707.0,12979.90367025268,53744.23980096882,2531.6540173517465,332.4843475287489,laks,laks_J_1.5m_tmlKlasse_001_s06.wav
0.02140323631465435,0.19826239139946247,1647.4598088843993,2747.0,562.0,8021.083602003626,27246.045426194047,2933.4468313023426,139.3036223316322,laks,laks_J_1.5m_tmlKlasse_001_s07.wav
0.020086707547307014,0.18313644602787674,1446.2550959164487,2125.0,748.0,3956.3948041438794,18381.834891330924,1470.8750831432255,74.35429331129322,laks,laks_J_1.5m_tmlKlasse_001_s08.wav
0.022673137485980988,0.14038377398587412,1363.350554829638,2029.0,717.0,10044.147299545228,29573.710828619434,2650.237942690632,114.48752603522314,laks,laks_J_1.5m_tmlKlasse_001_s09.wav
0.021285656839609146,0.1677604850303144,1602.2869850259294,2641.0,725.0,6823.9698859168275,23718.416334375477,3120.7108329821626,150.7731137436968,laks,laks_J_1.5m_tmlKlasse_001_s10.wav
0.02552233450114727,0.12625789111819488,1239.78065661124,2716.0,284.0,34306.99117415758,1049.9744996659072,479.4000316063319,139.10135598942796,ulv,ulv_A_0.75m_nygaard_001_s01.wav
0.02313590794801712,0.11500718794924683,1208.4139519056398,2587.0,395.0,26749.380090838356,787.9516834180803,202.8458358396167,42.267333825078516,ulv,ulv_A_0.75m_nygaard_001_s02.wav
0.021520525217056274,0.11538221138821177,1171.2067114877846,2420.0,396.0,22513.54581187749,547.4086511820647,174.2029408454216,35.13410230349729,ulv,ulv_A_0.75m_nygaard_001_s03.wav
0.017467303201556206,0.09119319957497343,1281.0192394566095,2948.0,394.0,15099.799716119096,383.0212128614909,133.25710185019105,52.17075451354745,ulv,ulv_A_0.75m_nygaard_001_s04.wav
0.019461311399936676,0.10463153947121695,1205.9087655372748,2604.0,397.0,18871.69580541895,552.3245096060958,164.7685494500734,52.117703360871204,ulv,ulv_A_0.75m_nygaard_001_s05.wav
0.015437331981956959,0.12569535595974748,1308.0650055122576,2937.0,231.0,13796.812645108701,360.67306860559,201.78085908069215,46.43191900527778,ulv,ulv_A_0.75m_nygaard_001_s06.wav
0.01678127609193325,0.1280705044065254,1119.9025692362588,2274.0,394.0,14610.131585168954,356.9309506992767,96.5493402925198,29.414794223360126,ulv,ulv_A_0.75m_nygaard_001_s07.wav
0.015714142471551895,0.1251328208013001,1205.8656651204535,2505.0,230.0,13071.611836574579,804.5370487475393,104.2435979306423,34.1084750194412,ulv,ulv_A_0.75m_nygaard_001_s08.wav
0.02002502977848053,0.09313082067629226,1132.6603581087668,2290.0,396.0,23447.160888499493,1118.1574524057055,274.94812047980326,55.20828953005407,ulv,ulv_A_0.75m_nygaard_001_s09.wav
0.015811994671821594,0.09500593787111694,1277.5217482738415,2970.0,230.0,14391.747400764963,614.9186947999501,155.75298060335012,77.85472951697108,ulv,ulv_A_0.75m_nygaard_001_s10.wav
0.0252702459692955,0.17576098506156634,1176.1508024406178,2648.0,284.0,33767.49864522152,862.2020597595597,440.3400516949537,124.06812160371172,ulv,ulv_A_0.75m_stille_001_s01.wav
0.022890888154506683,0.19151196949809363,1193.8442328899916,2501.0,395.0,26510.298499010314,617.0491995404341,184.51026972432757,33.41277322776602,ulv,ulv_A_0.75m_stille_001_s02.wav
0.02129439264535904,0.17494843427714232,1165.4572506624193,2404.0,397.0,22012.833564365745,520.7899017432615,170.3586554928868,32.651531439832326,ulv,ulv_A_0.75m_stille_001_s03.wav
0.01696607656776905,0.19094943433964623,1279.401676657314,2991.0,394.0,14349.030362234911,276.69223415180966,119.00097729961912,46.87307841394479,ulv,ulv_A_0.75m_stille_001_s04.wav
0.01905404031276703,0.17507344209013062,1155.0101889234024,2422.0,397.0,18773.11578528116,446.002773469041,139.7088752863234,43.392211938884465,ulv,ulv_A_0.75m_stille_001_s05.wav
0.014918412081897259,0.18469904369023063,1220.724340505062,2412.0,231.0,13461.671027362925,289.2878374789742,176.91254427474075,23.022120582849908,ulv,ulv_A_0.75m_stille_001_s06.wav
0.01666758768260479,0.17194824676542284,1066.651073302595,1911.0,394.0,14547.339446491027,338.4742159466656,86.81794793457867,23.037882899660232,ulv,ulv_A_0.75m_stille_001_s07.wav
0.015301880426704884,0.18082380148759297,1139.762659073047,2205.0,230.0,12625.25579184876,466.1688337397153,71.65712680844538,22.528491140707743,ulv,ulv_A_0.75m_stille_001_s08.wav
0.01939130201935768,0.16538533658353646,1050.529222805914,1836.0,396.0,22769.691106550395,635.549345110821,212.72017134342582,33.60811987745197,ulv,ulv_A_0.75m_stille_001_s09.wav
0.014633344486355782,0.1896993562097631,1098.2738870145747,2215.0,228.0,13259.14735248435,459.67174525745577,92.6624372027619,25.713701872989837,ulv,ulv_A_0.75m_stille_001_s10.wav
0.025288397446274757,0.16276017251078193,1188.644400328996,2672.0,284.0,33787.576722753955,861.5537615056433,442.3721737447365,126.98718101590312,ulv,ulv_A_0.75m_tmlKlasse_001_s01.wav
0.02498151920735836,0.11469466841677604,1345.1530716270565,2950.0,394.0,27867.58711722869,2520.5434534688734,256.87383101588114,86.69510327329705,ulv,ulv_A_0.75m_tmlKlasse_001_s02.wav
0.02182713709771633,0.07994249640602538,1156.0504946251551,2393.0,397.0,22973.858663150502,555.680114835598,176.32121800749144,37.91586832989635,ulv,ulv_A_0.75m_tmlKlasse_001_s03.wav
0.01804231107234955,0.12069504344021502,1254.6760917433019,2833.0,395.0,15202.741125660392,601.5963336226557,150.25262955992613,58.35981870050516,ulv,ulv_A_0.75m_tmlKlasse_001_s04.wav
0.01902410015463829,0.15407212950809426,1173.2332745050212,2479.0,398.0,18687.05344595737,453.4705417366696,142.0367128911447,45.46203973037909,ulv,ulv_A_0.75m_tmlKlasse_001_s05.wav
0.015798592939972878,0.09556847302956435,1196.147795523332,2385.0,231.0,14278.146719772136,660.4487622439588,202.25589339411616,34.43603045259121,ulv,ulv_A_0.75m_tmlKlasse_001_s06.wav
0.01755020022392273,0.09206825426589162,1063.532763649925,1901.0,393.0,15479.099081789282,671.7996853415768,96.58938015026673,27.45190137461546,ulv,ulv_A_0.75m_tmlKlasse_001_s07.wav
0.016718238592147827,0.0834427151696981,1105.1399688861327,2113.0,229.0,15759.6984482289,1013.2506550882395,102.9009192943934,33.31902397052875,ulv,ulv_A_0.75m_tmlKlasse_001_s08.wav
0.023757871240377426,0.10163135195949746,1119.3066422968325,2294.0,396.0,24143.742539642408,1550.8626356546667,333.5685120454234,69.46967929784675,ulv,ulv_A_0.75m_tmlKlasse_001_s09.wav
0.015758251771330833,0.08700543783986499,1094.6986861619064,2153.0,230.0,14131.159738795148,682.5861399873113,100.0629059307445,28.63618763191144,ulv,ulv_A_0.75m_tmlKlasse_001_s10.wav
0.03572981059551239,0.11375710981936371,1017.7312299041558,1882.0,154.0,76154.46611158835,2557.1662098072684,612.0123783697245,94.234067992122,ulv,ulv_A_1.5m_nygaard_001_s01.wav
0.024378828704357147,0.10431901993874618,957.2359009162612,1682.0,259.0,37664.50843998529,710.8331075786604,173.7283586658388,37.73791593362228,ulv,ulv_A_1.5m_nygaard_001_s02.wav
0.03245440125465393,0.07825489093068316,1006.775487008915,2235.0,414.0,74506.49036602167,2004.0155102736726,742.3631945304124,114.08130373274436,ulv,ulv_A_1.5m_nygaard_001_s03.wav
0.026131214573979378,0.13000812550784424,1125.0680372289733,2274.0,278.0,41655.67239998782,508.92408307283773,179.7377246407972,30.556038101311,ulv,ulv_A_1.5m_nygaard_001_s04.wav
0.01899334043264389,0.10338146134133383,1189.1711807539,2432.0,258.0,21417.17046899518,348.50014015777793,173.38264934210147,27.615523729126988,ulv,ulv_A_1.5m_nygaard_001_s05.wav
0.016118304803967476,0.12500781298831176,1276.5937948603416,2864.0,135.0,15767.676113130357,340.1620410402009,79.38327305966831,28.676045514058043,ulv,ulv_A_1.5m_nygaard_001_s06.wav
0.02208804339170456,0.09581848865554098,1305.3139831270512,2889.0,258.0,28245.44122135588,2105.266246999197,764.1778519451017,197.9628757991816,ulv,ulv_A_1.5m_nygaard_001_s07.wav
0.0215106513351202,0.09019313707106694,964.6717552330642,1670.0,136.0,32749.065233070593,536.3795428517295,129.38313415985795,47.72275957658782,ulv,ulv_A_1.5m_nygaard_001_s08.wav
0.015343569219112396,0.08794299643727733,1257.9897636806015,2707.0,260.0,13729.57752089424,683.7259828598445,119.64656404493331,32.14865440981479,ulv,ulv_A_1.5m_nygaard_001_s09.wav
0.015112008899450302,0.12725795362210138,1513.4164337523657,3126.0,259.0,12523.288549609455,269.50673547614247,373.9217840731855,59.749729698692214,ulv,ulv_A_1.5m_nygaard_001_s10.wav
0.03468797728419304,0.16126007875492218,890.0829248828129,1537.0,154.0,74622.94219779124,469.9493201743088,230.33332152880558,35.20910532770651,ulv,ulv_A_1.5m_stille_001_s01.wav
0.024127492681145668,0.15850990686917932,893.4457914981147,1542.0,259.0,37528.01965226823,422.51128708182614,105.23825766146486,26.676901404169868,ulv,ulv_A_1.5m_stille_001_s02.wav
0.0314999483525753,0.10844427776736046,806.2164025899663,1415.0,414.0,72827.65856695367,629.4488416167419,207.0584015944252,38.38195864510509,ulv,ulv_A_1.5m_stille_001_s03.wav
0.025945695117115974,0.1838864929058066,1094.2893433879262,2054.0,278.0,41368.212849673044,389.4364127386847,157.72480089833456,24.079290365168312,ulv,ulv_A_1.5m_stille_001_s04.wav
0.018343182280659676,0.17007312957059817,1188.0916631921846,2432.0,258.0,20243.58620500673,274.81721796985903,136.35369531559496,22.189308821400406,ulv,ulv_A_1.5m_stille_001_s05.wav
0.01592501811683178,0.1657603600225014,1250.3432531449382,2789.0,135.0,15487.408305982393,292.51036044249025,68.670855463762,24.495332600447703,ulv,ulv_A_1.5m_stille_001_s06.wav
0.01956949383020401,0.1776986061628852,994.6470902441978,1645.0,258.0,25355.399168508553,247.16160011898694,44.95151880436889,30.171781539331914,ulv,ulv_A_1.5m_stille_001_s07.wav
0.02096998505294323,0.15294705919119944,920.6973354266548,1554.0,136.0,32252.958949699798,334.4979543458691,111.5314071476979,38.63365361241768,ulv,ulv_A_1.5m_stille_001_s08.wav
0.014384710229933262,0.1698856178511157,1274.3959818986953,2975.0,260.0,13023.155278263717,163.88366428115341,78.66258545371394,23.499764591061776,ulv,ulv_A_1.5m_stille_001_s09.wav
0.014680569991469383,0.19444965310331896,1281.353121616752,2913.0,259.0,12346.066213747894,175.3645063262784,52.43737220774483,20.74770915676303,ulv,ulv_A_1.5m_stille_001_s10.wav
0.034852687269449234,0.10481905119069942,913.7893797628369,1567.0,154.0,74657.90514391447,471.19814313417464,232.4501670684105,41.55538540915027,ulv,ulv_A_1.5m_tmlKlasse_001_s01.wav
0.02451596036553383,0.1051315707231702,911.3248314314695,1581.0,259.0,37952.29237431791,468.2250475448128,109.4221480090849,30.3424202934026,ulv,ulv_A_1.5m_tmlKlasse_001_s02.wav
0.03346477448940277,0.07944246515407213,909.2038941269343,1777.0,414.0,74191.88131957478,3174.5243458766295,777.0784381880507,76.4677931733298,ulv,ulv_A_1.5m_tmlKlasse_001_s03.wav
0.025969630107283592,0.12544534033377086,1111.6808257938333,2134.0,278.0,41305.42246894448,438.09653586771117,160.7648912310734,26.225424485674445,ulv,ulv_A_1.5m_tmlKlasse_001_s04.wav
0.018692009150981903,0.11756984811550722,1171.5216354218353,2393.0,258.0,20943.622426135466,382.25489709863245,140.67726416324646,24.65719689738582,ulv,ulv_A_1.5m_tmlKlasse_001_s05.wav
0.021075326949357986,0.08744296518532409,1196.793485227666,2443.0,135.0,19698.987488511855,5017.898386048091,515.0677181042363,48.96707793422918,ulv,ulv_A_1.5m_tmlKlasse_001_s06.wav
0.01973571814596653,0.13069566847927996,1034.090836605866,1968.0,258.0,25566.448432064244,251.97337641049444,58.03675117885085,36.24824740025644,ulv,ulv_A_1.5m_tmlKlasse_001_s07.wav
0.021200863644480705,0.14219638727420464,929.8529599394653,1577.0,136.0,33442.782877021906,384.86738531967575,117.07297164936118,40.844163301713735,ulv,ulv_A_1.5m_tmlKlasse_001_s08.wav
0.01443890668451786,0.14950934433402088,1298.9986766303168,3072.0,260.0,13066.321054948909,170.53879983293075,81.80414304649544,26.040267474703427,ulv,ulv_A_1.5m_tmlKlasse_001_s09.wav
0.014706220477819443,0.1790736921057566,1296.8986446781387,2985.0,259.0,12393.76477567864,178.9697220167027,52.83082895606994,22.426626995188066,ulv,ulv_A_1.5m_tmlKlasse_001_s10.wav
0.052347734570503235,0.07712982061378836,998.8289155303053,1759.0,313.0,125222.85412553037,1886.5459099814605,179.4163433347942,37.16442194973592,ulv,ulv_C_0.75m_nygaard_001_s01.wav
0.043863192200660706,0.10988186761672604,1097.0718216210817,2060.0,312.0,87990.71221480404,865.6513095858257,91.37418071244973,31.138622161972258,ulv,ulv_C_0.75m_nygaard_001_s02.wav
0.05217529833316803,0.0923807737983624,873.1667826986263,1305.0,312.0,124773.55299596321,2475.2176877802335,94.66428944699865,28.36443012154904,ulv,ulv_C_0.75m_nygaard_001_s03.wav
0.06903166323900223,0.1008813050815676,992.5896663821615,1981.0,301.0,302433.9477267427,2028.1239058474546,323.21131375271443,59.73418239679981,ulv,ulv_C_0.75m_nygaard_001_s04.wav
0.0756981372833252,0.09250578161135072,984.5955147157047,1888.0,313.0,348380.1997173804,1389.08620995031,196.69989002038153,75.39307954807344,ulv,ulv_C_0.75m_nygaard_001_s05.wav
0.04028526321053505,0.11019438714919683,1075.7348617543926,2019.0,301.0,72141.42986693181,1503.189143906343,73.45595634526597,28.649194517069773,ulv,ulv_C_0.75m_nygaard_001_s06.wav
0.056915175169706345,0.11744484030251891,1033.6219665845456,1890.0,313.0,162228.37395540634,1367.8197523489312,104.37854525226305,32.11131205395076,ulv,ulv_C_0.75m_nygaard_001_s07.wav
0.048791319131851196,0.12019501218826177,985.1884806399041,1745.0,314.0,99807.17587121086,1222.1417020269278,122.67301954492065,32.02727954602833,ulv,ulv_C_0.75m_nygaard_001_s08.wav
0.0554729588329792,0.08569285580348772,972.5641980035938,1570.0,301.0,166774.55940230246,2068.6325769465093,95.10967714572263,41.23501065101354,ulv,ulv_C_0.75m_nygaard_001_s09.wav
0.04769135266542435,0.12200762547659229,992.8237013253239,1527.0,313.0,99986.867878856,1933.005625025653,78.63712037464366,28.705372690495956,ulv,ulv_C_0.75m_nygaard_001_s10.wav
0.051811303943395615,0.17701106319144946,966.7512686250309,1556.0,313.0,122671.5979037445,1218.9830897560341,123.50399880052845,19.32399645929688,ulv,ulv_C_0.75m_stille_001_s01.wav
0.043810274451971054,0.17638602412650792,1050.4572995509732,1880.0,312.0,87940.31109293984,735.2543972725671,78.54120702254497,19.906577707208147,ulv,ulv_C_0.75m_stille_001_s02.wav
0.051987309008836746,0.1721357584849053,876.054522999542,1296.0,312.0,123980.83851266817,2381.395372628336,89.0400396730916,24.891938854404586,ulv,ulv_C_0.75m_stille_001_s03.wav
0.06892812252044678,0.1344459028689293,955.7043495110842,1827.0,301.0,302717.21573053685,1321.4229676419075,273.7722873443698,46.499935534929,ulv,ulv_C_0.75m_stille_001_s04.wav
0.07541642338037491,0.1416963560222514,883.9340442584846,1347.0,313.0,346544.6551448607,1240.37591573977,132.72188239686247,26.47169851752259,ulv,ulv_C_0.75m_stille_001_s05.wav
0.04007735848426819,0.17338583661478843,1070.6837279404365,1937.0,301.0,71561.11314963132,1405.0393251106336,56.41012409338245,23.141803914750227,ulv,ulv_C_0.75m_stille_001_s06.wav
0.05596368759870529,0.1908244265266579,1017.0840219898171,1798.0,313.0,161778.32407770885,1166.7411492157066,78.03735471715198,24.010349369063427,ulv,ulv_C_0.75m_stille_001_s07.wav
0.04860152304172516,0.17776111006937934,958.9291310174201,1482.0,314.0,98811.88449961602,1153.8646508706054,87.8528782019852,20.992562253794603,ulv,ulv_C_0.75m_stille_001_s08.wav
0.055111709982156754,0.15038439902493905,930.5865673826564,1273.0,301.0,165738.37175226933,1667.2934956163176,50.85263855476759,25.395640186201913,ulv,ulv_C_0.75m_stille_001_s09.wav
0.047615792602300644,0.17026064129008062,937.4395281961221,1339.0,313.0,100310.9805672677,1837.0105478951934,59.44324990478494,18.49114994300472,ulv,ulv_C_0.75m_stille_001_s10.wav
0.05190779268741608,0.11763235202200137,970.1236263155843,1581.0,313.0,123104.5036190002,1297.7935392727975,130.8507979921573,21.504867611277852,ulv,ulv_C_0.75m_tmlKlasse_001_s01.wav
0.04384429380297661,0.11313207075442215,1049.7043864403258,1889.0,312.0,87924.41968665896,740.9881944748887,81.70279262608003,21.819388405134013,ulv,ulv_C_0.75m_tmlKlasse_001_s02.wav
0.05252787470817566,0.07575473467091694,904.0891769216021,1364.0,312.0,124151.64250933271,3675.2407767581303,135.0627869731198,46.12018137859642,ulv,ulv_C_0.75m_tmlKlasse_001_s03.wav
0.06925065070390701,0.08394274642165135,990.8833278169396,2027.0,301.0,304511.17166747357,1407.9380885201626,366.47264989528253,68.72057321007381,ulv,ulv_C_0.75m_tmlKlasse_001_s04.wav
0.0757768303155899,0.0780673792112007,891.352829582371,1411.0,313.0,347662.61758593336,2258.091491552486,188.2371944185977,33.11200146180116,ulv,ulv_C_0.75m_tmlKlasse_001_s05.wav
0.040148016065359116,0.13832114507156698,1099.7896107074864,2057.0,301.0,71720.61091075148,1415.3823403966296,60.23639190659934,25.78151633038791,ulv,ulv_C_0.75m_tmlKlasse_001_s06.wav
0.05599231272935867,0.1308831801987624,1021.5493922208597,1820.0,313.0,161802.05039917634,1193.2505291146854,79.60480934620294,25.959437464413355,ulv,ulv_C_0.75m_tmlKlasse_001_s07.wav
0.0486433282494545,0.10381898868679293,967.8966658743132,1578.0,314.0,99156.57979707672,1241.9931785109472,97.90043890340908,29.10269320522049,ulv,ulv_C_0.75m_tmlKlasse_001_s08.wav
0.055158015340566635,0.08619288705544097,941.9486811058802,1340.0,301.0,165711.4638198695,1707.7953422758605,55.93920377173075,29.032026399015372,ulv,ulv_C_0.75m_tmlKlasse_001_s09.wav
0.04797052964568138,0.11681980123757735,934.5873379727082,1400.0,313.0,102146.77436764142,1951.6209747255425,91.70835787398802,24.179750302056668,ulv,ulv_C_0.75m_tmlKlasse_001_s10.wav
0.044163208454847336,0.11625726607912995,1010.1321324431633,1784.0,328.0,96668.19908429336,2706.515077617136,356.33145167695886,35.298717047199986,ulv,ulv_C_1.5m_nygaard_001_s01.wav
0.032163042575120926,0.10056878554909682,1047.0112595861312,1775.0,368.0,41650.892143957164,2512.065794970181,123.6386591639969,38.00019341789021,ulv,ulv_C_1.5m_nygaard_001_s02.wav
0.03935835510492325,0.1045690355647228,1207.173777202356,2565.0,324.0,55250.71861760976,3079.1372095386623,755.0294277973926,137.92410302339619,ulv,ulv_C_1.5m_nygaard_001_s03.wav
0.02845136635005474,0.1115069691855741,1075.5237626510839,1946.0,304.0,42350.41955584561,2722.832516635452,340.2914816171907,24.214186616870727,ulv,ulv_C_1.5m_nygaard_001_s04.wav
0.05261724442243576,0.09600600037502344,945.1448742023055,1570.0,326.0,123613.8134835053,2301.791013573683,199.016974631905,40.24104464600424,ulv,ulv_C_1.5m_nygaard_001_s05.wav
0.026422327384352684,0.0848803050190637,1213.750703073728,2575.0,306.0,36061.33768787895,1122.5161388004944,244.2648502180448,72.50363424218835,ulv,ulv_C_1.5m_nygaard_001_s06.wav
0.0343264602124691,0.13607100443777737,1053.3458187499275,1759.0,308.0,52452.46298319706,1848.1804667430831,101.96997533222573,21.477807559201885,ulv,ulv_C_1.5m_nygaard_001_s07.wav
0.027125637978315353,0.11963247702981436,1161.2551285901382,2306.0,328.0,37686.57391196614,1259.1543430397942,85.50898689892077,39.812912708719274,ulv,ulv_C_1.5m_nygaard_001_s08.wav
0.03779609501361847,0.08606787924245266,1167.328716423542,2429.0,305.0,79777.56386360542,3855.2794174852465,1136.8259859324698,240.99151473290274,ulv,ulv_C_1.5m_nygaard_001_s09.wav
0.030144348740577698,0.0827551721982624,1081.3805960223613,1826.0,305.0,47922.58913443453,2754.6405431879975,112.62954826123894,35.43800931127552,ulv,ulv_C_1.5m_nygaard_001_s10.wav
0.044029638171195984,0.15588474279642478,942.6477964707163,1528.0,327.0,96346.38585343097,2383.744846367659,272.1972694899091,18.765100845796233,ulv,ulv_C_1.5m_stille_001_s01.wav
0.03175230324268341,0.16957309831864492,988.0650737647707,1587.0,368.0,40953.57102317624,2230.9217323729686,103.9192749890577,16.47818221059251,ulv,ulv_C_1.5m_stille_001_s02.wav
0.0370016023516655,0.1736983561472592,1024.9942311143673,1765.0,323.0,51532.972903506896,1788.6776910652068,222.6030533974432,19.103293895288964,ulv,ulv_C_1.5m_stille_001_s03.wav
0.028201842680573463,0.16582286392899556,1044.2231956222688,1858.0,304.0,41879.8179237522,2591.568124832363,334.35693434080264,18.571331133540724,ulv,ulv_C_1.5m_stille_001_s04.wav
0.05214683338999748,0.18613663353959622,891.4754189235235,1321.0,326.0,121602.67053648435,1744.0751913520126,134.1107307734801,20.35472983502406,ulv,ulv_C_1.5m_stille_001_s05.wav
0.024388045072555542,0.1636352272017001,1092.3726559816482,2061.0,306.0,34313.01109001925,540.30125207756,72.79016972733123,19.452065071421792,ulv,ulv_C_1.5m_stille_001_s06.wav
0.03422752395272255,0.15832239514969684,1035.8970659457054,1695.0,307.0,52092.218749254185,1803.0617308936169,92.2322611744619,17.535263692608083,ulv,ulv_C_1.5m_stille_001_s07.wav
0.02672841213643551,0.17507344209013062,1115.4844138645008,2036.0,328.0,36392.106687600484,812.2899802687651,59.15022484824182,20.203130539835435,ulv,ulv_C_1.5m_stille_001_s08.wav
0.034239109605550766,0.1443840240015001,990.5992226333085,1671.0,304.0,66756.21781865384,1034.5287773035757,107.62648120875204,18.373493229911627,ulv,ulv_C_1.5m_stille_001_s09.wav
0.029299955815076828,0.14882180136258516,1000.5129691230344,1555.0,305.0,46107.085862761676,2427.503794481293,91.25133130293571,18.205492361171636,ulv,ulv_C_1.5m_stille_001_s10.wav
0.04489070549607277,0.07331708231764485,949.9650599780824,1599.0,327.0,98565.38615376745,2623.017765364035,313.5460318901612,30.62041798144812,ulv,ulv_C_1.5m_tmlKlasse_001_s01.wav
0.03177294507622719,0.14463403962747673,1000.0125942783485,1614.0,368.0,40990.798247329025,2232.7020598359195,106.5582768633533,18.76120003763597,ulv,ulv_C_1.5m_tmlKlasse_001_s02.wav
0.039051882922649384,0.12144509031814489,1036.9900679799352,1790.0,323.0,51410.45565124259,1819.0486290326694,228.34955800651267,22.506135977654292,ulv,ulv_C_1.5m_tmlKlasse_001_s03.wav
0.028780357912182808,0.10713169573098319,1046.2396428668974,1941.0,304.0,42942.28192109791,3257.013181228458,397.9717599426993,25.15177669421727,ulv,ulv_C_1.5m_tmlKlasse_001_s04.wav
0.05325569212436676,0.07756734795924745,922.59594180568,1528.0,325.0,126287.9764844986,3114.416768561666,261.4716333730405,45.234170470156386,ulv,ulv_C_1.5m_tmlKlasse_001_s05.wav
0.027022721245884895,0.089818113632102,1209.3172640819698,2518.0,306.0,37851.288104129286,1604.5178662400704,163.7440908343694,78.3323649535212,ulv,ulv_C_1.5m_tmlKlasse_001_s06.wav
0.03428814932703972,0.1184449028064254,1061.048575390047,1770.0,307.0,52204.12444878379,1823.3202643640006,96.25897162683236,24.203370550919963,ulv,ulv_C_1.5m_tmlKlasse_001_s07.wav
0.02733941748738289,0.08225514094630915,1111.052503308553,2077.0,328.0,36964.525193962094,1276.3214270214326,100.45989559461897,28.18710894655345,ulv,ulv_C_1.5m_tmlKlasse_001_s08.wav
0.03439300134778023,0.10325645352834552,1001.9086957385744,1702.0,304.0,66884.28805694019,1053.3988301628935,111.13926477089511,20.11792288139678,ulv,ulv_C_1.5m_tmlKlasse_001_s09.wav
0.029951563104987144,0.07819238702418901,995.754925581714,1615.0,305.0,47777.26624917432,2800.7314711598074,123.49547203523721,24.9634695551248,ulv,ulv_C_1.5m_tmlKlasse_001_s10.wav
0.06013157591223717,0.08188011750734421,973.8896830386564,1400.0,302.0,219083.61871729387,8151.261042027466,207.3628907088309,149.16845816226245,ulv,ulv_J_0.75m_nygaard_001_s01.wav
0.05211611092090607,0.09900618788674292,1038.3445588514371,1554.0,313.0,201300.13181708287,2940.1233930073404,103.5107105212211,55.790133715529905,ulv,ulv_J_0.75m_nygaard_001_s02.wav
0.06168832257390022,0.08994312144509031,938.6527195171691,1254.0,298.0,288990.4242744712,2542.659022077812,45.88193875387684,38.5253745128117,ulv,ulv_J_0.75m_nygaard_001_s03.wav
0.03773815184831619,0.10369398087380462,1297.0590091326217,2675.0,282.0,90823.72832741406,8054.074619472417,524.2375037333767,203.00059061155028,ulv,ulv_J_0.75m_nygaard_001_s04.wav
0.04133337363600731,0.08944309019313706,1113.5769582629603,1840.0,287.0,89262.00167046537,13098.07920191406,434.19444853604205,93.06066846638693,ulv,ulv_J_0.75m_nygaard_001_s05.wav
0.05050674453377724,0.08563035189699356,914.9194626223249,1296.0,286.0,164473.70464332378,2980.5134844634986,53.640206750097114,37.66211485046527,ulv,ulv_J_0.75m_nygaard_001_s06.wav
0.039585284888744354,0.09063066441652604,1010.9668724337357,1452.0,281.0,81561.25201038025,2579.931321554848,38.226843191021985,38.638524291438316,ulv,ulv_J_0.75m_nygaard_001_s07.wav
0.04246117174625397,0.10119382461403838,1045.0158222508774,1603.0,287.0,117802.42625068323,3399.896079583462,98.95357597225541,45.44053799007092,ulv,ulv_J_0.75m_nygaard_001_s08.wav
0.031849831342697144,0.10669416838552409,1143.5054482867872,2421.0,277.0,53513.51345473713,2165.1448261369437,114.89263664911167,47.9220629802726,ulv,ulv_J_0.75m_nygaard_001_s09.wav
0.035247914493083954,0.10269391836989812,1074.8609936080945,1932.0,271.0,66605.24715929924,3259.250231795767,71.82790527925755,50.57663418040542,ulv,ulv_J_0.75m_nygaard_001_s10.wav
0.05995827168226242,0.12732045752859553,960.4628483100845,1374.0,302.0,218680.439021919,8107.062530338271,197.18011281744748,142.53269971930692,ulv,ulv_J_0.75m_stille_001_s01.wav
0.05211023613810539,0.13282080130008125,1009.7263106597509,1421.0,313.0,201709.56438582973,2818.24420148853,75.79098443346172,35.01654469202984,ulv,ulv_J_0.75m_stille_001_s02.wav
0.061581358313560486,0.13457091068191762,929.8434445108746,1235.0,298.0,288763.1036608209,2437.267761950736,39.760546460567944,35.42615414822613,ulv,ulv_J_0.75m_stille_001_s03.wav
0.03674688935279846,0.14557159822488905,1155.8710775982515,2110.0,282.0,90896.27280923663,5786.056048439636,147.75052737677746,40.12023343669718,ulv,ulv_J_0.75m_stille_001_s04.wav
0.037810876965522766,0.14488405525345335,1079.968419954479,1699.0,287.0,85421.5552704526,3469.184783959224,129.27573232680788,32.16515441308941,ulv,ulv_J_0.75m_stille_001_s05.wav
0.05014730244874954,0.13482092630789425,896.6222676443715,1285.0,286.0,163313.28207839024,2978.4759772055595,41.083418262754904,31.38436219258344,ulv,ulv_J_0.75m_stille_001_s06.wav
0.03927178308367729,0.14725920370023127,974.2203606337539,1351.0,281.0,80799.36170963512,2337.221912951908,25.936183761934053,23.956585564408513,ulv,ulv_J_0.75m_stille_001_s07.wav
0.041894830763339996,0.13888368023001438,1040.5528636990684,1462.0,287.0,116296.34619877499,2094.843052676746,43.65003377652354,31.423448942967376,ulv,ulv_J_0.75m_stille_001_s08.wav
0.03155513480305672,0.15488468029251828,1117.513448069574,2247.0,277.0,52748.00674953883,2096.993479042499,94.38645039814553,31.50651200820546,ulv,ulv_J_0.75m_stille_001_s09.wav
0.03432639688253403,0.15444715294705919,1036.2845373622686,1436.0,287.0,63252.52569593384,3017.6485253785327,27.46884642987873,33.191408497520726,ulv,ulv_J_0.75m_stille_001_s10.wav
0.060224734246730804,0.09669354334645916,987.2569966956826,1432.0,302.0,219829.00660556875,8807.043671620828,239.84805705093447,166.16724408264395,ulv,ulv_J_0.75m_tmlKlasse_001_s01.wav
0.0531734824180603,0.07500468779298707,973.0369088828445,1446.0,313.0,205936.7548516866,5043.8528547530905,165.36670515462484,53.9174821381791,ulv,ulv_J_0.75m_tmlKlasse_001_s02.wav
0.06162269040942192,0.11981998874929684,946.2297143480196,1280.0,298.0,288925.7955252541,2452.5235047527976,50.83714178740764,38.79343002447967,ulv,ulv_J_0.75m_tmlKlasse_001_s03.wav
0.03678710013628006,0.12388274267141697,1177.1752917835722,2228.0,282.0,90849.30809701094,5796.709441290009,159.25128533774532,47.17697619099229,ulv,ulv_J_0.75m_tmlKlasse_001_s04.wav
0.03790867328643799,0.11181948871804488,1087.1033085058034,1722.0,287.0,85567.63227110177,3529.0091213720693,137.30906746578898,35.30241674194477,ulv,ulv_J_0.75m_tmlKlasse_001_s05.wav
0.05058849975466728,0.10444402775173449,974.5005121706675,1430.0,286.0,164021.09316748488,3012.2720042482774,69.05795564880893,70.82480452396814,ulv,ulv_J_0.75m_tmlKlasse_001_s06.wav
0.041887812316417694,0.09219326207887993,1028.7544455449386,1775.0,282.0,85497.11181813928,12167.627591284454,464.38887410746827,94.83927636518095,ulv,ulv_J_0.75m_tmlKlasse_001_s07.wav
0.041990671306848526,0.10494405900368774,1056.9594465463194,1578.0,287.0,116436.96170328045,2096.898947610387,52.45724041580874,34.57368960765291,ulv,ulv_J_0.75m_tmlKlasse_001_s08.wav
0.031992100179195404,0.10988186761672604,1106.687268999262,2213.0,277.0,53566.25909137562,2246.916759668573,124.87007842108298,37.59266519627809,ulv,ulv_J_0.75m_tmlKlasse_001_s09.wav
0.03507160022854805,0.08894305894118383,1054.9915239437305,1689.0,287.0,64503.48613136137,3750.1945003847586,68.3187235695346,42.31154834561077,ulv,ulv_J_0.75m_tmlKlasse_001_s10.wav
0.056718699634075165,0.08919307456716044,885.8609629167065,1506.0,295.0,170195.25542978884,3593.8915342250593,678.3688703736648,83.63608649399579,ulv,ulv_J_1.5m_nygaard_001_s01.wav
0.06198735162615776,0.09363085192824551,1293.2625630325622,3086.0,305.0,230496.0887384201,6781.165095622732,641.5537106073717,672.837528296575,ulv,ulv_J_1.5m_nygaard_001_s02.wav
0.05517219379544258,0.10450653165822864,849.2043707324118,1440.0,289.0,176920.86370234183,2374.7187263082315,239.6546899682359,51.95719580589615,ulv,ulv_J_1.5m_nygaard_001_s03.wav
0.04609944671392441,0.10363147696731045,879.3419519601883,1395.0,291.0,112748.00773974964,3272.6359313387593,104.7729188095562,57.55739694934557,ulv,ulv_J_1.5m_nygaard_001_s04.wav
0.049614015966653824,0.10938183636477279,896.0489213685016,1495.0,321.0,136130.69661834097,2176.5156421954835,265.33951735827185,41.40244337741537,ulv,ulv_J_1.5m_nygaard_001_s05.wav
0.038424525409936905,0.101443840240015,882.8178824149363,1304.0,327.0,76595.92593506859,1725.1362234010603,68.78787149741896,49.598528130204244,ulv,ulv_J_1.5m_nygaard_001_s06.wav
0.035176657140254974,0.12069504344021502,978.7943573423041,1659.0,305.0,73516.6473315992,2700.7985975668503,148.289445107044,54.55665308930831,ulv,ulv_J_1.5m_nygaard_001_s07.wav
0.04050654172897339,0.09638102381398837,933.6304390930035,1514.0,159.0,92936.33551110368,1154.4093934200637,106.36421299367042,32.39770063980637,ulv,ulv_J_1.5m_nygaard_001_s08.wav
0.046163562685251236,0.09319332458278642,1027.529382383265,1835.0,297.0,127691.90133670426,3225.57147789821,450.1192195968536,103.46333505882643,ulv,ulv_J_1.5m_nygaard_001_s09.wav
0.046250175684690475,0.09319332458278642,905.2070655639166,1424.0,298.0,131258.87485319463,2585.4836459254134,138.62534261747052,59.10649338680906,ulv,ulv_J_1.5m_nygaard_001_s10.wav
0.056500986218452454,0.14625914119632477,860.6115180857695,1462.0,295.0,169524.94000131357,3349.778010142345,643.4029458089964,69.98176560768508,ulv,ulv_J_1.5m_stille_001_s01.wav
0.061684686690568924,0.14275892243265204,795.0342845248202,1345.0,305.0,229474.7600389393,5654.331557792828,359.1462378057598,165.49486411338935,ulv,ulv_J_1.5m_stille_001_s02.wav
0.0550905205309391,0.13932120757547348,824.6850897121818,1408.0,289.0,176884.68908711022,2259.6641981422626,209.78813815828278,45.77353290206123,ulv,ulv_J_1.5m_stille_001_s03.wav
0.04579748958349228,0.15938496156009752,851.0541072949795,1344.0,291.0,111340.02437646608,3157.1837630552764,88.1875332827245,46.133418222117506,ulv,ulv_J_1.5m_stille_001_s04.wav
0.04948291927576065,0.17376086005375335,880.347406404516,1476.0,321.0,135871.38071881275,2095.9762763643766,258.32082396890667,36.76958037713082,ulv,ulv_J_1.5m_stille_001_s05.wav
0.0382402203977108,0.16088505531595726,827.5384332387428,1193.0,327.0,76644.0624151254,1078.8568912116293,21.181546726608985,40.308428837459935,ulv,ulv_J_1.5m_stille_001_s06.wav
0.03461192548274994,0.1619476217263579,929.4775016883617,1438.0,305.0,72682.23378509167,1180.503940176955,46.070618417504775,41.6546735172165,ulv,ulv_J_1.5m_stille_001_s07.wav
0.04036342725157738,0.1600725045315332,903.348869096973,1457.0,159.0,92645.99931743497,1086.1687001460073,92.22353858218906,26.23523361347132,ulv,ulv_J_1.5m_stille_001_s08.wav
0.04570440948009491,0.1646352897056066,914.3167896757925,1540.0,297.0,127022.87276445133,2074.416323975376,265.1063359521725,44.260194526252015,ulv,ulv_J_1.5m_stille_001_s09.wav
0.046154558658599854,0.1595099693730858,894.6331883126531,1419.0,298.0,131171.87757465433,2552.134025792985,133.8921531287025,55.68158473278484,ulv,ulv_J_1.5m_stille_001_s10.wav
0.056603383272886276,0.09863116444777799,881.7476241243852,1529.0,295.0,169047.28723172963,3535.463085274838,738.5709465259573,84.75062582429285,ulv,ulv_J_1.5m_tmlKlasse_001_s01.wav
0.062187306582927704,0.0854428401775111,813.3373527124701,1379.0,305.0,231588.608554492,6506.804685950985,409.3856971096114,174.9712180105646,ulv,ulv_J_1.5m_tmlKlasse_001_s02.wav
0.055345263332128525,0.08363022688918058,833.7450026089784,1420.0,289.0,177527.47739109638,2401.214072811661,215.27865486187295,49.698146335403564,ulv,ulv_J_1.5m_tmlKlasse_001_s03.wav
0.046206194907426834,0.08369273079567473,889.6916132930062,1456.0,291.0,112208.66078598355,3637.7251998194256,168.8935995288324,56.72286023732381,ulv,ulv_J_1.5m_tmlKlasse_001_s04.wav
0.050595492124557495,0.07712982061378836,921.1422068991,1658.0,321.0,137796.42041846897,2863.500002359491,438.45616661088775,58.53910018680442,ulv,ulv_J_1.5m_tmlKlasse_001_s05.wav
0.038296718150377274,0.1370085630351897,849.0604806020424,1214.0,327.0,76806.83191744337,1092.3648994723067,29.57639854722121,43.75773337037864,ulv,ulv_J_1.5m_tmlKlasse_001_s06.wav
0.03489324077963829,0.08219263703981498,931.5720902802041,1441.0,305.0,73103.37241300524,1193.379283068392,50.84240630192083,43.51185322710808,ulv,ulv_J_1.5m_tmlKlasse_001_s07.wav
0.0403304249048233,0.1504469029314332,919.2181820870525,1466.0,159.0,92454.5554687367,1096.210267891437,94.9759157675655,28.46989907401415,ulv,ulv_J_1.5m_tmlKlasse_001_s08.wav
0.045718252658843994,0.13538346146634164,928.5444686672896,1606.0,297.0,127086.88299427398,2085.291482465739,275.3460994024723,46.77484574501232,ulv,ulv_J_1.5m_tmlKlasse_001_s09.wav
0.04685650393366814,0.09188074254640916,950.9161739946317,1617.0,298.0,132774.52230390094,4666.180462085503,323.47109228573964,85.4031336787371,ulv,ulv_J_1.5m_tmlKlasse_001_s10.wav
0.014063261449337006,0.108256766047878,1719.3550099206318,3736.0,636.0,3193.137617121294,4761.441920184785,420.96609815628426,109.32846403391903,unknown,unknown_nygaard_0001.wav
0.030429856851696968,0.09200575035939747,1497.868212836758,3064.0,407.0,30219.339224352836,16787.43826081519,2121.2194479790323,667.0580456192816,unknown,unknown_nygaard_0002.wav
0.01587281934916973,0.08819301206325396,1624.901279317457,3234.0,147.0,11123.680862187277,1987.2192509366268,947.6437551646611,136.49398583926737,unknown,unknown_nygaard_0003.wav
0.02045489102602005,0.08575535970998187,1452.197745036705,3125.0,227.0,16103.443806436755,4521.178267627741,347.96682307623786,203.4022485154199,unknown,unknown_nygaard_0004.wav
0.008888022042810917,0.11994499656228515,1649.3777111336865,3518.0,101.0,2305.675483636147,860.2061324667445,124.4224897866865,52.14641380502232,unknown,unknown_nygaard_0005.wav
0.03818776085972786,0.12688293018313646,1526.5546729579416,2833.0,670.0,13689.896399109964,52903.12039248748,3712.342570799278,951.3252368970585,unknown,unknown_nygaard_0006.wav
0.021633939817547798,0.08319269954372148,1564.3884167074568,3279.0,244.0,15839.734990108544,1660.1976236877952,840.4049861212683,285.24755782441116,unknown,unknown_nygaard_0007.wav
0.013628915883600712,0.0854428401775111,1561.112077778921,3421.0,245.0,8835.483953325453,1669.019789991238,310.30629711239953,134.76833760378338,unknown,unknown_nygaard_0008.wav
0.018579674884676933,0.0738171135695981,1393.9959077195895,3033.0,449.0,13774.652851322473,1030.8939015630685,218.6543956662957,67.1111170171529,unknown,unknown_nygaard_0009.wav
0.016943905502557755,0.08038002375148447,1462.995955003505,3373.0,329.0,7559.907880147711,317.1015166653251,119.48622507418429,63.33069325822742,unknown,unknown_nygaard_0010.wav
0.012080132961273193,0.07100443777736108,1409.4302217597835,3223.0,151.0,7262.836413512844,743.9367365074925,81.26887094197735,38.603795344252596,unknown,unknown_nygaard_0011.wav
0.028392940759658813,0.10213138321145071,1487.2476630086771,2950.0,468.0,27912.607667306187,39243.565083510504,3270.3081680404557,718.0592618236543,unknown,unknown_nygaard_0012.wav
0.015496179461479187,0.08806800425026565,1623.4780806697788,3562.0,200.0,6101.638599847081,1884.2548791716338,252.15689108941046,145.5437530027634,unknown,unknown_nygaard_0013.wav
0.018860427662730217,0.09038064879054941,1505.993164604557,3206.0,266.0,10446.63976176731,2049.765028776181,477.37339751722834,202.3111353890906,unknown,unknown_nygaard_0014.wav
0.02126687951385975,0.09244327770485655,1447.9918216473075,3180.0,698.0,9142.627372707935,12032.229180120434,506.569134277104,405.6394505672338,unknown,unknown_nygaard_0015.wav
0.01430256012827158,0.08525532845802862,1540.9644065366704,3458.0,223.0,4912.505996937362,1924.9928138346152,155.73012854724732,77.6498432710762,unknown,unknown_nygaard_0016.wav
0.01759212277829647,0.10381898868679293,1491.07943718924,3077.0,649.0,6614.386392990802,11205.577038190746,688.3972724934526,237.64148081013693,unknown,unknown_nygaard_0017.wav
0.012329102493822575,0.10769423088943059,1865.151806725486,4210.0,236.0,3020.8764832511206,1641.050339541944,173.94787904060777,93.13310324821487,unknown,unknown_nygaard_0018.wav
0.016346711665391922,0.10525657853615851,1576.1404772220892,3358.0,268.0,8826.720556871689,1473.349150362582,526.0708735499815,125.22655614484593,unknown,unknown_nygaard_0019.wav
0.02001630701124668,0.10050628164260267,1582.660184763352,3273.0,133.0,12217.936960019342,7638.601309237048,847.6045278328951,239.6434864873612,unknown,unknown_nygaard_0020.wav
0.016255509108304977,0.06325395337208575,1420.0279406823822,3035.0,190.0,10310.865184946728,627.0910255328362,161.02650310007468,54.9118211505432,unknown,unknown_nygaard_0021.wav
0.022229935973882675,0.0983186449153072,1435.752962397112,2797.0,619.0,12083.2437485751,16880.26581350183,1986.1039121219,228.20683206588959,unknown,unknown_nygaard_0022.wav
0.08802105486392975,0.07819238702418901,1621.0116039615784,3691.0,338.0,8422.192521643361,2098.1165279452075,193.57536345260633,89.26427659108366,unknown,unknown_nygaard_0023.wav
0.01615762524306774,0.1105069066816676,1811.31910881334,3779.0,444.0,7210.765476697862,4234.680916813555,937.3472460667181,245.18761534601055,unknown,unknown_nygaard_0024.wav
0.021809406578540802,0.09156822301393837,1417.821578471888,2978.0,405.0,29937.666962932202,3484.7362803941214,1339.8726843718496,400.3337708441003,unknown,unknown_nygaard_0025.wav
0.011581632308661938,0.10006875429714357,1738.451714387913,3898.0,240.0,4601.127800583874,1483.129156716404,349.32847259104955,86.60776601768634,unknown,unknown_nygaard_0026.wav
0.007998806424438953,0.09838114882180136,2000.8933877355164,5232.0,134.0,2085.8933419131176,67.9597311051306,34.739268215746904,44.7007368534081,unknown,unknown_nygaard_0027.wav
0.02050698921084404,0.10863178948684293,1495.338482775719,3015.0,147.0,9533.803850224795,4564.435350781966,875.1278733700899,226.3201764057491,unknown,unknown_nygaard_0028.wav
0.015006167814135551,0.13994624664041502,1885.6960881077998,3850.0,228.0,4272.308021326846,9472.950661746447,1370.516897997184,262.1121247632337,unknown,unknown_nygaard_0029.wav
0.00789667945355177,0.1211325707856741,2009.0028174338358,4577.0,195.0,1319.8500691776644,120.86900091031254,60.47706687440487,34.16249414644912,unknown,unknown_nygaard_0030.wav
0.01761600747704506,0.09169323082692668,1450.990310910472,2957.0,204.0,8457.640178825626,2833.5671937235,469.8538416651,103.91779060064988,unknown,unknown_nygaard_0031.wav
0.00891865510493517,0.08406775423463966,1509.8466203313872,3443.0,200.0,4828.135067190318,451.48584841951055,150.6523708968361,33.964398878701346,unknown,unknown_nygaard_0032.wav
0.01940075308084488,0.08900556284767798,1457.0848988212242,2997.0,284.0,23625.417603060618,2201.5019375005777,457.38704478075715,80.3776540720956,unknown,unknown_nygaard_0033.wav
0.017664168030023575,0.07206700418776174,1403.1297963102675,3375.0,118.0,11871.98585835937,1700.8980359944999,136.80022244357838,107.50201814080972,unknown,unknown_nygaard_0034.wav
0.03170359134674072,0.08425526595412214,1494.6917331063191,3247.0,244.0,14751.426602601608,2057.9889254481905,317.57922651223214,148.78747505037626,unknown,unknown_nygaard_0035.wav
0.012649468146264553,0.10213138321145071,1663.6188555078663,3697.0,264.0,3531.4987469549396,1212.5627676227568,128.62584850194725,81.19516835197805,unknown,unknown_nygaard_0036.wav
0.039674218744039536,0.10131883242702669,1466.5021315479323,3001.0,209.0,57862.60937458491,15592.563377265858,4729.2156624194495,1035.4278208282344,unknown,unknown_nygaard_0037.wav
0.01655631698668003,0.08569285580348772,1399.3264672814464,3015.0,438.0,10451.12804852649,1315.6293944629147,255.3513170711148,81.65055538814761,unknown,unknown_nygaard_0038.wav
0.008473163470625877,0.10206887930495656,1663.79212930869,3701.0,201.0,2628.9118658612006,1312.9392943734515,105.08326949577729,61.20661026085568,unknown,unknown_nygaard_0039.wav
0.030217796564102173,0.06262891430714419,1271.1530445745632,2828.0,269.0,29269.89827614516,7614.989020449757,661.0693623097726,283.97442409578804,unknown,unknown_nygaard_0040.wav
0.01200914103537798,0.08150509406837927,1736.3513312488108,3963.0,146.0,5267.134060107195,408.1558467351889,134.76538960576576,105.203266667722,unknown,unknown_nygaard_0041.wav
0.02228442020714283,0.12744546534158385,1795.6812954582747,3365.0,223.0,7391.703520810972,9489.452680941158,3943.1468002802253,539.3009507748603,unknown,unknown_nygaard_0042.wav
0.023170404136180878,0.09163072692043253,1424.9625892066526,3038.0,200.0,25001.439089986856,5486.5646040519305,670.1423628627581,203.6039038262167,unknown,unknown_nygaard_0043.wav
0.025424417108297348,0.06900431276954809,1343.6643924171055,2741.0,233.0,29579.833413498607,7837.465203685135,740.7740452693243,197.98624474805868,unknown,unknown_nygaard_0044.wav
0.007527614012360573,0.10694418401150071,1752.1307830623487,3809.0,311.0,1688.0484545535903,946.3622033818438,105.70090352493662,50.39739532092502,unknown,unknown_nygaard_0045.wav
0.008173688314855099,0.12663291455715983,1831.5607072440885,3524.0,219.0,1720.276813339761,1324.488377178925,736.4347910100493,95.80961115583884,unknown,unknown_nygaard_0046.wav
0.01376959215849638,0.11438214888430527,1562.5227863339092,3122.0,365.0,5495.3706466798085,4623.7246634322955,435.12265081737564,146.92148643284605,unknown,unknown_nygaard_0047.wav
0.015468861907720566,0.10388149259328708,1485.8373948922326,2807.0,793.0,4936.1245325285,4564.938337917509,412.36596982500475,66.21980094123039,unknown,unknown_nygaard_0048.wav
0.03470471128821373,0.10056878554909682,1470.308264989025,3117.0,256.0,6260.326142925549,2193.7832068044067,278.1800700984648,90.5403345105398,unknown,unknown_nygaard_0049.wav
0.0178281981498003,0.09575598474904681,1608.6618183463595,3660.0,233.0,15145.274739357774,3647.9796906676515,287.7612271411207,185.96620943018706,unknown,unknown_nygaard_0050.wav
0.017879383638501167,0.10069379336208513,1705.699643802889,3356.0,251.0,8994.128981998745,4676.713809937385,915.8428529794517,186.86531475432747,unknown,unknown_nygaard_0051.wav
0.011612468399107456,0.1216951059441215,1770.0053300219015,3560.0,197.0,4439.770891431858,3874.5853154777624,417.85824082967133,134.75868354918728,unknown,unknown_nygaard_0052.wav
0.020912501960992813,0.09725607850490656,1453.7335687678797,3035.0,599.0,5953.151965352989,11374.85323684167,376.3918735106531,221.98448630323787,unknown,unknown_nygaard_0053.wav
0.023845499381422997,0.10500656291018189,1474.5127215964467,3089.0,254.0,30974.203434375508,3027.984821627661,1231.2443261600847,416.73792671905176,unknown,unknown_nygaard_0054.wav
0.015750376507639885,0.10850678167385462,1754.0447647900774,3692.0,228.0,7509.511061161928,659.5017410116998,450.78205704724576,181.63479606902735,unknown,unknown_nygaard_0055.wav
0.008602259680628777,0.11481967622976436,1683.9297845907802,3655.0,616.0,1736.6601894594114,1903.355021330716,116.98989474986884,51.740582033159576,unknown,unknown_nygaard_0056.wav
0.013036441057920456,0.08988061753859616,1232.2968730045854,2534.0,197.0,9425.873786536595,4779.6282912411025,163.3194345015076,75.55709988573575,unknown,unknown_nygaard_0057.wav
0.023251336067914963,0.10375648478029877,1575.4282848049916,3413.0,376.0,23570.952376538527,4137.161038403848,868.9762083390631,278.06826158715427,unknown,unknown_nygaard_0058.wav
0.00799962691962719,0.13838364897806113,1926.993025340477,3877.0,817.0,1505.1600587197713,2260.9860758556183,449.8718691519997,161.04109549997236,unknown,unknown_nygaard_0059.wav
0.009953180328011513,0.0742546409150572,1565.4175143798943,3658.0,195.0,4086.729210344417,541.9635727053693,61.963673733092364,41.910721365092876,unknown,unknown_nygaard_0060.wav
0.011030985973775387,0.09906869179323707,1612.011524548065,3522.0,306.0,5694.771244520759,2047.9735483152824,156.6181127511989,96.577199533237,unknown,unknown_nygaard_0061.wav
0.020525991916656494,0.1146321645102819,1668.7695065097316,3410.0,749.0,11467.90581569057,9945.844426633084,3517.905100255014,242.83298074214844,unknown,unknown_nygaard_0062.wav
0.005190479569137096,0.10806925432839552,1894.5898034646189,4721.0,218.0,969.8346545790151,172.85339177701982,25.355937485269617,21.91698310210928,unknown,unknown_nygaard_0063.wav
0.01769457384943962,0.07781736358522408,1408.5695294429927,3068.0,255.0,10750.697011338194,3615.5165065938463,244.64004831322066,96.41715954210386,unknown,unknown_nygaard_0064.wav
0.019551439210772514,0.09481842615163448,1560.5978339201693,3258.0,619.0,6695.867990111711,11695.317090298126,762.2490685195952,189.20720077474002,unknown,unknown_nygaard_0065.wav
0.011699861846864223,0.08269266829176823,1942.9904079773028,4525.0,231.0,8531.62685406164,1018.4381479617834,86.36254985958898,102.87147553772968,unknown,unknown_nygaard_0066.wav
0.019807400181889534,0.09675604725295331,1334.0421980720382,2703.0,178.0,10596.23978345571,7799.301950721891,942.9110244881437,153.16890231872418,unknown,unknown_nygaard_0067.wav
0.012927061878144741,0.09156822301393837,1425.6680507357594,3121.0,322.0,7240.245144983634,1078.3782296228705,354.52331191828404,115.46186964685906,unknown,unknown_nygaard_0068.wav
0.019409462809562683,0.0945059066191637,1781.685681522764,4097.0,445.0,8977.448977859862,3233.423534343333,228.03231150114573,226.83193419481952,unknown,unknown_nygaard_0069.wav
0.023612767457962036,0.10856928558034877,1687.164825732381,3075.0,607.0,7533.514646330535,7702.933835107294,2941.1581705249664,275.65134215257024,unknown,unknown_nygaard_0070.wav
0.01384570449590683,0.07931745734108382,1463.2990216950586,3390.0,258.0,6572.719655055497,636.889605861342,90.53249343821122,52.44162437778553,unknown,unknown_nygaard_0071.wav
0.010801509022712708,0.11456966060378773,1943.6426829266888,4880.0,312.0,4071.3995280318404,1498.781977035982,122.80178196643637,96.13550828313184,unknown,unknown_nygaard_0072.wav
0.02350795641541481,0.07469216826051628,1393.4815547578612,3159.0,245.0,16039.944212660826,2454.4913488138795,373.5629832072738,124.00729786068523,unknown,unknown_nygaard_0073.wav
0.01627621054649353,0.08606787924245266,1414.5409904761634,2750.0,138.0,8886.0772107836,5071.907497384473,471.2638227309716,93.89967549218284,unknown,unknown_nygaard_0074.wav
0.020111246034502983,0.0971935745984124,1260.7561506288112,2711.0,327.0,16649.988820559403,1884.3751476915781,187.79385563195694,77.10611677825928,unknown,unknown_nygaard_0075.wav
0.05509344860911369,0.08594287142946434,990.6947290688087,1689.0,205.0,136393.2507727702,27554.203914079833,580.0724311037352,308.4979534644144,unknown,unknown_nygaard_0076.wav
0.028717264533042908,0.07725482842677667,1230.551855452128,2748.0,331.0,27773.30232072247,9559.422571039402,600.3036047445175,218.20218997162067,unknown,unknown_nygaard_0077.wav
0.011528628878295422,0.08944309019313706,1729.4104627150723,3823.0,243.0,5998.6533999400435,1219.4789971187015,265.3757648542277,120.98965078465795,unknown,unknown_nygaard_0078.wav
0.011740856803953648,0.08650540658791174,1724.3046939680103,3716.0,428.0,4667.892692627429,1279.761070169563,226.6895935097678,136.98828841937802,unknown,unknown_nygaard_0079.wav
0.014833924360573292,0.07662978936183512,1486.4422657487185,3091.0,196.0,8033.072971765205,1282.0563557366524,463.35688783958597,68.99594370096523,unknown,unknown_nygaard_0080.wav
0.016256721690297127,0.08431776986061629,1308.7979684220031,2602.0,199.0,9043.695183935002,4360.824598593854,268.58489337539527,68.38081755560181,unknown,unknown_nygaard_0081.wav
0.0083662373945117,0.10550659416213513,1707.5402398008748,4020.0,103.0,2503.5529174389603,503.1999945079872,57.67217239574226,48.53140950334432,unknown,unknown_nygaard_0082.wav
0.007837590761482716,0.09869366835427214,1896.912344089188,4596.0,197.0,2731.4566728032314,851.4552417081857,112.58067247604052,82.83565629057668,unknown,unknown_nygaard_0083.wav
0.021848592907190323,0.1008813050815676,1395.6894409462393,2637.0,530.0,12038.95667421999,17009.691430531093,1184.041802485111,138.02716621845698,unknown,unknown_nygaard_0084.wav
0.01649300754070282,0.08244265266579161,1576.0816554885218,3335.0,347.0,11374.734510866263,2087.9608782963205,475.614591900534,271.3698641198177,unknown,unknown_nygaard_0085.wav
0.022066883742809296,0.07300456278517407,1331.4114529117712,2866.0,235.0,21383.097143965635,3081.6449934481534,521.331986216088,196.8799167030382,unknown,unknown_nygaard_0086.wav
0.013640494085848331,0.09256828551784486,1548.5646572827186,3391.0,257.0,5431.571348160772,1939.511023538629,250.58664957532523,98.19158332113355,unknown,unknown_nygaard_0087.wav
0.018453095108270645,0.08919307456716044,1657.688521535396,3555.0,241.0,10718.333589763793,2140.519603257055,366.149792139899,169.99937941004004,unknown,unknown_nygaard_0088.wav
0.013042476028203964,0.09781861366335395,1465.7968586650363,2995.0,237.0,5892.144118491958,2768.2520891202244,305.4314759816464,71.38720241475261,unknown,unknown_nygaard_0089.wav
0.010810984298586845,0.12844552784549035,2129.9956607783147,4962.0,350.0,2656.7396588804627,317.6512254172831,194.89674406931096,110.64184561563502,unknown,unknown_nygaard_0090.wav
0.007167182397097349,0.11788236764797799,2141.50901940763,5235.0,210.0,845.3630192812274,160.16268720500054,32.95984742215079,32.333015414863794,unknown,unknown_nygaard_0091.wav
0.05588783323764801,0.09938121132570786,1280.2847762977076,2394.0,637.0,47207.07618158497,109445.24951755602,3483.249571742292,682.6444338613026,unknown,unknown_nygaard_0092.wav
0.02011542022228241,0.08338021126320395,1327.6953826175777,2743.0,234.0,18428.375962333535,5621.198189991059,887.0203531537975,180.38059897241112,unknown,unknown_nygaard_0093.wav
0.015749966725707054,0.08100506281642603,1322.6372525755942,2775.0,256.0,9705.935493328347,4010.3707084611015,158.35395603788277,63.036778472093076,unknown,unknown_nygaard_0094.wav
0.03486489877104759,0.1056941058816176,1452.5464640115003,3045.0,733.0,8721.608534091789,12039.446020367433,855.4198958202779,435.25081293300155,unknown,unknown_nygaard_0095.wav
0.01019219122827053,0.11219451215700982,1654.6724682548734,3529.0,119.0,3342.6729325035667,1399.2863490067284,291.4957239326717,79.6038414106485,unknown,unknown_nygaard_0096.wav
0.015186197124421597,0.09163072692043253,1604.213719475279,3579.0,522.0,7386.5250853054895,2730.1307263844706,208.35743240571531,119.12547289788886,unknown,unknown_nygaard_0097.wav
0.01329526212066412,0.09213075817238578,1608.0034582002943,3394.0,195.0,6641.317728561238,1157.1833605518168,364.296982861625,146.1527265120122,unknown,unknown_nygaard_0098.wav
0.011020873673260212,0.08919307456716044,1482.4721931980512,3282.0,134.0,5462.813676349167,620.3686167609031,155.49807086443573,55.86379699415007,unknown,unknown_nygaard_0099.wav
0.013094219379127026,0.07544221513844615,1602.0311361107813,3492.0,248.0,4929.775537352776,1498.2339929567272,195.85352078741545,83.49552207916607,unknown,unknown_nygaard_0100.wav
0.021597662940621376,0.07644227764235265,1301.2905992589558,2893.0,308.0,23814.22498996796,1780.651938055234,188.08889809315548,97.97418936281494,unknown,unknown_nygaard_0101.wav
0.05080481991171837,0.12500781298831176,1531.116028147056,2724.0,328.0,37807.29050145665,87513.98438011264,13221.885142421186,1545.7637162475821,unknown,unknown_nygaard_0102.wav
0.01209787093102932,0.11450715669729358,1904.8432708428527,4097.0,262.0,3332.5666892868235,1865.9346387451142,277.9949880213454,109.70445682540229,unknown,unknown_nygaard_0103.wav
0.01345706358551979,0.09669354334645916,1589.5288932846433,3172.0,262.0,5209.983536645308,3071.0854259117095,386.6123178566547,60.3784228389637,unknown,unknown_nygaard_0104.wav
0.027757052332162857,0.08238014875929746,1418.9107152416827,3110.0,284.0,38048.1184995711,7988.451863207669,2390.658398837688,1151.538419879648,unknown,unknown_nygaard_0105.wav
0.030666738748550415,0.08863053940871304,1528.424174368938,3217.0,260.0,24776.05791350751,11254.02396261615,1218.0282517047935,418.89320257722864,unknown,unknown_nygaard_0106.wav
0.009584380313754082,0.10419401212575786,1890.1082287199101,3990.0,263.0,2417.8117126514426,1385.0098412781954,132.7497877554105,84.5703936687144,unknown,unknown_nygaard_0107.wav
0.014483694918453693,0.09650603162697668,1487.302873018467,3079.0,330.0,7024.572361711733,4078.0456333958755,345.9642537117986,112.48523709156672,unknown,unknown_nygaard_0108.wav
0.015872573480010033,0.09363085192824551,1620.787557981615,3460.0,275.0,8517.749349480806,2231.7553698206348,346.6278925594073,232.6422125868695,unknown,unknown_nygaard_0109.wav
0.021891431882977486,0.1061316332270767,1534.6692306533862,3138.0,693.0,9381.719348963657,14197.69729710011,1345.4866261102588,489.7910276035818,unknown,unknown_nygaard_0110.wav
0.01344306766986847,0.09838114882180136,1511.4723965595751,3532.0,261.0,9504.44152360019,1774.9580608179451,127.80345241980581,60.85961710209734,unknown,unknown_nygaard_0111.wav
0.016993308439850807,0.09200575035939747,1464.8964595451098,3220.0,365.0,16835.208920510206,1973.1954183888784,426.67086152373645,294.1700606420732,unknown,unknown_nygaard_0112.wav
0.015362038277089596,0.09406837927370461,1448.8299357810326,3209.0,325.0,14523.362795697954,2743.244386215091,348.40972448689973,159.13097623351004,unknown,unknown_nygaard_0113.wav
0.017294561490416527,0.08200512532033252,1535.4200539438702,3427.0,469.0,10166.249134814996,2978.234551034565,585.0154426366084,247.03668150948724,unknown,unknown_nygaard_0114.wav
0.02155502326786518,0.10238139883742733,1592.1269070167539,3427.0,144.0,8465.99739705288,2033.927098792158,304.59382539538865,190.06335219001164,unknown,unknown_nygaard_0115.wav
0.025807805359363556,0.08575535970998187,1182.7609359495136,2305.0,260.0,22272.485135281357,11357.177674440338,596.081349412694,168.50494430700448,unknown,unknown_nygaard_0116.wav
0.024337509647011757,0.10769423088943059,1568.3217551915056,2785.0,488.0,14466.589822072205,11781.468663473075,3691.3273240571125,333.9951487424377,unknown,unknown_nygaard_0117.wav
0.01070486381649971,0.09288080505031565,1692.7466738841802,3544.0,267.0,3679.6089101298517,1099.5844846664831,262.54975143353136,60.453769997408834,unknown,unknown_nygaard_0118.wav
0.014692678116261959,0.10331895743483968,1612.3108173905423,3166.0,431.0,5559.719889501139,2894.985421412399,652.0088193538413,116.37782771775719,unknown,unknown_nygaard_0119.wav
0.01662961207330227,0.08056753547096694,1435.6600021336264,3078.0,106.0,7158.274465749919,2949.7804603687932,212.3037922729388,70.60451435500353,unknown,unknown_nygaard_0120.wav
0.008497696369886398,0.08419276204762798,1539.43971181013,3548.0,233.0,3262.5027513830564,478.6888890654584,62.5938108644701,33.55232264318451,unknown,unknown_nygaard_0121.wav
0.013831133022904396,0.09925620351271955,1754.1790382225508,3568.0,229.0,6736.034053390727,3792.2020794545642,793.2407072904539,204.680946342076,unknown,unknown_nygaard_0122.wav
0.01126804482191801,0.10138133633352084,1574.427334014359,3607.0,306.0,8065.552187848729,512.3931936352897,43.791034623211836,81.45140614827328,unknown,unknown_nygaard_0123.wav
0.009741660207509995,0.08913057066066629,1817.724915636985,3818.0,194.0,2588.328152133202,1309.7860637826966,202.62167370490323,76.83341655762193,unknown,unknown_nygaard_0124.wav
0.015776019543409348,0.0935058441152572,1788.3650134247928,4327.0,197.0,4733.781811294368,639.6511947356516,92.42948217934452,72.25788579328903,unknown,unknown_nygaard_0125.wav
0.006700159050524235,0.09113069566847928,1754.5563360967278,4318.0,67.0,1683.7841680545914,171.05650805453263,26.62750141827341,30.498609304607548,unknown,unknown_nygaard_0126.wav
0.015842238441109657,0.12857053565847865,1852.4645106479172,3930.0,446.0,3773.283814707009,2175.5331577847164,427.19696560235957,301.79697853832926,unknown,unknown_nygaard_0127.wav
0.008401468396186829,0.10538158634914682,1882.8451047675728,3934.0,235.0,2041.8898769545613,492.2886585937013,186.9086774089041,69.35702562012253,unknown,unknown_nygaard_0128.wav
0.01700945943593979,0.09275579723732734,1701.9212706615601,3609.0,251.0,9672.198925530436,2167.0715085519164,405.409424661459,209.49478885090596,unknown,unknown_nygaard_0129.wav
0.015014330856502056,0.08181761360085005,1581.4864092232624,3624.0,260.0,4143.483234681867,643.1393965661167,105.87265314815093,49.056535967558744,unknown,unknown_nygaard_0130.wav
0.008379476144909859,0.10338146134133383,1815.1674956810198,4531.0,187.0,2117.633268249344,618.2657637709557,46.88541741678014,37.66206199831721,unknown,unknown_nygaard_0131.wav
0.00942258071154356,0.08331770735670979,1589.3415893756323,3682.0,199.0,3476.0258654608583,373.79288246281294,78.06294061247885,35.537260264743416,unknown,unknown_nygaard_0132.wav
0.016738027334213257,0.10013125820363773,1605.5277870656744,3169.0,507.0,6263.357046618539,7122.197112496828,828.9799633975539,162.53206360487798,unknown,unknown_nygaard_0133.wav
0.011530136689543724,0.09713107069191824,1709.4125762500585,3786.0,226.0,4960.7999500702845,775.2941656952246,147.99797618265217,72.97017680985637,unknown,unknown_nygaard_0134.wav
0.02734571322798729,0.08769298081130071,1400.9242862983422,2865.0,618.0,15593.47519204538,15495.682696411413,1130.364771290689,274.572892078991,unknown,unknown_nygaard_0135.wav
0.023042770102620125,0.0871304456528533,1498.9891099987842,3191.0,144.0,16316.745180180298,3110.4518401929054,679.4408719656587,270.7909882868783,unknown,unknown_nygaard_0136.wav
0.02067844569683075,0.09713107069191824,1691.2484916725193,3618.0,330.0,18333.246151094132,1802.6517677195336,359.3014726251941,316.50928564479705,unknown,unknown_nygaard_0137.wav
0.02718503400683403,0.12863303956497282,1973.2539263191684,3577.0,157.0,41073.09239164366,2659.928894774384,5306.497714173846,1930.827112882827,unknown,unknown_nygaard_0138.wav
0.013298507779836655,0.10156884805300331,1804.373260939455,4355.0,268.0,5665.123633232859,2191.0179910594165,137.49856069565027,139.20511109739317,unknown,unknown_nygaard_0139.wav
0.017519047483801842,0.08894305894118383,1391.6853296600607,3168.0,262.0,15673.31600940114,2182.317174782426,161.22664948030297,106.35360052908858,unknown,unknown_nygaard_0140.wav
0.017704328522086143,0.08331770735670979,1430.3622892529734,2782.0,202.0,6974.021276943978,6836.153725885491,609.9713908469017,76.30516337855106,unknown,unknown_nygaard_0141.wav
0.014543462544679642,0.11856991061941372,1827.4896661418093,3806.0,191.0,4705.316619920038,2558.204538825915,639.1439445369219,179.6163557806813,unknown,unknown_nygaard_0142.wav
0.00966585986316204,0.09519344959059942,1745.8866197358984,4014.0,202.0,2096.05928250144,1634.9302749154936,124.8403289522061,51.82929976076364,unknown,unknown_nygaard_0143.wav
0.031842559576034546,0.0912557034814676,1252.9934466692023,2482.0,627.0,19289.472807431066,38013.36200660185,967.9786511784774,307.37789478499184,unknown,unknown_nygaard_0144.wav
0.02068731002509594,0.0923807737983624,1354.5544303113054,2903.0,239.0,11636.275503969926,5333.00960326892,511.4958215506975,273.81371179909377,unknown,unknown_nygaard_0145.wav
0.012317927554249763,0.09094318394899681,1645.8174174579826,3588.0,265.0,7995.42666335575,596.2994427715579,226.88606815996746,73.70890760859722,unknown,unknown_nygaard_0146.wav
0.017056558281183243,0.10306894180886306,1869.939283714289,3977.0,389.0,6656.986111656869,2144.2763217399142,301.65726034878725,253.93676841746833,unknown,unknown_nygaard_0147.wav
0.014273357577621937,0.08438027376711045,1401.0279363950276,3157.0,356.0,9297.324425425564,1027.008413016815,134.10307701183456,50.40564598646114,unknown,unknown_nygaard_0148.wav
0.015464916825294495,0.08700543783986499,1507.1208387131414,3163.0,199.0,11220.024955350935,3209.1470183943266,616.173275628152,131.84145836935048,unknown,unknown_nygaard_0149.wav
0.011025432497262955,0.10706919182448903,1893.0416591435155,3944.0,267.0,3440.8234712852122,1300.9205253559514,258.9391145026408,197.0704758319642,unknown,unknown_nygaard_0150.wav
0.016009029000997543,0.08356772298268642,1843.0108037467242,4048.0,230.0,5762.947836090596,1515.7519881950916,434.47230077539984,167.09533824257738,unknown,unknown_nygaard_0151.wav
0.012275686487555504,0.08706794174635915,1515.381580243249,3466.0,213.0,5115.06272548816,609.1594743151475,106.98375658606092,72.08351229282044,unknown,unknown_nygaard_0152.wav
0.020511092618107796,0.10169385586599163,1599.6620918271806,3363.0,203.0,19573.693389075088,4422.362942359132,1611.7479763970075,379.2718801370799,unknown,unknown_nygaard_0153.wav
0.015065519139170647,0.10788174260891306,1542.6491884070942,2635.0,1132.0,3699.423528022424,9581.711621497056,1862.0381303223219,103.65720986158867,unknown,unknown_nygaard_0154.wav
0.017280790954828262,0.06481655103443965,1186.3707461498066,2707.0,253.0,15556.864695434544,4029.9285527174693,136.82245383731114,69.48637732758147,unknown,unknown_nygaard_0155.wav
0.010006590746343136,0.08531783236452278,1638.295503003059,3834.0,231.0,4208.8529746616405,574.8798279444193,86.23520898534188,75.16977054144346,unknown,unknown_nygaard_0156.wav
0.0241666529327631,0.07256703543971499,1440.5026788931832,3087.0,152.0,26877.564117030604,3492.9561037550457,652.4503008948942,279.06497109674694,unknown,unknown_nygaard_0157.wav
0.016642089933156967,0.11756984811550722,1654.962755863908,3357.0,231.0,8998.307177202247,1347.8479678763792,667.2970359232979,452.5071754833863,unknown,unknown_nygaard_0158.wav
0.01187578123062849,0.09106819176198512,1544.1321866125259,3635.0,442.0,7829.638666490088,588.4734136044611,127.72439154150618,90.76227707529392,unknown,unknown_nygaard_0159.wav
0.010762127116322517,0.10800675042190137,1816.2342373975325,3593.0,225.0,2379.150818009076,894.1251801397702,886.8892725827346,106.15018511149796,unknown,unknown_nygaard_0160.wav
0.009362327866256237,0.08913057066066629,1792.4942291362995,4060.0,240.0,1488.858145337117,421.7160961045921,92.68334305121567,45.49525622508942,unknown,unknown_nygaard_0161.wav
0.013642475940287113,0.08481780111256954,1530.9270648316142,3386.0,245.0,4201.591853832078,3021.1834537698724,168.4556965776964,50.82287056462287,unknown,unknown_nygaard_0162.wav
0.011347964406013489,0.0956309769360585,1689.507651387429,3719.0,198.0,2255.544688037722,1007.700265355908,148.5084848982067,66.60219284267515,unknown,unknown_nygaard_0163.wav
0.021515561267733574,0.10769423088943059,1484.006163151584,3074.0,406.0,17982.515470169295,10349.340893417697,886.9733356334818,286.7712153853703,unknown,unknown_nygaard_0164.wav
0.00687614269554615,0.09856866054128383,1811.9589576707626,4189.0,107.0,2017.9566625636985,200.44487749576882,53.02645980558533,36.88617507130755,unknown,unknown_nygaard_0165.wav
0.03236689418554306,0.08369273079567473,1309.1583764464103,2666.0,204.0,48763.55822465765,21450.77818329966,1846.235071691367,430.778182085284,unknown,unknown_nygaard_0166.wav
0.017783664166927338,0.15407212950809426,1864.3682757843928,3862.0,259.0,7639.645717167832,5074.610459659266,571.6339611883902,475.7168266150313,unknown,unknown_nygaard_0167.wav
0.017216015607118607,0.08600537533595849,1505.9834394801012,3067.0,231.0,7709.018249210691,7760.268073308694,965.50599814544,146.8435362605711,unknown,unknown_nygaard_0168.wav
0.012721322476863861,0.09369335583473967,1488.890875391457,2822.0,665.0,3292.603301146308,7708.645421542613,635.9694710666236,73.8345196782891,unknown,unknown_nygaard_0169.wav
0.017752502113580704,0.10125632852053253,1660.419327469939,3364.0,235.0,7281.856400617999,2469.354038100799,839.9119341597943,133.65607279794887,unknown,unknown_nygaard_0170.wav
0.016532709822058678,0.10000625039064942,1494.3136559687473,3221.0,103.0,5026.6584187042245,1408.1817934375035,298.91981817701117,101.21626802323749,unknown,unknown_nygaard_0171.wav
0.008287886157631874,0.08331770735670979,1578.5679252718214,3698.0,228.0,3054.3635492353164,321.98155761556916,54.63266887107724,27.758848815590838,unknown,unknown_nygaard_0172.wav
0.011456485837697983,0.07994249640602538,1689.281081721256,3772.0,223.0,2603.7765942384503,465.47336441017353,134.24724299100302,37.8938814386936,unknown,unknown_nygaard_0173.wav
0.013820507563650608,0.08375523470216889,1381.519140626457,3202.0,293.0,9356.101754351328,1006.8299638044489,94.6963040135145,66.14074473746074,unknown,unknown_nygaard_0174.wav
0.009677073918282986,0.08969310581911369,1497.6291905502962,3172.0,191.0,3427.952753906534,1161.099221256061,127.90245403521342,40.045627673996975,unknown,unknown_nygaard_0175.wav
0.015597083605825901,0.08788049253078317,1743.0196570909468,3698.0,258.0,11384.446109676686,1385.9986138832246,622.4506354333257,160.18207278101346,unknown,unknown_nygaard_0176.wav
0.026040801778435707,0.08700543783986499,1415.3069141996289,3002.0,264.0,22431.53499536227,21167.873963812188,1317.3884750231075,754.6720423315958,unknown,unknown_nygaard_0177.wav
0.019501283764839172,0.08431776986061629,1393.4963567622349,2964.0,355.0,19097.237790645515,5215.921964751583,942.290907073391,350.9961065895713,unknown,unknown_nygaard_0178.wav
0.014684906229376793,0.10013125820363773,1539.5037682579366,3098.0,214.0,5348.950466795508,2805.5891131048793,608.4483883724807,118.30526142870585,unknown,unknown_nygaard_0179.wav
0.013769770041108131,0.10819426214138383,1765.0868146810576,3694.0,716.0,1443.2359241647816,2449.963869957748,300.5452366509345,72.01997740285559,unknown,unknown_nygaard_0180.wav
0.013981216587126255,0.08294268391774486,1644.4471473670762,3620.0,225.0,5399.291138529422,691.7230943715083,200.8834060438378,74.7236206444922,unknown,unknown_nygaard_0181.wav
0.009327100589871407,0.10700668791799488,1840.2403684988656,3778.0,200.0,2211.0606561018776,1053.857927434213,588.6868029203891,151.7507541892416,unknown,unknown_nygaard_0182.wav
0.009032036177814007,0.0919432464529033,1664.2491484862724,3817.0,219.0,2984.970576020115,352.227923182404,66.01679804931382,31.46594474969811,unknown,unknown_nygaard_0183.wav
0.010853472165763378,0.08725545346584161,1417.219854489626,3042.0,524.0,4175.102541612196,2647.8681020982417,175.61772567162916,56.52118915997545,unknown,unknown_nygaard_0184.wav
0.012276467867195606,0.12732045752859553,2178.8851772644302,5281.0,261.0,6259.95482901576,2259.4009049335605,513.0037104338963,255.57536063628874,unknown,unknown_nygaard_0185.wav
0.01324407383799553,0.09550596912307019,1669.4295663686714,3962.0,125.0,6766.34539037729,1031.4907127212948,111.16111283765882,114.74788752523664,unknown,unknown_nygaard_0186.wav
0.01145168300718069,0.0668791799487468,1450.9771226908247,3390.0,238.0,5383.64499572585,516.8596129554078,54.77950218872033,30.40982226419632,unknown,unknown_nygaard_0187.wav
0.016465360298752785,0.0844427776736046,1415.1131486862316,2887.0,443.0,5521.532196648801,2661.632271723729,191.9985915856804,47.39917876057697,unknown,unknown_nygaard_0188.wav
0.01739727333188057,0.09625601600100006,1549.9383679164434,3236.0,234.0,12362.125117691794,4657.054862229898,669.7853521588627,203.41510970963918,unknown,unknown_nygaard_0189.wav
0.07336338609457016,0.08769298081130071,1297.9959310911427,2623.0,361.0,241081.64995389717,34317.610601936016,3523.4726364612197,1192.9656453168586,unknown,unknown_nygaard_0190.wav
0.018901702016592026,0.08638039877492343,1458.2068151856583,3157.0,196.0,5992.934802672316,3312.8282142876337,303.4857068016569,106.49003757036743,unknown,unknown_nygaard_0191.wav
0.014249036088585854,0.09338083630226889,1629.3031869731349,3521.0,225.0,4688.6638847754875,3134.1795484440786,388.770439552678,167.8094784430652,unknown,unknown_nygaard_0192.wav
0.006700332276523113,0.11644477779861241,1690.686117826561,4088.0,209.0,2372.9408277334815,192.55959364873527,39.66435064478129,29.08076729254656,unknown,unknown_nygaard_0193.wav
0.014443661086261272,0.08238014875929746,1624.0271134896334,3732.0,259.0,7957.282893773334,1965.9736775413398,108.72772061954873,97.91930161790886,unknown,unknown_nygaard_0194.wav
0.012087640352547169,0.07444215263453965,1532.2137690238783,3572.0,181.0,3618.032513804748,480.4365204197049,73.97299762062075,38.259221762616804,unknown,unknown_nygaard_0195.wav
0.01647394336760044,0.0892555784736546,1579.7343665602182,3556.0,209.0,9656.241511087897,3972.8843862612953,415.5671731306494,227.1764421170281,unknown,unknown_nygaard_0196.wav
0.013531210832297802,0.10875679729983125,2002.2006015994816,4306.0,199.0,4169.3030419915685,1076.5135204956123,323.5660160865351,145.51380308943078,unknown,unknown_nygaard_0197.wav
0.009344645775854588,0.09250578161135072,1725.7250897843087,4324.0,194.0,3056.603244733031,338.823244602566,73.92340881950659,43.64124120344693,unknown,unknown_nygaard_0198.wav
0.011879196390509605,0.1109444340271267,1836.1535668321615,4420.0,217.0,3816.974160476714,581.8256275676024,99.19020258456771,63.109724597947206,unknown,unknown_nygaard_0199.wav
0.009058084338903427,0.09213075817238578,1851.1348699075186,3859.0,131.0,1465.6371927826372,800.139885605376,146.3888020353399,53.49097949967719,unknown,unknown_nygaard_0200.wav
0.032632697373628616,0.1708856803550222,869.315862471466,1464.0,205.0,49554.4131431125,4270.895155752471,143.46965081662748,30.070096221669097,unknown,unknown_random_0001.wav
0.05847176909446716,0.13557097318582412,1035.1334727689837,2078.0,409.0,198757.41398349614,60359.32702176862,6482.658499745137,924.795332685637,unknown,unknown_random_0002.wav
0.05456153675913811,0.08119257453590849,984.5850162446758,1769.0,376.0,224538.48700522014,30166.274474070422,6061.551742740787,140.51814107630517,unknown,unknown_random_0003.wav
0.03508828952908516,0.09856866054128383,1094.8001009901996,1397.0,746.0,21167.99862980671,52923.51669468441,445.78934647968276,60.304540990323154,unknown,unknown_random_0004.wav
0.03581790253520012,0.08456778548659291,931.9427594839116,1630.0,228.0,104789.70042721271,6349.00056104533,1427.3461026510329,49.21322882435865,unknown,unknown_random_0005.wav
0.016712099313735962,0.26270391899493717,2223.818043531066,4998.0,105.0,12045.067262624985,2560.4041207743635,369.2539921517765,419.01770212231327,unknown,unknown_random_0006.wav
0.029584219679236412,0.2005125320332521,921.218213131392,1812.0,204.0,38598.852742368836,3544.5959545601254,159.6045822746787,29.211575133764704,unknown,unknown_random_0007.wav
0.020332034677267075,0.13100818801175074,1219.1618011601033,3234.0,138.0,13976.074119896999,52.17826748448378,16.23463417262099,20.250875918548452,unknown,unknown_random_0008.wav
0.03515926003456116,0.1425089068066754,757.6131446663604,860.0,216.0,82139.33457846034,10039.115749467512,30.256040318724736,21.687541807224015,unknown,unknown_random_0009.wav
0.10062727332115173,0.08188011750734421,905.3635617922739,1057.0,550.0,84950.23286245481,248368.9635643586,336.082357062391,335.3923681230852,unknown,unknown_random_0010.wav
0.04199085384607315,0.1375710981936371,1137.379343454628,1978.0,614.0,73427.8377209755,81446.3410104635,6352.501144558119,305.74419442297017,unknown,unknown_random_0011.wav
0.015832606703042984,0.2828301768860554,2938.3118193386567,7036.0,105.0,6446.312258154589,3084.3333902292466,570.4044271737357,289.43711037351363,unknown,unknown_random_0012.wav
0.020902715623378754,0.21076317269829364,2006.1120811200667,4697.0,207.0,12215.115456634245,7204.529483412064,505.59861627885925,285.9987374390775,unknown,unknown_random_0013.wav
0.053057171404361725,0.07881742608913057,944.9298415812607,2579.0,229.0,219896.07510405473,446.75065180801414,2036.1216073277556,159.87569712051695,unknown,unknown_random_0014.wav
0.05337037518620491,0.13932120757547348,972.9464200680263,1570.0,129.0,208744.65229892576,58411.55393787638,1849.2183167758285,313.5298825803762,unknown,unknown_random_0015.wav
0.04925074428319931,0.05381586349146822,974.0549969853244,1475.0,170.0,36857.69808299779,10025.780147519292,124.4097741485128,52.52160637833079,unknown,unknown_random_0016.wav
0.055415134876966476,0.16569785611600726,681.9174102444447,778.0,448.0,190559.08462072237,49295.01383942241,96.87179528421876,43.76354232712616,unknown,unknown_random_0017.wav
0.04683142527937889,0.08381773860866304,1442.7970152497649,2996.0,282.0,85430.5242196454,128.56330277456004,1788.7020798872547,201.7897235115022,unknown,unknown_random_0018.wav
0.032132022082805634,0.15194699668729295,1274.8369854768152,2343.0,206.0,18909.87711297683,8469.604548693773,529.4239024311132,110.66715536083086,unknown,unknown_random_0019.wav
0.0864424780011177,0.09713107069191824,703.6642831247165,689.0,533.0,142849.10026683484,291641.1938221909,39.53029926682629,104.69272430539908,unknown,unknown_random_0020.wav
0.060355182737112045,0.08894305894118383,884.2189710345374,1448.0,229.0,269789.62065031764,9452.911854967568,1529.9076598782053,93.62727995700737,unknown,unknown_random_0021.wav
0.03986210376024246,0.22657666104131508,3566.135046025089,6632.0,537.0,4564.724552241499,9828.378502975045,351.9688033543192,2604.8816337815742,unknown,unknown_random_0022.wav
0.05407262593507767,0.09013063316457279,1313.5554422306832,2362.0,127.0,98723.23637356097,103296.16376223796,30466.199691567206,183.09325169923744,unknown,unknown_random_0023.wav
0.03010631911456585,0.11006937933620851,1115.1997476681343,1503.0,350.0,38518.83012520922,28576.02799599561,619.8495774691305,76.19642713450325,unknown,unknown_random_0024.wav
0.03099828213453293,0.18451153197074818,1811.0532120996274,4204.0,234.0,63479.696371056845,781.5725861936683,693.1622205757678,1051.3298723632656,unknown,unknown_random_0025.wav
0.04302700236439705,0.08194262141383836,862.91660356487,992.0,239.0,40741.12122864494,18727.42672578287,57.921110258422985,28.43909651498713,unknown,unknown_random_0026.wav
0.04820701479911804,0.1517594849678105,1134.2768819016133,1660.0,333.0,53742.94593338741,121129.00728261635,1664.1400461511817,264.34398007352684,unknown,unknown_random_0027.wav
0.05525733903050423,0.0827551721982624,1123.4561083451904,2435.0,368.0,268458.7948268005,5065.40176295877,5049.441844467892,592.2522325583151,unknown,unknown_random_0028.wav
0.01735038124024868,0.22620163760235015,1476.9285817015514,4105.0,204.0,8654.269124731756,21.566749209287156,13.299499614431678,19.901041393204306,unknown,unknown_random_0029.wav
0.04919624328613281,0.06219138696168511,795.8268033093354,1107.0,249.0,187565.16608102128,884.4269855834127,358.015658753767,124.17720404815842,unknown,unknown_random_0030.wav
0.016046548262238503,0.1542596412275767,1486.8372831670615,3971.0,50.0,4544.838537991013,122.24358344696499,22.099599159910767,23.849156136969818,unknown,unknown_random_0031.wav
0.04039774090051651,0.17607350459403712,1637.597976309794,3520.0,344.0,74321.44454669417,29210.62099777827,6859.209832091293,1141.9762820040519,unknown,unknown_random_0032.wav
0.03666746988892555,0.07650478154884681,1563.3155974353424,3325.0,274.0,29408.20521732942,8366.275394486363,2188.6234606115204,696.4022154841126,unknown,unknown_random_0033.wav
0.02226809784770012,0.1712607037939871,1433.3814071148406,2899.0,345.0,11379.403872820105,1157.8853402066304,608.6022554092466,63.25061437228341,unknown,unknown_random_0034.wav
0.02658846788108349,0.13650853178323646,1152.7653551212695,1734.0,206.0,21773.055570671073,25793.04024854058,487.06573912622855,85.49506090191164,unknown,unknown_random_0035.wav
0.044756680727005005,0.16913557097318582,1167.3099598155557,2451.0,332.0,103709.86103676129,8632.352676327233,3254.6956500632227,309.52571932938497,unknown,unknown_random_0036.wav
0.06954547017812729,0.09163072692043253,1035.173980415155,1651.0,534.0,62194.691068512606,258204.58367519864,7485.203094052311,237.89427571054398,unknown,unknown_random_0037.wav
0.05020519345998764,0.07519219951246953,743.0518180352766,824.0,229.0,172596.1208683931,4468.496489783646,84.73881328417072,57.82989563092943,unknown,unknown_random_0038.wav
0.02644166350364685,0.10506906681667605,1114.154153939747,1647.0,203.0,38748.0887761271,6762.0317689979765,62.205628621986,59.69894496782553,unknown,unknown_random_0039.wav
0.04881717264652252,0.15575973498343645,2495.0917696963274,5799.0,417.0,157915.71494912324,11483.812247370712,3533.271852478054,7395.1602758177005,unknown,unknown_random_0040.wav
0.05485023930668831,0.14638414900931307,859.9712084209017,1854.0,235.0,294739.0864826089,9284.603635238584,2253.1782419275605,296.80113755059494,unknown,unknown_random_0041.wav
0.03436397761106491,0.27057941121320084,2864.384210625054,6293.0,290.0,29661.27118760018,2047.530185738788,254.3577955898491,2397.153008685609,unknown,unknown_random_0042.wav
0.04425264894962311,0.18619913744609037,883.0927707373446,1314.0,205.0,69204.60779533436,60045.75968500395,764.9547876673074,78.92637175177909,unknown,unknown_random_0043.wav
0.03712930902838707,0.09056816051003187,1464.6030195899064,3529.0,344.0,30699.859424770286,250.09411580882264,422.3304999619987,342.63071305457106,unknown,unknown_random_0044.wav
0.045154523104429245,0.15694730920682542,2195.736605264911,5762.0,333.0,59010.61821296139,3947.5845984225816,675.0643513786935,1747.287132056037,unknown,unknown_random_0045.wav
0.06109846755862236,0.12375773485842866,937.681967981477,2226.0,135.0,331816.4336766944,2341.128059845896,4604.330778240381,191.53734203606038,unknown,unknown_random_0046.wav
0.01799878105521202,0.2005125320332521,2685.5146785353604,6085.0,228.0,5678.550771499235,811.0076696448932,274.94520842371196,511.2012642486105,unknown,unknown_random_0047.wav
0.028788531199097633,0.12957059816238514,2713.509752718112,5976.0,50.0,393.94304843934276,32.90118354757995,12.344916458060148,16.397411795927884,unknown,unknown_random_0048.wav
0.036797042936086655,0.2004500281267579,1172.7862007954125,2673.0,121.0,65388.31383836283,919.0452491540498,1037.156424050588,81.4418193573019,unknown,unknown_random_0049.wav
0.0206318162381649,0.24889055565972873,2212.7049744244405,5168.0,433.0,11647.520899138566,9449.036130727298,703.0087900364535,323.13125998722046,unknown,unknown_random_0050.wav
0.04732174053788185,0.155572223263954,1179.1509451285328,2528.0,344.0,95019.14069786476,28387.897458122596,541.858882668627,371.14962685605826,unknown,unknown_random_0051.wav
0.05794214457273483,0.12175760985061566,793.3099603574356,1597.0,235.0,339703.8690079332,6503.246801282951,1337.5864081118864,185.61554757129664,unknown,unknown_random_0052.wav
0.07868792116641998,0.10750671916994813,1712.3325123898903,4139.0,290.0,119430.41696552289,26831.270084167823,1372.0030250179161,1475.0149208321288,unknown,unknown_random_0053.wav
0.06394638121128082,0.18338646165385336,920.7588579406344,1793.0,261.0,239928.23600453307,12609.847205127098,2854.3279153448193,360.37090889461035,unknown,unknown_random_0054.wav
0.04317164048552513,0.16869804362772672,1468.5422768381818,3353.0,206.0,66878.11604494463,46551.68371672584,313.04636753299445,896.1359385284125,unknown,unknown_random_0055.wav
0.03813043236732483,0.07400462528908057,1190.9165207320175,2492.0,208.0,108008.93592588465,3392.243221292794,2405.3850819617146,301.86332702280043,unknown,unknown_random_0056.wav
0.025961782783269882,0.1523220201262579,1170.3144328059273,1718.0,205.0,25385.481880002993,17825.52423553847,625.1402185402604,89.36797734351087,unknown,unknown_random_0057.wav
0.08009945601224899,0.07994249640602538,1054.4974677646455,1604.0,511.0,233861.10908509782,318831.3549571956,6693.6043271166745,1329.0580867697436,unknown,unknown_random_0058.wav
0.05944447964429855,0.1401337583598975,788.7386369304663,1192.0,262.0,306391.65934682917,21368.510790307384,486.1246435271621,146.5657425758882,unknown,unknown_random_0059.wav
0.005829865112900734,0.23751484467779235,2317.2555993800347,4920.0,235.0,883.790229014222,723.6359123191269,95.14589245962145,118.00976422368447,unknown,unknown_random_0060.wav
0.0469471700489521,0.10844427776736046,1380.4610775016647,2717.0,345.0,134981.70368051602,23759.488185799062,12003.388290007539,787.1373169508361,unknown,unknown_random_0061.wav
0.050653956830501556,0.08469279329958122,618.4680778723654,721.0,260.0,175126.20171063673,19509.700741032077,38.88153092517402,21.195688404806898,unknown,unknown_random_0062.wav
0.048325568437576294,0.1610725670354397,1340.490269209652,3129.0,313.0,45042.35574819789,5338.491231995243,110.25755178600397,241.61589902623922,unknown,unknown_random_0063.wav
0.06002301722764969,0.23513969623101444,1592.6032809403087,3094.0,637.0,15093.802164868237,262090.2826890286,5404.49151090485,2349.7522631526845,unknown,unknown_random_0064.wav
0.07299159467220306,0.11525720357522345,730.2346913315452,1255.0,268.0,504109.55631961935,6233.587968081198,1328.000280576759,389.28229456074536,unknown,unknown_random_0065.wav
0.05197272449731827,0.14675917244827802,846.6261125311345,1312.0,490.0,143653.96638683224,43644.45728684951,841.1737023080119,140.89059099036416,unknown,unknown_random_0066.wav
0.026326822116971016,0.1677604850303144,2243.156086842848,5317.0,264.0,781.1415677471147,34.58500402094408,31.813689472776705,20.189780090482316,unknown,unknown_random_0067.wav
0.057824477553367615,0.13163322707669228,949.0625525478995,1325.0,247.0,158370.3598347113,160078.8378842851,1552.9055716243283,325.6117671683198,unknown,unknown_random_0068.wav
0.033660173416137695,0.19232452028251765,1642.9788924745378,3775.0,228.0,41483.23446294319,18289.180464339468,406.78449186504963,1048.1159476301427,unknown,unknown_random_0069.wav
0.048123691231012344,0.23776486030376898,2948.400912354537,6615.0,417.0,146027.87487379703,5194.08183431074,1272.8165159733353,4561.98810714602,unknown,unknown_random_0070.wav
0.03284940868616104,0.14957184824051503,1048.2693828189563,1855.0,206.0,64699.953066975824,21948.660896185636,1380.2538361199574,97.41071557374194,unknown,unknown_random_0071.wav
0.03792186081409454,0.1545721607600475,2223.2124180784435,5789.0,230.0,54645.918499921114,44149.1882722305,726.9763128879913,2426.296810736,unknown,unknown_random_0072.wav
0.03190479427576065,0.11913244577786111,1238.9650456355484,2810.0,207.0,27719.295662980025,4049.888207085068,26.39000629137491,54.03261986796263,unknown,unknown_random_0073.wav
0.04862923547625542,0.16751046940433778,1173.7257340143742,2326.0,289.0,42696.46344319233,7146.675281372977,952.4075178235582,115.15357083489829,unknown,unknown_random_0074.wav
0.04797174409031868,0.2126382898931183,1127.3480385119808,1793.0,131.0,206897.63498948404,42062.29613153559,1011.9513379384005,293.2398202232786,unknown,unknown_random_0075.wav
0.052744973450899124,0.0573785861616351,929.9254747794454,1561.0,333.0,138584.32148149086,36428.69056224081,806.1680638154758,138.30005600916493,unknown,unknown_random_0076.wav
0.059324026107788086,0.2172010750671917,2914.453547134033,6402.0,338.0,57418.2828076289,1089.9208960400424,929.0349425594145,2259.97495075334,unknown,unknown_random_0077.wav
0.039689794182777405,0.15550971935745983,1010.5891826736126,1867.0,217.0,121559.46009935523,17230.53679392794,1688.2122067754622,52.40498428662635,unknown,unknown_random_0078.wav
0.051160652190446854,0.06894180886305394,997.2302604803399,2572.0,229.0,209151.7582166858,619.5144967141289,1874.7130885035456,212.528199648481,unknown,unknown_random_0079.wav
0.02942044846713543,0.10231889493093319,1119.988369889264,1527.0,498.0,13450.96582184977,18644.0674791671,125.48469603669105,50.0241437249455,unknown,unknown_random_0080.wav
0.03087260015308857,0.17563597724857805,899.3763798384979,1543.0,217.0,47961.50848633821,2826.6841181518307,191.4656431818369,40.994702113218196,unknown,unknown_random_0081.wav
0.03298536315560341,0.08419276204762798,1735.003150860107,4145.0,213.0,16836.013090328164,132.10818802469788,83.20367334469468,216.3687869912638,unknown,unknown_random_0082.wav
0.028561830520629883,0.10156884805300331,1291.794995758289,2673.0,319.0,44162.545990473736,226.91189345319654,842.9193914326697,46.24586488796359,unknown,unknown_random_0083.wav
0.04394970461726189,0.07794237139821239,1389.1132230460553,2985.0,509.0,113281.33679009444,46885.61735256817,15974.938259854476,3930.912229385846,unknown,unknown_random_0084.wav
0.064612977206707,0.18757422338896182,684.2132441158594,777.0,386.0,202161.73132528446,20853.44089509398,26.46384123458379,29.453048419921515,unknown,unknown_random_0085.wav
0.06231994554400444,0.09188074254640916,1094.724611370257,1578.0,676.0,53773.11417642387,162484.8628830281,1869.5889147265893,378.7936230682539,unknown,unknown_random_0086.wav
0.05056970193982124,0.06250390649415588,926.940178403941,1303.0,277.0,142297.60817944724,25095.178367579203,195.84413318524904,151.33827087425865,unknown,unknown_random_0087.wav
0.03796060383319855,0.0691293205825364,937.768676553784,1563.0,288.0,48005.720665408204,36431.57273051713,943.7457394579197,108.17355426146895,unknown,unknown_random_0088.wav
0.014497787691652775,0.2692043252703294,2884.750165711852,6649.0,377.0,5410.582167025834,84.44707654604063,59.22415555870029,626.1088026799769,unknown,unknown_random_0089.wav
0.022451847791671753,0.1119444965310332,1213.1524637433954,2555.0,418.0,17063.083785870043,2272.4329836394263,353.15192711168265,52.81968480760635,unknown,unknown_random_0090.wav
0.039996594190597534,0.14757172323270204,985.869378241165,1811.0,247.0,149346.98129113467,24491.31980313445,2533.523130970145,255.28746055233592,unknown,unknown_random_0091.wav
0.05020423233509064,0.0742546409150572,778.3814310410677,1067.0,266.0,199694.8564255426,19615.984051276908,205.2655295402887,173.39975674800152,unknown,unknown_random_0092.wav
0.06815430521965027,0.13694605912869554,929.4194284654202,999.0,536.0,20507.005850754573,228638.0908974029,69.11472154035813,144.09554729808102,unknown,unknown_random_0093.wav
0.05126684159040451,0.2472029501843865,1347.7121621787321,2714.0,761.0,73960.49088553937,141189.11814402227,9577.729747174424,799.5950454108693,unknown,unknown_random_0094.wav
0.032263774424791336,0.10794424651540721,963.377498818288,1167.0,207.0,28205.383356253595,2123.170370933269,16.59647382649927,26.767738943515276,unknown,unknown_random_0095.wav
0.04177616909146309,0.09356834802175136,1050.7910310196728,2523.0,121.0,163815.02016760255,3271.671221009907,1524.9500806764804,228.27818603833666,unknown,unknown_random_0096.wav
0.04253444820642471,0.18951184449028063,1262.049836580092,2841.0,242.0,127721.4079043522,12102.989971021538,2376.554826883817,514.0368093094642,unknown,unknown_random_0097.wav
0.04182250425219536,0.08313019563722733,1079.2909783369216,1655.0,228.0,44344.89940115585,49125.07691458344,4059.685460096212,84.22111381434448,unknown,unknown_random_0098.wav
0.026175500825047493,0.1591349459341209,2067.8960464141364,5152.0,337.0,12901.996373782222,4762.1070869159885,375.3681005422503,555.6107305644204,unknown,unknown_random_0099.wav
0.0330985002219677,0.14257141071316956,1420.3689787874473,2827.0,676.0,3118.456536618617,34688.281413036544,271.51843929150795,307.9910387080279,unknown,unknown_random_0100.wav
0.03556499257683754,0.17388586786674168,1152.0869292204702,1844.0,203.0,54217.64693533384,42044.63689551437,1601.753900432304,203.1217656907911,unknown,unknown_random_0101.wav
0.03711986914277077,0.10944434027126695,1118.7181127477656,2176.0,229.0,101472.7747752585,4429.80466833883,2148.98048498534,67.7139728153263,unknown,unknown_random_0102.wav
0.04887061193585396,0.07025439089943121,845.1401822114744,1024.0,313.0,116000.89936027597,21624.692518775206,136.39876576217523,63.04703488133271,unknown,unknown_random_0103.wav
0.03976990655064583,0.17832364522782673,1441.7562837070627,2868.0,587.0,10150.96331115186,59748.49323085006,1395.5779447561238,321.9311269248926,unknown,unknown_random_0104.wav
0.05775541439652443,0.0726920432527033,792.2937003786437,954.0,332.0,108210.71592379507,125785.10254300041,64.1495533507956,99.9578009670867,unknown,unknown_random_0105.wav
0.04774409532546997,0.12325770360647541,2012.857793799925,5513.0,336.0,94155.40689518869,13389.588179980252,1264.2712834129043,1647.59689977241,unknown,unknown_random_0106.wav
0.03988251835107803,0.07994249640602538,1099.0513929178403,2171.0,208.0,108895.20693210614,7305.415365635506,2791.296472471585,122.0091768227998,unknown,unknown_random_0107.wav
0.04456697404384613,0.16682292643290206,1675.7352690835708,4076.0,313.0,80872.24965780518,1484.894502177694,468.46244650580127,359.36250538829785,unknown,unknown_random_0108.wav
0.05769806355237961,0.075379711231952,1055.9153099881162,1682.0,480.0,46516.10815532517,118583.97237926131,2525.23686362279,307.86863105966256,unknown,unknown_random_0109.wav
0.036761634051799774,0.20457528595537222,3116.8706044473124,7120.0,229.0,87300.76502934855,386.4147137880824,1323.8155103995573,1774.9791301717632,unknown,unknown_random_0110.wav
0.04755951836705208,0.122695168448028,1064.6132011166326,2465.0,261.0,162908.35544001815,18551.486688881425,4196.940514348607,340.7489941197521,unknown,unknown_random_0111.wav
0.047734614461660385,0.15688480530033128,1195.1130293286265,2693.0,408.0,145750.1595733485,2796.911257986942,425.0227015651651,270.9409385693032,unknown,unknown_random_0112.wav
0.053735218942165375,0.11850740671291955,1101.1251464532456,2417.0,208.0,189204.59630729794,70182.98100528862,10106.270707002686,571.9246590646866,unknown,unknown_random_0113.wav
0.0671594887971878,0.06506656666041627,832.2952068039764,1534.0,369.0,315141.45782420406,5548.414025442833,1412.0030025228307,198.46057877168346,unknown,unknown_random_0114.wav
0.0425141304731369,0.08825551596974811,1201.5200993276733,2606.0,284.0,14529.398524672546,371.13820181653426,166.8419166326778,26.23799034165437,unknown,unknown_random_0115.wav
0.03182925656437874,0.16044752797049816,1197.090252213845,2255.0,207.0,32827.505219250685,10512.337897255857,2304.2263044557635,44.556187765992,unknown,unknown_random_0116.wav
0.06712459772825241,0.06925432839552471,878.3557521635757,1250.0,513.0,219456.06064696176,127061.17264996428,1397.637192181117,517.6695265117927,unknown,unknown_random_0117.wav
0.04640261456370354,0.06575410963185199,977.8552181563476,1650.0,406.0,118723.08459399035,2424.2644250132685,1502.2553970951055,59.75694343142,unknown,unknown_random_0118.wav
0.05924196168780327,0.06481655103443965,784.3414498169344,1647.0,252.0,308389.509194172,1187.419327680293,1115.7941962970021,139.40302791535586,unknown,unknown_random_0119.wav
0.05827336385846138,0.12700793799612475,968.0173325021058,1129.0,535.0,16421.989443687697,83293.64956326672,124.50554218564015,57.154795319812884,unknown,unknown_random_0120.wav
0.07229961454868317,0.11331958247390463,1103.3365354695252,1576.0,488.0,172184.02989347326,112095.48078131332,1346.7548523532982,1063.3196567188797,unknown,unknown_random_0121.wav
0.039584532380104065,0.1401337583598975,750.5300872912329,790.0,433.0,112045.86397088043,2645.3820729747827,27.7347627592557,23.55702013170172,unknown,unknown_random_0122.wav
0.07512523233890533,0.08238014875929746,1011.6016162359285,1760.0,535.0,39181.7543576004,154586.25011918152,1120.5969249186892,198.67483054877283,unknown,unknown_random_0123.wav
0.08198821544647217,0.08188011750734421,857.7821233337329,1150.0,551.0,147635.2529068721,405202.4040623723,1115.5652603868102,418.84434018841085,unknown,unknown_random_0124.wav
0.05214855074882507,0.07619226201637602,1154.8169692344752,2499.0,246.0,202056.70530995884,1263.3952786271536,10794.002499842314,221.46991878772212,unknown,unknown_random_0125.wav
0.062290240079164505,0.06931683230201888,724.1359187978202,924.0,404.0,390905.33283929725,8758.848292759692,207.7510674439059,119.66995198858996,unknown,unknown_random_0126.wav
0.06101226434111595,0.12494530908181761,777.3968693057616,1190.0,264.0,263065.0661431853,3759.685040072185,520.6517851589356,117.03513439215222,unknown,unknown_random_0127.wav
0.056680526584386826,0.06950434402150134,677.7072049227805,744.0,298.0,197507.53536073683,10070.149877472453,28.621887597495586,27.4292232121989,unknown,unknown_random_0128.wav
0.047201968729496,0.19882492655790987,1210.6904759311196,2706.0,126.0,73397.30339123713,47070.06961920698,4095.857024340019,520.3851922649656,unknown,unknown_random_0129.wav
0.04917312040925026,0.143946496656041,1029.339192556605,1503.0,204.0,55814.054304082565,103636.83476717038,2467.8097371442573,125.66506840382492,unknown,unknown_random_0130.wav
0.06338348239660263,0.11994499656228515,2418.207535888571,5955.0,532.0,125478.1545281419,286457.1605177509,13877.248976895764,6468.372450971234,unknown,unknown_random_0131.wav
0.059248585253953934,0.08031751984499032,1347.2069610703809,3527.0,343.0,229527.13162097908,3782.5184610945294,1138.571068774637,449.8898897913949,unknown,unknown_random_0132.wav
0.036924321204423904,0.07356709794362147,1000.6936350012587,1398.0,228.0,42513.27123006713,32995.86588376899,719.0449039250682,35.712933331325985,unknown,unknown_random_0133.wav
0.043189678341150284,0.18176136008500532,1466.4108249215901,3592.0,349.0,38777.62641729064,27963.58680687442,289.5561189347018,404.1766206581913,unknown,unknown_random_0134.wav
0.06519223749637604,0.0973185824114007,1254.8661220574165,2474.0,353.0,283006.02361076715,47899.164566810396,16254.351015120306,1319.215266672809,unknown,unknown_random_0135.wav
0.005225268192589283,0.2352022001375086,2271.1519381732755,5491.0,59.0,654.6531835072436,45.958981005990296,20.388738981554333,22.40902119582325,unknown,unknown_random_0136.wav
0.026899423450231552,0.09513094568410525,1209.2476356213008,2477.0,130.0,40759.03870665576,7719.635339977908,510.7497717876371,111.9839034886313,unknown,unknown_random_0137.wav
0.05243341252207756,0.21032564535283454,1934.968097680437,4659.0,545.0,54635.487000131034,98035.46772416488,2662.393709800177,3449.457047740618,unknown,unknown_random_0138.wav
0.030677668750286102,0.07725482842677667,1353.8353431280032,3521.0,227.0,15892.674426407393,278.1208018407983,71.67607139768849,56.93591564719668,unknown,unknown_random_0139.wav
0.04700738936662674,0.06775423463966498,932.9719177638274,1536.0,135.0,113656.7370629086,32845.1473902601,446.158945460834,132.308202126614,unknown,unknown_random_0140.wav
0.041519418358802795,0.14869679354959686,1061.100632308923,1625.0,234.0,76045.94419061544,39226.63291124216,2348.975428666131,117.5585161702464,unknown,unknown_random_0141.wav
0.047850947827100754,0.16413525845365334,958.436994532841,1472.0,228.0,209236.8684262369,17912.357256675525,800.8672812443089,104.91074005300734,unknown,unknown_random_0142.wav
0.034790102392435074,0.10619413713357084,1695.172433639945,4747.0,287.0,7924.088045376022,41.08919240894463,27.536979880485397,33.94266227450909,unknown,unknown_random_0143.wav
0.014558687806129456,0.20226264141508846,1385.996975209986,3095.0,207.0,7565.991385895316,460.21254158497004,93.28027487147341,28.905706206310626,unknown,unknown_random_0144.wav
0.08005348592996597,0.11269454340896307,762.4723803265243,888.0,549.0,104344.88306211062,394994.2458107481,109.11566613691095,203.40173712123857,unknown,unknown_random_0145.wav
0.05387238413095474,0.14188386774173387,1639.8146667417432,3790.0,587.0,14484.376761460759,62013.11714737975,2350.1482301737733,730.8710251873354,unknown,unknown_random_0146.wav
0.027259422466158867,0.18726170385649102,1033.7692098725547,1968.0,206.0,44958.23416846087,4380.178958740575,478.5926960328985,48.19117232591625,unknown,unknown_random_0147.wav
0.07040537893772125,0.15207200450028127,1871.813116623145,4214.0,512.0,26508.420996414538,185020.1243302089,3635.391107875817,2279.9614137406925,unknown,unknown_random_0148.wav
0.040327947586774826,0.16857303581473843,714.3919648224551,830.0,349.0,132406.30559584353,18705.37300316733,24.699712953318425,19.29746945746754,unknown,unknown_random_0149.wav
0.025841375812888145,0.09100568785549097,1495.9255561755847,3566.0,208.0,12301.699148666397,143.28927696686276,96.49590860256902,120.67514728894807,unknown,unknown_random_0150.wav
0.022100308910012245,0.09325582848928057,1106.989047691167,1637.0,532.0,7553.044819155979,8058.5329271420815,90.13392464385885,22.72478941212731,unknown,unknown_random_0151.wav
0.06573178619146347,0.18013625851615725,1169.8638846073545,2607.0,289.0,141233.65292383893,102770.50340231886,3876.482434432733,1303.8617853033263,unknown,unknown_random_0152.wav
0.03950934112071991,0.0939433714607163,1206.4235143546687,3070.0,132.0,97416.00199537551,83.56732084789923,84.82822614553957,71.93069160380091,unknown,unknown_random_0153.wav
0.03309529647231102,0.09988124257766111,1252.2532682161448,1756.0,712.0,5429.2621220981755,63047.00383466199,2900.695015514102,163.6618443589966,unknown,unknown_random_0154.wav
0.05429155007004738,0.07287955497218576,835.0071024823213,1722.0,130.0,268225.8455607175,5501.121776500795,2257.881641669885,106.7358671689738,unknown,unknown_random_0155.wav
0.029181472957134247,0.16669791861991373,1718.4312925401234,3925.0,205.0,51543.22625773903,12218.35571310673,1864.623620069964,647.2321979094664,unknown,unknown_random_0156.wav
0.08479030430316925,0.05819113694605913,844.3544841505154,1745.0,408.0,737207.3890253009,19528.57902762444,4009.0153157386903,244.96388050685994,unknown,unknown_random_0157.wav
0.021036645397543907,0.15900993812113257,1316.10050808705,3252.0,208.0,24674.914484245426,30.99716722788491,59.351080456446205,47.978190265571385,unknown,unknown_random_0158.wav
0.02957332134246826,0.19488718044877804,2282.0797514480782,6217.0,326.0,64768.5458061292,1779.101626727811,494.5045919181995,849.8461255126128,unknown,unknown_random_0159.wav
0.051816727966070175,0.08469279329958122,1152.8916911678616,1825.0,302.0,51312.954489162286,40299.91448050884,250.18004739903702,153.0615752562225,unknown,unknown_random_0160.wav
0.05264705419540405,0.14032127007937997,1013.5886855438014,1867.0,455.0,247670.37747515726,2360.5228055639627,842.9807471335725,275.93680405813245,unknown,unknown_random_0161.wav
0.031089134514331818,0.18638664916557285,3028.760843210972,6612.0,50.0,956.9675696232596,25.872027607490132,31.42474199882392,40.05152324455045,unknown,unknown_random_0162.wav
0.04946498945355415,0.12988311769485592,1041.6982896236318,2495.0,228.0,174273.90230887168,15854.12527960989,2970.8553980087063,177.88743281909893,unknown,unknown_random_0163.wav
0.05798952281475067,0.06137883617726108,946.1068346271718,1702.0,340.0,214847.09038948617,54613.99976569454,3678.132298395196,419.6795606909769,unknown,unknown_random_0164.wav
0.035920798778533936,0.0790674417151072,1208.855612153124,2040.0,578.0,13873.722053181838,21999.340194203585,236.3276817140505,69.46996145245376,unknown,unknown_random_0165.wav
0.05267711356282234,0.12725795362210138,1751.1028831411768,5256.0,299.0,80276.91845023405,3169.197820209403,50.95096143880594,364.94755681355025,unknown,unknown_random_0166.wav
0.06789074838161469,0.13607100443777737,922.0407388091528,2277.0,237.0,432757.24912173004,3669.58852240547,4061.043921546913,556.9118979842322,unknown,unknown_random_0167.wav
0.0448906272649765,0.09138071129445591,1372.5791971209335,2702.0,208.0,69292.74824123138,15741.762947996087,4564.705492060064,878.0797044561002,unknown,unknown_random_0168.wav
0.04706345126032829,0.09619351209450591,934.5045411577187,1338.0,138.0,164331.1708584263,6944.468027211342,187.0434764816402,180.41885572962266,unknown,unknown_random_0169.wav
0.04767273738980293,0.061316332270766924,1042.3448983495277,2365.0,413.0,95344.59092535193,3498.9537526439835,1094.0045034593832,187.69911408290017,unknown,unknown_random_0170.wav
0.03376569226384163,0.12325770360647541,1249.7623083933022,2366.0,500.0,17444.642028176153,15413.599964334491,1632.3185689547813,73.12151210701194,unknown,unknown_random_0171.wav
0.05750219151377678,0.1684480280017501,1733.2954475531399,4201.0,263.0,230273.6132300914,3243.2512428430528,778.3082213137407,833.7644282711797,unknown,unknown_random_0172.wav
0.029220804572105408,0.16432277017313582,1311.3960211774586,2812.0,204.0,73522.6428368981,1958.1989393755193,690.2028676084699,145.8757780225475,unknown,unknown_random_0173.wav
0.03267606347799301,0.094630914432152,1362.0560804892662,2681.0,136.0,69449.9814208794,29878.818407027677,4094.3097726744973,468.3248747218066,unknown,unknown_random_0174.wav
0.04525728151202202,0.19644977811113196,1174.1887225779726,2738.0,137.0,170484.1702029407,3242.2433983840237,2179.606981008995,336.86294424675714,unknown,unknown_random_0175.wav
0.033287227153778076,0.075379711231952,1022.7762140797225,2625.0,158.0,54239.212331128,125.29426475966662,178.44395895089025,153.05182740797758,unknown,unknown_random_0176.wav
0.056078922003507614,0.12375773485842866,743.1223218434227,930.0,338.0,315589.30594744254,6748.424322928472,27.902191470095243,22.073002557537873,unknown,unknown_random_0177.wav
0.05353512614965439,0.08694293393337084,694.140042120111,806.0,228.0,210932.74487677618,35154.32766968155,195.76725764772405,31.65140236939184,unknown,unknown_random_0178.wav
0.05929919332265854,0.2486405400337521,2046.8333004831454,5072.0,410.0,264172.07571998617,11450.063080294172,6633.176108329343,2677.5500978268055,unknown,unknown_random_0179.wav
0.036691486835479736,0.2234514657166073,3507.460947020876,7258.0,120.0,58993.18848998859,544.8267770503094,1473.0478672060367,1648.370729795892,unknown,unknown_random_0180.wav
0.08058355003595352,0.06287892993312082,765.7080323214043,1096.0,338.0,489606.2148851844,30234.15723633252,375.59489718441677,193.82708260810185,unknown,unknown_random_0181.wav
0.042656462639570236,0.14800925057816114,2869.9601850613517,6381.0,207.0,86866.99387171649,12939.863222625281,793.1864238118858,5917.2799504148625,unknown,unknown_random_0182.wav
0.05919661745429039,0.07237952372023251,905.4509880218781,1515.0,262.0,186072.18537027604,38021.82496547329,2437.869415602855,66.11485125261623,unknown,unknown_random_0183.wav
0.03241898491978645,0.09325582848928057,1371.514773210154,2918.0,333.0,80877.1804912636,6775.230858029651,2923.7737539735976,748.2117657820597,unknown,unknown_random_0184.wav
0.03987507149577141,0.09800612538283643,1463.9363846826452,2964.0,206.0,38040.03375977133,14340.250010945365,2847.02035711492,540.2830082605668,unknown,unknown_random_0185.wav
0.05750163644552231,0.11044440277517345,850.4097021943352,1032.0,339.0,118654.96283412879,53395.85804773596,366.66770245806936,203.39438801050937,unknown,unknown_random_0186.wav
0.048760704696178436,0.1030064379023689,999.6143934424209,1203.0,611.0,21755.370161946696,39355.8678079759,136.09810037549397,83.93100555224302,unknown,unknown_random_0187.wav
0.028624892234802246,0.1726982936433527,1547.596862027739,3534.0,513.0,9808.276811405467,20122.545446860695,57.4576626724321,153.69979421426433,unknown,unknown_random_0188.wav
0.050392843782901764,0.10981936371023189,1950.1638281743337,5360.0,262.0,201668.9161112829,5792.444126065333,1039.3466485076278,1222.2684785693898,unknown,unknown_random_0189.wav
0.025281812995672226,0.18657416088505532,903.9547231898263,885.0,408.0,39918.30169792333,11725.82017194639,11.80508584418723,18.213199325173267,unknown,unknown_random_0190.wav
0.035917241126298904,0.22813925870366897,1362.100865191915,2943.0,263.0,124161.91886223674,152.73318338441265,1460.9559355450274,156.1209808481704,unknown,unknown_random_0191.wav
0.03789878264069557,0.18088630539408712,897.3667867035339,1584.0,131.0,111717.91946859758,1946.8401108106605,380.9160585866654,75.079644262084,unknown,unknown_random_0192.wav
0.06577877700328827,0.06519157447340458,756.0821027976044,1034.0,468.0,399716.42066110694,14927.619299600185,118.53312778812084,157.0677612401777,unknown,unknown_random_0193.wav
0.01720171421766281,0.2120757547346709,1700.3259060239225,3954.0,102.0,7048.305094403984,373.3274533701993,129.79720220723328,148.2617711161626,unknown,unknown_random_0194.wav
0.018849536776542664,0.1385711606975436,2469.477447616962,6516.0,207.0,13593.018750496694,3000.0432813407306,476.3167953162868,220.72337787082049,unknown,unknown_random_0195.wav
0.030833421275019646,0.19657478592412025,1206.2738808111822,2532.0,217.0,43520.77746198924,9107.909886737705,1684.7469800626695,118.10933222768509,unknown,unknown_random_0196.wav
0.08185620605945587,0.08450528158009876,676.2672712087177,684.0,607.0,145654.41071587373,233926.65605888882,41.01688821626759,92.1972082180639,unknown,unknown_random_0197.wav
0.052306003868579865,0.08525532845802862,787.0377919151124,1033.0,337.0,194529.34889038737,16002.263766133598,307.5047177697284,52.799114493304884,unknown,unknown_random_0198.wav
0.04873239994049072,0.10438152384524033,964.5261461671392,1496.0,536.0,84692.77242080624,47523.47349475219,1062.3333105999884,139.2126906417912,unknown,unknown_random_0199.wav
0.02385319396853447,0.19688730545659103,1447.6516324482823,2891.0,229.0,49279.65403027551,6711.908550428396,2173.6278412800407,246.77370819726858,unknown,unknown_random_0200.wav
0.04014071449637413,0.14907181698856178,1959.5032340195382,5417.0,240.0,9605.525482790816,744.6451708801081,223.12473984757366,144.77294691446662,unknown,unknown_random_0201.wav
0.038650576025247574,0.12050753172073254,874.3147038035918,2011.0,239.0,105890.84792811016,1886.1366768086268,433.22642223585626,101.65638056136882,unknown,unknown_random_0202.wav
0.03562658652663231,0.14613413338333645,1324.624573714366,2326.0,587.0,10087.181349891438,27897.1869167818,468.4553055225117,165.99611816963784,unknown,unknown_random_0203.wav
0.020239677280187607,0.19194949684355272,1381.9215686968837,2935.0,201.0,22105.46150088931,7428.843982102205,343.291299369037,143.19825625663972,unknown,unknown_random_0204.wav
0.03585807606577873,0.07587974248390525,944.6303857631247,1878.0,206.0,81610.65994285492,8246.889929712923,711.1055194035863,43.91633032640159,unknown,unknown_random_0205.wav
0.05892964079976082,0.15082192637039815,913.9944505839917,1324.0,131.0,265782.7359767393,105471.12406709164,1405.0357502128663,491.46395314571095,unknown,unknown_random_0206.wav
0.06359171122312546,0.11950746921682605,635.9649134550616,865.0,127.0,385681.9296447857,24448.792854075462,431.43725805188205,35.015668561453666,unknown,unknown_random_0207.wav
0.05892473831772804,0.10013125820363773,1309.1840314760486,3039.0,338.0,9217.843843622904,330.6599220404714,34.93614366497208,23.772165546686367,unknown,unknown_random_0208.wav
0.03052164986729622,0.1800737546096631,2844.5610213504465,6110.0,208.0,32405.845326481387,34.5187260484817,111.49263325503394,2087.5313462001996,unknown,unknown_random_0209.wav
0.06223730742931366,0.14119632477029814,2004.2095133563148,5575.0,608.0,50560.14450052391,192210.98068658815,5880.12899863459,1987.81817482397,unknown,unknown_random_0210.wav
0.0369131863117218,0.1562597662353897,919.9687269077608,2350.0,205.0,100556.67803764356,436.376583787089,440.01784941032747,118.51310014576758,unknown,unknown_random_0211.wav
0.0327007994055748,0.1366960435027189,1131.609704328118,2373.0,208.0,53203.84196469693,13350.798013412394,166.6079500010964,148.15119599990192,unknown,unknown_random_0212.wav
0.025378994643688202,0.07925495343458966,1414.296594722873,3448.0,158.0,16032.4910436144,298.1202059679694,55.11447680691881,33.164711122919506,unknown,unknown_random_0213.wav
0.023598171770572662,0.24189011813238329,2201.944294383159,5280.0,206.0,22706.507214857033,7326.590490111308,321.77196717765867,533.7851414769167,unknown,unknown_random_0214.wav
0.11655128747224808,0.07412963310206888,1049.319958898196,1626.0,553.0,128025.24228015929,458735.65092183556,508.9762459332205,1277.0370001961464,unknown,unknown_random_0215.wav
0.02318466268479824,0.14825926620413776,2596.715463240692,6744.0,207.0,21180.904741198785,186.3627051106449,316.62594309301096,308.56901897920955,unknown,unknown_random_0216.wav
0.08395285904407501,0.18088630539408712,2036.7191454155757,5076.0,534.0,120338.30263237414,535993.621796797,35975.328948051014,6416.334299819397,unknown,unknown_random_0217.wav
0.05492449179291725,0.07856741046315395,1237.6254730776204,2590.0,336.0,101836.06428319022,27882.97851759589,2697.1043738799553,582.6300457056335,unknown,unknown_random_0218.wav
0.03528113663196564,0.10006875429714357,2162.769664608143,6082.0,228.0,40365.11340276808,1512.7118299850092,327.04432090622896,554.3417321200045,unknown,unknown_random_0219.wav
0.03348104655742645,0.13694605912869554,1344.012515074112,2973.0,326.0,86457.81709086712,8325.979965112814,604.1777867826561,206.32647771065797,unknown,unknown_random_0220.wav
0.04387523606419563,0.08788049253078317,1020.5276166074551,1190.0,533.0,12087.452047228446,21434.749404313938,47.13155269908448,50.25232898553628,unknown,unknown_random_0221.wav
0.02552104741334915,0.1664479029939371,2051.822295130524,5205.0,392.0,27407.701722964106,6291.749685037535,491.1401753061941,1075.9792505139026,unknown,unknown_random_0222.wav
0.01625939831137657,0.16938558659916245,1248.6363895550635,2688.0,138.0,15029.282222399464,4926.338507501178,136.35570283165154,91.50420779103435,unknown,unknown_random_0223.wav
0.015425234101712704,0.1204450278142384,1602.4203928010406,3935.0,245.0,4358.089011534739,186.9695627543355,68.76606791577633,22.06021880605644,unknown,unknown_random_0224.wav
0.03360622748732567,0.15750984436527282,1281.7512317588312,1985.0,250.0,27847.108701572433,45944.98834545708,2867.382900778007,220.28236325439673,unknown,unknown_random_0225.wav
0.08220388740301132,0.08300518782423902,1043.19635837018,1538.0,538.0,192968.05056176984,488897.25718055345,3620.139014988799,1438.5567198888093,unknown,unknown_random_0226.wav
0.038159146904945374,0.13263328958059878,829.3779935179051,1299.0,371.0,69254.5967941937,2865.319024204593,115.3398368163569,42.41457538850062,unknown,unknown_random_0227.wav
0.05205308645963669,0.13469591849490592,1513.2925138448518,4044.0,373.0,92053.10246567224,3858.598521369736,161.84063876276144,334.20216772813404,unknown,unknown_random_0228.wav
0.043951719999313354,0.07237952372023251,1049.8274266643148,2281.0,206.0,170869.3098098467,2686.7914400569575,3128.234332507227,118.88141173347253,unknown,unknown_random_0229.wav
0.06374923884868622,0.1483217701106319,600.559126842428,717.0,262.0,250503.6678885974,38219.99465797172,44.34392267349093,24.714139869219053,unknown,unknown_random_0230.wav
0.02859172783792019,0.1591349459341209,1404.9033218864336,3212.0,276.0,41937.586085474344,1440.2032000797453,830.2402582843965,204.29234458405273,unknown,unknown_random_0231.wav
0.041310492902994156,0.10056878554909682,720.9446775824484,868.0,347.0,99182.11748703131,4677.599718921277,37.47877832003827,21.428317833109393,unknown,unknown_random_0232.wav
0.036623746156692505,0.09063066441652604,1164.2115580504415,2030.0,206.0,64007.49147751982,44946.31278620952,7325.8718846786405,143.77402023836743,unknown,unknown_random_0233.wav
0.09372816234827042,0.09800612538283643,807.4564670126028,1007.0,606.0,122340.16030572809,660287.5142659822,565.6003044101965,400.55143891404725,unknown,unknown_random_0234.wav
0.06822704523801804,0.08631789486842928,1201.2769881842019,2465.0,537.0,16179.463362020404,143515.53402193353,1393.160316384252,332.19716541639855,unknown,unknown_random_0235.wav
0.07487637549638748,0.1204450278142384,972.7956521669566,1103.0,553.0,31436.87710321645,244707.19468794612,135.83699564075974,230.7971117650527,unknown,unknown_random_0236.wav
0.047307390719652176,0.11794487155447216,1260.1528760985675,2717.0,238.0,87753.59113157987,24152.910620979867,3800.866194603622,487.23125747544555,unknown,unknown_random_0237.wav
0.06348850578069687,0.09781861366335395,789.2933520001359,1431.0,410.0,407519.33602637524,4559.245272414909,1475.4139096077374,177.2712718425638,unknown,unknown_random_0238.wav
0.03856882452964783,0.06969185574098381,968.058535321145,1603.0,300.0,29091.122347783632,1497.3232402020908,147.26472601889893,50.07216048080572,unknown,unknown_random_0239.wav
0.055093444883823395,0.07506719169948121,1209.50812144963,2719.0,229.0,241789.29512270106,4210.363863112451,4287.899888889009,810.68300102535,unknown,unknown_random_0240.wav
0.06155591458082199,0.1375710981936371,1260.22476422131,2434.0,344.0,142203.43767047397,52202.871424730656,4852.975360136379,415.049357390413,unknown,unknown_random_0241.wav
0.038084447383880615,0.08181761360085005,1183.6579647186538,2342.0,228.0,43923.3585817174,21682.693635115793,1532.1508258540357,206.5868501190921,unknown,unknown_random_0242.wav
0.03542698919773102,0.125507844240265,1227.0101750283236,2289.0,206.0,75399.97470565888,16505.283409288684,1565.0167842713581,71.58162394214352,unknown,unknown_random_0243.wav
0.05397734418511391,0.17501093818363647,1904.9482558068269,4861.0,335.0,121317.66251175679,6303.382783098918,1605.02552944221,2281.1970666898856,unknown,unknown_random_0244.wav
0.04818055033683777,0.08063003937746109,975.4624165031503,2140.0,380.0,129721.31109058834,15326.902457448676,4008.306643021846,130.33874893766105,unknown,unknown_random_0245.wav
0.03761966899037361,0.1305081567597975,2055.4111126932457,5372.0,228.0,48920.79157935246,45060.80333465125,2182.266456789138,821.1865701781021,unknown,unknown_random_0246.wav
0.020165374502539635,0.10325645352834552,1220.4719252132347,2384.0,268.0,19349.62352781149,684.5396799102406,530.6428541133472,30.133778531617068,unknown,unknown_random_0247.wav
0.023417729884386063,0.16426026626664167,1192.680591885519,2127.0,201.0,24923.389032456715,11753.886772959688,360.7939028444672,75.87179757434672,unknown,unknown_random_0248.wav
0.027670780196785927,0.1146321645102819,893.3790001929095,970.0,548.0,14814.963545684868,18091.98494510784,23.45806517868276,19.812227298876934,unknown,unknown_random_0249.wav
0.01006548386067152,0.1562597662353897,2888.1595078818923,6564.0,50.0,3127.628729033796,475.9087686686379,91.67405331638031,154.21163501225539,unknown,unknown_random_0250.wav
0.04874275252223015,0.1986374148384274,1865.6498798892844,4492.0,262.0,188637.22969244627,4443.572205258837,668.7338435450956,1898.5746376967488,unknown,unknown_random_0251.wav
0.06841366738080978,0.2257016063503969,2578.260826594674,6316.0,268.0,134388.2239489343,8012.228327332539,4844.659670436933,4399.8262897621735,unknown,unknown_random_0252.wav
0.07065725326538086,0.09906869179323707,836.6968812352296,992.0,500.0,156987.84371671226,69544.85724162048,117.20387978130958,289.41500344172044,unknown,unknown_random_0253.wav
0.05237598717212677,0.07025439089943121,1322.4428583495362,3138.0,314.0,13544.313795008515,249.8849982048378,94.93846423024029,49.2429186109168,unknown,unknown_random_0254.wav
0.006823380943387747,0.10844427776736046,1920.5046773422794,4315.0,50.0,993.1827320591505,446.7391685926448,73.47261314817843,24.86451761764443,unknown,unknown_random_0255.wav
0.042681071907281876,0.12088255515969748,821.8992349458842,929.0,548.0,71318.65980857515,111166.76403697465,119.79636601971677,72.02183232968841,unknown,unknown_random_0256.wav
0.08744990825653076,0.11950746921682605,657.9760463332448,911.0,408.0,728809.5963992425,29001.42653634167,254.14301584175473,117.95156702246526,unknown,unknown_random_0257.wav
0.0712757483124733,0.16063503968998064,833.6999232958176,980.0,306.0,216284.37838879373,173736.0791071384,409.38344862645425,180.10107128744409,unknown,unknown_random_0258.wav
0.0312163345515728,0.10794424651540721,1485.358951818484,2985.0,535.0,3066.072845290258,17304.12738765348,643.4050198074237,332.3688464349176,unknown,unknown_random_0259.wav
0.06596997380256653,0.11269454340896307,1113.2515510464714,1800.0,587.0,44848.58742928194,48988.4577122641,8875.563178741118,171.5572965874669,unknown,unknown_random_0260.wav
0.03223608061671257,0.12463278954934684,1060.686240687293,1747.0,205.0,36926.04470914799,31178.514761491162,953.1934085259066,60.90045820869436,unknown,unknown_random_0261.wav
0.024879423901438713,0.21245077817363586,2822.4543031553194,6973.0,228.0,29185.843912775395,62.37265271695695,351.4494250842381,356.9964717040131,unknown,unknown_random_0262.wav
0.07366161793470383,0.04919057441090068,789.9905591909264,1561.0,138.0,491800.32341418596,15603.596484952963,6452.747253124497,97.29305476667952,unknown,unknown_random_0263.wav
0.056422583758831024,0.10744421526345396,1952.7216238604412,5237.0,370.0,91387.92101092599,15200.185536425985,2520.7023959160792,1199.67939513999,unknown,unknown_random_0264.wav
0.0953458696603775,0.08313019563722733,989.9775507685382,1550.0,559.0,142137.3197624418,371231.767110567,5238.926428859932,651.1721754936877,unknown,unknown_random_0265.wav
0.03232923150062561,0.09263078942433903,1107.9198422647787,2363.0,105.0,54792.7591602209,5218.34736879928,1417.6549088905301,155.47466891656921,unknown,unknown_random_0266.wav
0.036444611847400665,0.17944871554472155,1039.5317461231186,2337.0,348.0,99278.76452669312,1475.7924778460597,478.55272066601003,102.79893647073908,unknown,unknown_random_0267.wav
0.055762793868780136,0.11706981686355397,957.3040932189674,1260.0,609.0,135046.89853911876,144222.09607180295,1588.089014779529,333.62347748493033,unknown,unknown_random_0268.wav
0.0482628159224987,0.07369210575660978,927.5560936296633,1931.0,133.0,215997.77230516655,12512.231106427947,4429.153798682032,144.33187523002667,unknown,unknown_random_0269.wav
0.0230617206543684,0.1440715044690293,2216.2253297618554,5822.0,206.0,14695.49199844492,4096.513648550951,208.29136664312642,468.7538346178163,unknown,unknown_random_0270.wav
0.018956061452627182,0.16601037564847804,2634.2548376621617,6516.0,122.0,21247.012538879717,347.79360529026263,513.0467234670039,449.059877674415,unknown,unknown_random_0271.wav
0.07724583148956299,0.10631914494655915,657.3295775919966,952.0,135.0,570649.0822926746,28582.50668119073,930.0243395848894,64.9438250758943,unknown,unknown_random_0272.wav
0.03355606272816658,0.12175760985061566,951.0128561351783,1761.0,237.0,49505.400616869636,2101.8583587853977,213.52206895460233,57.756284950409025,unknown,unknown_random_0273.wav
0.039560675621032715,0.06575410963185199,929.5944952132755,1397.0,344.0,101879.87168754512,9644.522402419489,110.20219190618127,58.89175644687404,unknown,unknown_random_0274.wav
0.042903296649456024,0.15338458653665854,1549.4340202877909,3395.0,411.0,100180.02916821945,9677.213358733496,2180.8166541595047,239.27479816037453,unknown,unknown_random_0275.wav
0.05574225261807442,0.07419213700856303,774.8233772249129,1400.0,229.0,264403.1922604883,9087.05440631924,1198.4196128895794,46.46866881197833,unknown,unknown_random_0276.wav
0.054163068532943726,0.07644227764235265,1178.5761555335516,2216.0,207.0,58415.575899845135,6489.493796705447,1849.1417955652678,89.07757947459575,unknown,unknown_random_0277.wav
0.04607192426919937,0.07544221513844615,1161.8330123522744,1706.0,289.0,32333.209290710154,54166.35337440996,3202.1511960503776,167.45332786888508,unknown,unknown_random_0278.wav
0.06792142987251282,0.08456778548659291,1116.8371743671203,2464.0,319.0,471673.981016889,2804.0986291461795,3632.371725560997,473.25337748511964,unknown,unknown_random_0279.wav
0.03825226426124573,0.15269704356522282,2358.778826495357,6132.0,513.0,38608.28132513493,75571.09813585658,1219.407217599142,3384.4174990937818,unknown,unknown_random_0280.wav
0.04805639758706093,0.139133695855991,1855.7524031458645,5035.0,337.0,65948.10973208891,3949.402345028756,1983.2005505883092,473.71317402566893,unknown,unknown_random_0281.wav
0.04326136037707329,0.21313832114507156,3055.7556458837894,6497.0,337.0,65168.55643003318,1292.1660522516527,943.2251818485956,2844.8594945217574,unknown,unknown_random_0282.wav
0.0334433950483799,0.18988686792924558,1128.4472936910522,1409.0,205.0,39595.057570107914,22180.093499585906,120.92536012628136,108.70169731243018,unknown,unknown_random_0283.wav
0.05265224725008011,0.07306706669166822,819.3400901581458,887.0,358.0,189507.0282486466,64655.28270233215,59.779964335485005,75.17724391397633,unknown,unknown_random_0284.wav
0.03453568369150162,0.0780673792112007,990.9375810623146,2341.0,290.0,62762.9397170822,130.66291882621192,341.9381629538625,106.02229135854336,unknown,unknown_random_0285.wav
0.05368998646736145,0.09763110194387149,1140.9361353850227,2378.0,336.0,174245.8766217116,51991.28611420916,4655.074270610662,644.4151039096948,unknown,unknown_random_0286.wav
0.049119602888822556,0.08800550034377148,1025.0478792584893,1329.0,517.0,13232.307302133995,12729.633982568064,47.39741781471436,33.39783976993829,unknown,unknown_random_0287.wav
0.05895679444074631,0.07300456278517407,956.7992711775961,1400.0,229.0,183989.17508947916,128057.03553810257,3087.168833722064,65.92385232172148,unknown,unknown_random_0288.wav
0.037805162370204926,0.11400712544534033,1204.5246277773995,2230.0,536.0,16969.627460806016,10386.053665343205,2561.6988049030906,139.34792247314553,unknown,unknown_random_0289.wav
0.03079114854335785,0.16857303581473843,982.3104353536671,2032.0,206.0,51851.58861109811,3777.707874246732,171.56705198158517,40.943131105317406,unknown,unknown_random_0290.wav
0.04696113243699074,0.15257203575223452,2070.1832094826477,5205.0,444.0,93662.0888806521,57747.4927540945,7629.758915634743,3297.731951478876,unknown,unknown_random_0291.wav
0.04319439083337784,0.21757609850615664,1124.697124742677,2493.0,381.0,195033.131169365,11740.896076775221,3148.6124888100403,316.5601068963348,unknown,unknown_random_0292.wav
0.03712844476103783,0.14132133258328647,1264.111097759137,2518.0,229.0,73844.64950412275,10189.884433690368,4704.4168636754075,125.3634548517655,unknown,unknown_random_0293.wav
0.07746344059705734,0.10675667229201825,1064.460296487647,1357.0,534.0,30280.70804612576,272998.9642811257,1524.0358383516732,795.6884140637742,unknown,unknown_random_0294.wav
0.05550943315029144,0.13650853178323646,2063.6924275988326,5887.0,207.0,151710.13035780616,2470.549019917515,635.1489468866674,1531.9044095701383,unknown,unknown_random_0295.wav
0.04990352690219879,0.16188511781986376,1316.0008196734923,2826.0,136.0,142233.95319497644,96217.13664880965,1078.9171184640697,2335.125727137041,unknown,unknown_random_0296.wav
0.041151486337184906,0.10694418401150071,757.3739049659216,1061.0,429.0,114179.29210453018,42932.2544258093,112.91329014079733,48.43973197917688,unknown,unknown_random_0297.wav
0.042777594178915024,0.15919744984061504,771.6779987236124,1312.0,262.0,162576.94480739985,7229.188090018066,776.0081900321427,61.67466906953696,unknown,unknown_random_0298.wav
0.05422217771410942,0.06837927370460654,1154.1994177388901,2662.0,500.0,122420.38512759391,29554.46619333206,2016.4936783473297,784.1936596705102,unknown,unknown_random_0299.wav
0.02525387518107891,0.12175760985061566,1342.3509147976556,2792.0,207.0,34116.22250904648,898.5325950448001,355.3938151811156,52.53016536560534,unknown,unknown_random_0300.wav
0.003884265199303627,0.10281892618288643,2754.9314485409955,6072.0,36.0,935.2994576692219,15.568991112376446,10.842285252614424,17.363997530012686,unknown,unknown_stilhed_0001.wav
0.004163186997175217,0.09069316832302018,2710.5389352242264,6035.0,29.0,905.3008846239628,14.376807754931772,11.182772695263147,16.50627158427615,unknown,unknown_stilhed_0002.wav
0.002510396298021078,0.16163510219388713,3099.0063028441214,6285.0,50.0,274.4251694871019,13.185046344695783,10.75378622551551,16.242751604827802,unknown,unknown_stilhed_0003.wav
0.002617570338770747,0.15475967247952996,3121.31292766719,6301.0,50.0,250.305525012482,12.589000665602377,10.94748861761653,16.844185228651696,unknown,unknown_stilhed_0004.wav
0.003042515367269516,0.13463341458841177,2918.052116568382,6165.0,50.0,357.6742409599191,13.432894008560341,10.185413895195746,16.980173186586313,unknown,unknown_stilhed_0005.wav
0.0035357598681002855,0.15213450840677542,2654.1217614489924,5905.0,50.0,472.5221445570693,19.62830462157472,15.626164022886556,20.07531510937339,unknown,unknown_stilhed_0006.wav
0.0028357200790196657,0.1513219576223514,2693.714345338963,5901.0,50.0,338.43261865563807,39.37947655729829,18.59151248438869,17.93886760815077,unknown,unknown_stilhed_0007.wav
0.003079113317653537,0.15013438339896243,2857.4979753289317,6035.0,50.0,353.80948292364343,22.066719427512485,16.803342156121655,22.124125573576563,unknown,unknown_stilhed_0008.wav
0.0024571456015110016,0.16319769985624102,3103.7718285284946,6255.0,50.0,243.2807009167373,13.811917853977024,11.177625542200833,16.7318215166555,unknown,unknown_stilhed_0009.wav
0.022008171305060387,0.08725545346584161,1445.6828727911966,3314.0,170.0,12124.76629255655,833.2860126611054,140.73257033670134,85.90771340865328,unknown,unknown_stilhed_0010.wav
0.0032768775708973408,0.13450840677542347,2420.251871047255,5444.0,50.0,538.3146427439832,62.40722292881253,40.541510365283315,21.117301088082545,unknown,unknown_stilhed_0011.wav
0.00416896678507328,0.11250703168948059,2443.9086194943266,5822.0,157.0,1269.6707896128382,14.61873193388169,11.326986845888882,16.938735491516734,unknown,unknown_stilhed_0012.wav
0.002604435430839658,0.15694730920682542,3029.6553010271464,6228.0,50.0,293.65467279503673,14.200119055504214,10.646555552722361,16.113604035285263,unknown,unknown_stilhed_0013.wav
0.0026351502165198326,0.14569660603787737,3007.1023950630947,6246.0,50.0,301.37082307870924,15.278138494138918,10.99664138057349,15.741423206750172,unknown,unknown_stilhed_0014.wav
0.004604673013091087,0.12232014500906306,2620.646784812397,5968.0,155.0,840.0579460246912,13.436996857993813,10.586554441797169,16.71293056834561,unknown,unknown_stilhed_0015.wav
0.004304675851017237,0.08725545346584161,2791.2811422821155,6110.0,35.0,989.3368286646011,14.858184579278145,10.92398584516857,16.73693168400499,unknown,unknown_stilhed_0016.wav
0.02895272709429264,0.10519407462966436,1421.6337457458628,2690.0,446.0,15081.293795765738,1615.3263562597558,939.8849876380797,53.37977500181682,unknown,unknown_stilhed_0017.wav
0.0025939757470041513,0.15438464904056504,3089.747252936085,6309.0,50.0,274.6383929441464,15.235169954587546,10.611991598558898,16.07980354917665,unknown,unknown_stilhed_0018.wav
0.0027586540672928095,0.1562597662353897,2952.6790929150243,6182.0,50.0,392.4609517817336,14.98654326436048,11.972648787263871,16.42650255775765,unknown,unknown_stilhed_0019.wav
0.004179635085165501,0.10025626601662604,2715.635550227765,6044.0,50.0,626.0042541424395,14.455832575289657,12.066862765006743,16.797985119286245,unknown,unknown_stilhed_0020.wav
0.002662454266101122,0.15857241077567347,2978.250101990547,6092.0,50.0,269.5986164575051,18.012547697433575,13.108707640788968,18.237057576094358,unknown,unknown_stilhed_0021.wav
0.0026512988843023777,0.1518844927807988,3045.967219507254,6264.0,50.0,299.1203365159692,13.422749717883978,10.289215646919367,15.95412876857932,unknown,unknown_stilhed_0022.wav
0.0037276085931807756,0.15282205137821114,2943.8014558930545,6103.0,50.0,297.17297946885157,17.59339584275885,16.499047424562306,17.765875376324168,unknown,unknown_stilhed_0023.wav
0.0026897192001342773,0.15357209825614102,3044.1541369271945,6254.0,50.0,314.06471182671396,14.636220649575185,10.912671182722889,16.573787694881013,unknown,unknown_stilhed_0024.wav
0.018309537321329117,0.15107194199637478,2206.7808207833195,5459.0,50.0,970.4996325376883,45.172853179952014,18.166460430795723,21.682781792727205,unknown,unknown_stilhed_0025.wav
0.0038459724746644497,0.10875679729983125,2383.733591214687,5688.0,50.0,843.828949464352,22.91015913243706,13.351835623491914,16.94923347789713,unknown,unknown_stilhed_0026.wav
0.002685563638806343,0.15125945371585725,3027.4164898091817,6216.0,50.0,313.49445481108626,14.742078588194035,11.109809051178159,17.509862896618213,unknown,unknown_stilhed_0027.wav
0.0026715779677033424,0.15057191074442153,3066.588748086275,6238.0,50.0,275.53643738451484,15.180162493122895,10.457646721676833,16.55719559194851,unknown,unknown_stilhed_0028.wav
0.018070146441459656,0.1353209575598475,1595.198768093354,3531.0,529.0,4418.939837115731,7917.902024047924,227.92763443475837,73.21770885039041,unknown,unknown_stilhed_0029.wav
0.002616229234263301,0.15138446152884555,2974.077965640447,6189.0,50.0,306.0957984288049,13.040696807340979,11.247739075723182,17.140077153568175,unknown,unknown_stilhed_0030.wav
0.007554519455879927,0.1655103443965248,1932.1636264344575,4446.0,50.0,2274.232387837076,54.80007011077468,73.9380390759949,48.615254631909586,unknown,unknown_stilhed_0031.wav
0.0026825936511158943,0.14869679354959686,2934.828891819649,6159.0,50.0,285.1469189261482,18.075597943090266,13.145411301821131,17.26163254355219,unknown,unknown_stilhed_0032.wav
0.0028939498588442802,0.15057191074442153,2773.1338194620903,6070.0,50.0,474.6485985248072,15.44026731635533,10.094772403563942,16.423704964188374,unknown,unknown_stilhed_0033.wav
0.003466334892436862,0.12757047315457215,2874.90448546957,6129.0,50.0,374.29718454207114,15.733335087579285,11.150989036803367,16.867557413762274,unknown,unknown_stilhed_0034.wav
0.002468239516019821,0.1678854928433027,3142.7394309017363,6341.0,50.0,242.69737307644502,14.021571889362182,10.917110035844072,16.455220662026427,unknown,unknown_stilhed_0035.wav
0.0025701934937387705,0.15675979748734295,3015.2111897079903,6177.0,50.0,290.4955959621145,16.61762026260336,12.756519925718251,17.96499303433861,unknown,unknown_stilhed_0036.wav
0.002714537549763918,0.14675917244827802,2982.3035084116877,6196.0,50.0,327.56276873896985,14.151806976320358,11.331280601991777,16.59342614352164,unknown,unknown_stilhed_0037.wav
0.008609361946582794,0.23620226264141508,2947.5913219555096,5858.0,50.0,1112.9561126263707,251.22338682587463,318.33438482406814,362.5530854057153,unknown,unknown_stilhed_0038.wav
0.0030219813343137503,0.14194637164822801,2814.429213048188,6108.0,50.0,426.6741425526547,16.81711342870468,12.158798262632875,16.31035760920949,unknown,unknown_stilhed_0039.wav
0.002838380401954055,0.14588411775735982,2950.0512509127166,6181.0,50.0,331.77390692890134,15.586643106548525,11.931694308713244,16.821760751207222,unknown,unknown_stilhed_0040.wav
0.0028371463995426893,0.14857178573660854,3011.358454829273,6212.0,50.0,245.32468253477685,14.67576740351311,11.602598687029214,16.076239912865546,unknown,unknown_stilhed_0041.wav
0.0028946318197995424,0.1455090943183949,2908.0185302630357,6147.0,50.0,386.00537626101385,14.733577506390189,11.298778194609039,15.989516417380116,unknown,unknown_stilhed_0042.wav
0.0035652557853609324,0.14232139508719294,2897.9021271234665,6059.0,50.0,306.1203563646602,17.959430799298723,17.095959364895982,18.508969834150335,unknown,unknown_stilhed_0043.wav
0.003204256296157837,0.13507094193387087,2734.9837112850732,6048.0,50.0,582.3445027818033,17.812180712357332,11.483044134534207,16.89579093272012,unknown,unknown_stilhed_0044.wav
0.03983631357550621,0.09688105506594162,1043.033377181505,1765.0,509.0,31939.147676574485,67510.70679810377,458.50773686236823,84.95363943116067,unknown,unknown_stilhed_0045.wav
0.0027055779937654734,0.14725920370023127,2932.340220002302,6084.0,50.0,269.35270610259806,25.909978476733233,15.766333882866245,18.178650157909168,unknown,unknown_stilhed_0046.wav
0.003361790906637907,0.1523220201262579,2937.3236589026765,6110.0,50.0,261.9172895453699,17.352470143163938,20.47496895630956,17.986854371713957,unknown,unknown_stilhed_0047.wav
0.002709779655560851,0.15113444590286892,2973.0255273654457,6167.0,50.0,296.4645438732897,14.484946459757031,10.997605409909355,17.187989815395653,unknown,unknown_stilhed_0048.wav
0.0027807822916656733,0.1402587661728858,2874.106676873211,6109.0,50.0,362.54511491582224,16.40427922199235,13.714248357462619,16.935355563478833,unknown,unknown_stilhed_0049.wav
0.002749776002019644,0.1475092193262079,2848.8603597434494,6127.0,50.0,388.5142381932108,14.536563990701122,10.540985107232146,16.303445406559124,unknown,unknown_stilhed_0050.wav
0.003026004647836089,0.13582098881180074,2801.7571649872443,6116.0,50.0,335.87809036080813,15.620870402637438,11.00137956448058,15.817868811686274,unknown,unknown_stilhed_0051.wav
0.0028436961583793163,0.13750859428714296,3012.6634024405475,6242.0,50.0,335.2119364931762,14.482250849081723,11.49885649247586,16.082235646084676,unknown,unknown_stilhed_0052.wav
0.002525410382077098,0.1725732858303644,3060.218510512194,6235.0,50.0,289.19920384611277,14.446090168837555,10.78141627241591,17.037478935847062,unknown,unknown_stilhed_0053.wav
0.002531454199925065,0.1599474967185449,3080.9506797048557,6295.0,50.0,237.99715440654685,15.674885289824683,10.904195223386257,16.56722153848226,unknown,unknown_stilhed_0054.wav
0.00259634992107749,0.16132258266141633,3070.028185744565,6257.0,50.0,243.90500655264404,13.97409764711158,10.645878453852374,16.79023379886879,unknown,unknown_stilhed_0055.wav
0.0031175788026303053,0.14357147321707606,2880.7112779884746,6076.0,50.0,326.23625515677446,15.09876773226717,33.37043744124504,16.782788268495228,unknown,unknown_stilhed_0056.wav
0.0029021354857832193,0.13513344584036502,2995.1105963255545,6217.0,50.0,347.3818708949624,13.664817650334442,10.525502116269355,16.6627383778023,unknown,unknown_stilhed_0057.wav
0.0029027771670371294,0.14088380523782737,2797.1892513499447,6040.0,50.0,296.9952180998669,27.168283482141057,12.500159770277026,16.664864318130977,unknown,unknown_stilhed_0058.wav
0.003979458473622799,0.14150884430276892,2562.273146656562,5591.0,50.0,507.4020376118591,23.33111849769904,42.675105092645026,24.936767448729295,unknown,unknown_stilhed_0059.wav
0.004419898148626089,0.1538846177886118,3000.8875286787447,6169.0,50.0,289.7941321049976,16.8353986568709,12.436769132966646,16.62016149581779,unknown,unknown_stilhed_0060.wav
0.020657379180192947,0.18282392649540596,2671.9109629897494,6452.0,50.0,5803.960506689963,1096.7049306952367,637.1614544489712,539.1945815020542,unknown,unknown_stilhed_0061.wav
0.00263169570825994,0.16238514907181698,2963.140199998067,6205.0,50.0,276.37890924578426,20.890296676559263,11.80963408552823,16.82314810783987,unknown,unknown_stilhed_0062.wav
0.0024916373658925295,0.16076004750296893,3120.692014548632,6315.0,50.0,239.61559912955022,13.323400708974185,10.576386467094387,16.71068950314836,unknown,unknown_stilhed_0063.wav
0.003044532611966133,0.13919619976248515,2762.5498202420904,6087.0,50.0,427.07794828475716,14.219453305117362,11.101622371035777,16.18342525182313,unknown,unknown_stilhed_0064.wav
0.0026622386649250984,0.15225951621976375,3012.47885069764,6249.0,50.0,283.3443129742274,13.401624359869913,9.838709872577937,16.52351769890472,unknown,unknown_stilhed_0065.wav
0.0028040988836437464,0.14457153572098255,3003.690246163046,6190.0,50.0,323.4100363846341,17.303407338389455,12.432543986328287,17.54838962236704,unknown,unknown_stilhed_0066.wav
0.002821649657562375,0.13357084817801113,2993.5629777070694,6228.0,50.0,339.71052969633996,14.444328673499356,10.442194683189424,16.350603302848285,unknown,unknown_stilhed_0067.wav
0.004054612945765257,0.1318832427026689,2379.6508736490932,5654.0,50.0,609.9380178300515,37.53265347192175,15.735784387133103,17.202866404674083,unknown,unknown_stilhed_0068.wav
0.002789260121062398,0.14619663728983062,3029.2862387760647,6299.0,50.0,378.2489487958709,14.33944504104706,10.477767391939773,16.25625094003996,unknown,unknown_stilhed_0069.wav
0.007320913951843977,0.10100631289455592,1483.1777238897191,3749.0,39.0,4216.121418775478,76.44521257984607,37.3663703465086,22.730804776578633,unknown,unknown_stilhed_0070.wav
0.006686314940452576,0.1430714419651228,2209.5704190724423,5076.0,50.0,912.5707024803908,240.93136744932045,33.44775074256356,48.45428336361141,unknown,unknown_stilhed_0071.wav
0.003700653789564967,0.1163197699856241,2709.7179416999497,6035.0,50.0,542.4907794057777,14.192526730082843,10.625677180678306,16.641240156329374,unknown,unknown_stilhed_0072.wav
0.0030854828655719757,0.1327582973935871,2813.8620700445167,6141.0,50.0,448.0365038762152,14.832116302427982,10.813849589952774,16.080401225357093,unknown,unknown_stilhed_0073.wav
0.0025658647064119577,0.15494718419901243,3073.311567134311,6283.0,50.0,256.3570046768166,14.57711769102089,10.130728214763518,16.246927854451485,unknown,unknown_stilhed_0074.wav
0.008336211554706097,0.19682480155009688,2422.376311574913,4582.0,1713.0,1109.4296609275616,358.48248147735274,3524.861491137857,181.8442160023614,unknown,unknown_stilhed_0075.wav
0.002672138623893261,0.15438464904056504,2965.4251466835103,6097.0,50.0,304.91426831845956,15.064959076017269,20.57490576983254,17.93574875425022,unknown,unknown_stilhed_0076.wav
0.003156876191496849,0.14132133258328647,2893.5727453998074,6091.0,50.0,366.52036481973136,21.505326611185687,15.863539569544406,19.645093308731038,unknown,unknown_stilhed_0077.wav
0.0028157683555036783,0.15313457091068192,2978.6931466521205,6175.0,50.0,318.7118887643146,15.81218605709066,12.777731622592531,17.583561129119982,unknown,unknown_stilhed_0078.wav
0.00279603130184114,0.1426964185261579,2876.8024936380875,6137.0,50.0,334.13040663780305,14.93203025196649,11.07498856037221,17.18762253727428,unknown,unknown_stilhed_0079.wav
0.002533801831305027,0.15738483655228452,3097.393092329611,6281.0,50.0,271.0217438732568,15.412562369105782,10.739428583107703,16.400877344802332,unknown,unknown_stilhed_0080.wav
0.0028201467357575893,0.14282142633914618,2984.014773443656,6191.0,50.0,300.7491053871689,17.349815507777052,11.91075757337883,16.944208264218307,unknown,unknown_stilhed_0081.wav
0.04977020248770714,0.15575973498343645,1548.764713533256,3372.0,569.0,35670.53303772014,51872.369507190124,1783.006216867665,570.5804470205437,unknown,unknown_stilhed_0082.wav
0.003164541907608509,0.13400837552347022,2900.237505005915,6200.0,50.0,401.3051760726605,15.480558266907043,11.195997498670057,16.24252682346092,unknown,unknown_stilhed_0083.wav
0.0027603874914348125,0.14613413338333645,3018.158073064472,6232.0,50.0,334.07774296074206,14.720340129299938,11.145107404328941,16.456974754720576,unknown,unknown_stilhed_0084.wav
0.002714463509619236,0.15963497718607414,3065.1755141420026,6296.0,50.0,297.5571969385363,13.47476589848186,10.316049334286173,15.944450927334774,unknown,unknown_stilhed_0085.wav
0.0029143120627850294,0.1423838989936871,2882.788090250667,6116.0,50.0,306.9602891067302,21.609303289607045,11.660941214278285,17.19829520788499,unknown,unknown_stilhed_0086.wav
0.003726041177287698,0.1147571723232702,2761.05450734001,6100.0,50.0,453.72876987236043,19.553160193229058,11.655486659468679,16.944267374250174,unknown,unknown_stilhed_0087.wav
0.0026346552185714245,0.16501031314457154,3005.7692106723275,6216.0,50.0,304.1878452732436,17.112950663709523,12.241402589667448,17.228364503615545,unknown,unknown_stilhed_0088.wav
0.0025093930307775736,0.15707231701981375,3011.7191169324033,6259.0,50.0,264.15923984087743,13.577879171608203,10.16666517701095,16.167672186351467,unknown,unknown_stilhed_0089.wav
0.0025931771378964186,0.15325957872367024,3074.7711317924395,6279.0,50.0,245.57643763861483,13.437735427506073,10.730247188007965,16.39937091621428,unknown,unknown_stilhed_0090.wav
0.0034763538278639317,0.12757047315457215,2802.2641267769945,6107.0,50.0,478.7594492154946,16.527525409187184,10.715671187978627,16.731946003432377,unknown,unknown_stilhed_0091.wav
0.0027245646342635155,0.14950934433402088,2786.590021458986,6017.0,50.0,321.2615543265965,34.26926859906108,12.705461395733925,17.202458808681726,unknown,unknown_stilhed_0092.wav
0.002639289014041424,0.16444777798612414,2957.8549836365178,6169.0,50.0,253.69961306404957,20.202561954204704,12.900645891274182,18.17273336496703,unknown,unknown_stilhed_0093.wav
0.004746733698993921,0.08331770735670979,2744.492702126874,6063.0,36.0,1491.2130834615134,15.220667911678639,11.227399282846022,16.277469158159505,unknown,unknown_stilhed_0094.wav
0.002500794595107436,0.15732233264579037,3084.228003054457,6304.0,50.0,229.72528727403807,13.196999951402113,10.45557802845759,16.089866391242225,unknown,unknown_stilhed_0095.wav
0.06645987182855606,0.13257078567410463,1945.1878916781043,4709.0,50.0,1606.5727935806954,237.96790633067718,57.13794560607171,28.475950605862533,unknown,unknown_stilhed_0096.wav
0.003233126364648342,0.1305081567597975,2936.097230209392,6196.0,50.0,498.20299458987995,13.596633186488873,11.193772078336178,16.313813362910057,unknown,unknown_stilhed_0097.wav
0.0025757416151463985,0.1613850865679105,2955.9332775916923,6205.0,50.0,310.8621154792049,14.5430410952691,10.486613163279493,16.42868043523373,unknown,unknown_stilhed_0098.wav
0.0038500907830893993,0.127507969248078,2297.872430067526,5377.0,50.0,478.1296778321122,129.45113835279807,30.870330323396487,21.11518199154089,unknown,unknown_stilhed_0099.wav
0.0037217617500573397,0.16963560222513907,3048.2947152574275,6203.0,50.0,301.30554945075704,15.004399669400863,11.364366022661102,17.72386058351594,unknown,unknown_stilhed_0100.wav
0.03241771459579468,0.1966372898306144,1760.2511804645476,4015.0,412.0,59410.533745954126,58480.10669454129,2873.559444673076,2253.6156383813623,unknown,unknown_stilhed_0101.wav
0.0026874856557697058,0.15025939121195075,2995.95780844643,6235.0,50.0,290.1876931582995,14.357182402673692,10.378891084509922,16.027978292181942,unknown,unknown_stilhed_0102.wav
0.0025878821033984423,0.15975998499906244,3048.476430331131,6245.0,50.0,268.3472832865611,15.394278306469161,10.827898121927685,16.37103829238574,unknown,unknown_stilhed_0103.wav
0.003188459435477853,0.12775798487405463,2738.206223724007,6111.0,50.0,545.680127805108,14.3807599809807,11.566176239813316,15.808362774263212,unknown,unknown_stilhed_0104.wav
0.002661424223333597,0.1533220826301644,3077.7524389999544,6231.0,50.0,276.91373477859213,14.46669265709281,13.166928687103079,17.29616377931454,unknown,unknown_stilhed_0105.wav
0.004389080684632063,0.14000875054690917,2630.0501111344947,5925.0,50.0,497.4457847817528,20.49250514935762,14.999372753084133,17.854206668403453,unknown,unknown_stilhed_0106.wav
0.004005175083875656,0.11950746921682605,2256.1110018765194,5650.0,50.0,1127.7133461326393,15.597736278726526,10.975011235065441,16.921189738174903,unknown,unknown_stilhed_0107.wav
0.0025723781436681747,0.1581348834302144,3057.9607790410746,6276.0,50.0,266.7009748962825,14.553790303290821,10.682714802624561,15.604830366691559,unknown,unknown_stilhed_0108.wav
0.002542475936934352,0.15438464904056504,3053.8708941438367,6240.0,50.0,272.04975409494824,13.595561185640392,11.103541935383598,17.484218139669565,unknown,unknown_stilhed_0109.wav
0.0037471053656190634,0.1285080317519845,2323.244480490401,5555.0,50.0,596.3790846922155,59.088158842781084,17.646044149279014,17.081928145533762,unknown,unknown_stilhed_0110.wav
0.0026456359773874283,0.15607225451590725,3064.805327308321,6261.0,50.0,269.242066189357,13.979183369422788,11.198432346493693,15.768908880539193,unknown,unknown_stilhed_0111.wav
0.003862062469124794,0.1493218326145384,2615.661332583918,5094.0,50.0,661.2560811501634,49.098359685538995,177.90815003920451,103.89134477646125,unknown,unknown_stilhed_0112.wav
0.0026616284158080816,0.16438527407962997,3060.8635054687334,6053.0,50.0,268.7798584219229,22.10398528382792,20.936620121166165,29.161207782976405,unknown,unknown_stilhed_0113.wav
0.0025257172528654337,0.16369773110819427,3106.951110775764,6285.0,50.0,239.75414555070677,16.065738419252504,13.434461685251394,16.48890767012763,unknown,unknown_stilhed_0114.wav
0.0025608944706618786,0.15563472717044816,3033.572632639434,6238.0,50.0,241.72836405791446,13.868426683793041,10.834871862751442,16.083224627616516,unknown,unknown_stilhed_0115.wav
0.0038707186467945576,0.10763172698293644,2892.582561229302,6163.0,28.0,678.6132050568597,13.712225982353429,11.692443219866403,16.950972083346024,unknown,unknown_stilhed_0116.wav
0.0025428629014641047,0.15563472717044816,3083.0839402143224,6266.0,50.0,261.87941696008494,13.994769537268924,11.535314198309951,16.99927132024832,unknown,unknown_stilhed_0117.wav
0.0029906630516052246,0.13613350834427151,2748.5148563776206,6055.0,50.0,419.14171847924047,17.873046787743725,12.325102439842322,16.362216079164078,unknown,unknown_stilhed_0118.wav
0.002714702393859625,0.14344646540408776,2957.002860075035,6198.0,50.0,309.5365645168335,14.564448254504802,10.169398037125333,16.460438665022536,unknown,unknown_stilhed_0119.wav
0.0026579981204122305,0.1450715669729358,3038.3544037645447,6231.0,50.0,264.2546934727824,14.789017358512023,10.78658982246691,16.49310369822333,unknown,unknown_stilhed_0120.wav
0.0029023794922977686,0.1386961685105319,2920.9447083416535,6159.0,50.0,299.50743015286514,18.598078789691115,12.748210264292808,17.137070749260463,unknown,unknown_stilhed_0121.wav
0.0025740661658346653,0.15644727795487218,3036.167554192948,6288.0,50.0,256.7461821433479,13.65816390082676,10.702767244485564,16.79449304712503,unknown,unknown_stilhed_0122.wav
0.003574128495529294,0.12625789111819488,2694.471261853184,6047.0,36.0,896.8513686831984,14.369316309836464,10.914202276016045,16.159566225817677,unknown,unknown_stilhed_0123.wav
0.004166197497397661,0.09494343396462279,2571.569983224113,5817.0,29.0,788.7247744679355,58.532035154440436,14.375393627645963,16.581138025426476,unknown,unknown_stilhed_0124.wav
0.0026489540468901396,0.15407212950809426,3032.1132555445274,6255.0,50.0,288.03667163320017,13.159933480618996,11.193328074364802,16.376207160515136,unknown,unknown_stilhed_0125.wav
0.003820430487394333,0.10900681292580787,2886.467374555751,6156.0,31.0,639.8740819261291,14.213875782117755,10.903827356247549,17.061015543370075,unknown,unknown_stilhed_0126.wav
0.002536023734137416,0.1572598287392962,3098.2450704602966,6293.0,50.0,242.3444559160191,13.980037709665378,10.085138841879477,16.302956906623763,unknown,unknown_stilhed_0127.wav
0.0026892677415162325,0.15507219201200076,3049.3945279091026,6251.0,50.0,273.1443109902314,14.053811069032278,10.279199801831945,16.441719801448897,unknown,unknown_stilhed_0128.wav
0.0026788804680109024,0.15038439902493905,2972.249421603964,6168.0,50.0,310.54897071292413,15.134801610770415,10.488321119921162,17.324385463699222,unknown,unknown_stilhed_0129.wav
0.0025825186166912317,0.16044752797049816,2966.1537358620612,6182.0,50.0,297.1245586619537,15.05772660571672,10.834878868394794,16.507072365009744,unknown,unknown_stilhed_0130.wav
0.002822317648679018,0.1344459028689293,2950.7121553610464,6184.0,50.0,289.45564747030454,13.856777706318697,10.258748272228278,16.18638386383406,unknown,unknown_stilhed_0131.wav
0.00408445717766881,0.09544346521657604,2920.5846075750806,6184.0,31.0,690.093781049451,15.856964557555175,10.888229580315317,17.227914040147603,unknown,unknown_stilhed_0132.wav
0.003486673114821315,0.1157572348271767,2741.8562963853446,6074.0,50.0,534.2213640973556,15.006278204925021,10.798611277457468,16.694041879554252,unknown,unknown_stilhed_0133.wav
0.0027690811548382044,0.14032127007937997,2999.2370788469216,6235.0,50.0,322.93134532738065,13.68794574569479,10.19283587432697,15.858803900719284,unknown,unknown_stilhed_0134.wav
0.002474019303917885,0.1649478092380774,3109.6595097397353,6281.0,50.0,227.1344142798291,14.385327861756192,11.00228237754955,16.82832868310841,unknown,unknown_stilhed_0135.wav
0.002709463471546769,0.16126007875492218,3034.31957703973,6213.0,50.0,285.62917350161405,17.057675078544165,11.16989076877815,16.964299328758848,unknown,unknown_stilhed_0136.wav
0.0031641535460948944,0.1344459028689293,2851.9943761595982,6081.0,50.0,430.4516316592574,14.819088945860663,10.712906137493354,17.971569817431806,unknown,unknown_stilhed_0137.wav
0.0039993892423808575,0.13625851615725984,2649.351370313945,5989.0,156.0,1326.8956661523139,16.114567997914087,10.786709092985243,16.50579255417625,unknown,unknown_stilhed_0138.wav
0.002624636748805642,0.15488468029251828,3070.8664822661726,6184.0,50.0,257.3966962593437,16.03444299346542,13.530001481960243,19.31641588813591,unknown,unknown_stilhed_0139.wav
0.002641501370817423,0.1572598287392962,3011.566524720335,6217.0,50.0,304.0638874304534,14.169932849800677,11.243189322098289,16.33525048948069,unknown,unknown_stilhed_0140.wav
0.003037260612472892,0.13113319582473904,2779.2914987525664,6079.0,50.0,387.7598166847743,13.534628334515364,10.38969254312568,16.90575539182955,unknown,unknown_stilhed_0141.wav
0.00323618296533823,0.1347584224014001,2885.5770630869224,6166.0,50.0,419.59979940584606,14.147349832844563,10.712761111771039,16.556783184963862,unknown,unknown_stilhed_0142.wav
0.0027388157323002815,0.1421338833677105,2938.990443820943,6162.0,50.0,309.38263426219436,19.56793514381016,12.258811232838372,17.23159105502334,unknown,unknown_stilhed_0143.wav
0.002600894309580326,0.1610725670354397,2932.2091727356033,6186.0,50.0,276.4543188587684,14.371957074786662,10.755472975192538,15.965654042566936,unknown,unknown_stilhed_0144.wav
0.002684628590941429,0.15444715294705919,3077.5173967191213,6293.0,50.0,291.491643806398,15.091083327581888,10.37808647125639,16.58911017672962,unknown,unknown_stilhed_0145.wav
0.0028529090341180563,0.1504469029314332,2871.5101843290886,6138.0,50.0,361.57307191624943,18.421832037447302,11.97763583026504,17.337488933201435,unknown,unknown_stilhed_0146.wav
0.0026189617346972227,0.1586974185886618,3046.657415761129,6215.0,50.0,238.6643502351418,14.217623438690184,10.327955338589959,16.426234015471643,unknown,unknown_stilhed_0147.wav
0.0027663784567266703,0.17588599287455467,2901.1308949196878,5934.0,50.0,288.3910485310996,28.2814412035517,28.093310551571005,23.596005519643615,unknown,unknown_stilhed_0148.wav
0.0029951189644634724,0.12332020751296956,2845.538256644044,6149.0,50.0,376.89064627771285,13.848540863613612,10.293245118687352,15.89882367947531,unknown,unknown_stilhed_0149.wav
0.012928720563650131,0.14044627789236827,1857.4152712385776,4073.0,477.0,5955.547387312747,5040.655341425965,156.2705730265521,320.5843936546805,unknown,unknown_stilhed_0150.wav
0.0026665255427360535,0.15582223888993063,2956.502329836499,6200.0,50.0,265.8125670270858,19.57241380997589,13.113569228696143,17.168926617483024,unknown,unknown_stilhed_0151.wav
0.002739539137110114,0.15532220763797738,2982.4075051861214,6236.0,50.0,329.2517507074235,15.01788134801937,10.763797165428379,16.526206620970378,unknown,unknown_stilhed_0152.wav
0.003018868388608098,0.13625851615725984,2862.02614103285,6145.0,50.0,409.7903845299863,14.484147314616546,11.802144331487385,16.228596673887115,unknown,unknown_stilhed_0153.wav
0.005627106409519911,0.16288518032377022,2539.356599426344,5048.0,50.0,741.5160122501763,84.27344212766693,235.52725639580805,86.35163822083624,unknown,unknown_stilhed_0154.wav
0.0028059345204383135,0.1504469029314332,3018.9625587363,6218.0,50.0,284.24323707001736,14.362344825964618,11.675134853334988,17.95719932165798,unknown,unknown_stilhed_0155.wav
0.004772154614329338,0.07512969560597538,2844.780958002408,6102.0,29.0,871.5865999986547,13.911790606772861,11.1332912405017,17.197352928414453,unknown,unknown_stilhed_0156.wav
0.0025430971290916204,0.15863491468216764,3024.865369736508,6244.0,50.0,253.97367645603782,14.325835838150711,10.945493720475712,16.005091753790616,unknown,unknown_stilhed_0157.wav
0.002875011181458831,0.1491968248015501,2953.7941485451042,6167.0,50.0,337.5466664396521,17.02404563470322,12.272638046218086,18.884341002062833,unknown,unknown_stilhed_0158.wav
0.003472489770501852,0.12488280517532346,2663.8843406162887,5990.0,50.0,619.1960379985014,21.619264822988242,13.744949673995997,19.83070277875921,unknown,unknown_stilhed_0159.wav
0.002607709029689431,0.15500968810550658,2867.2713358016795,6123.0,50.0,294.40443255387066,16.07960800547178,11.629545230152761,16.93577085615115,unknown,unknown_stilhed_0160.wav
0.0027164609637111425,0.1542596412275767,3022.2114288465873,6237.0,50.0,282.42568872106557,17.20867723952923,12.661727865816076,15.870374473624405,unknown,unknown_stilhed_0161.wav
0.002624032087624073,0.14632164510281892,3073.9434899328176,6255.0,50.0,293.8180096677722,12.786075818240882,10.15079779494442,16.409147090059932,unknown,unknown_stilhed_0162.wav
0.0050393580459058285,0.15763485217826115,2765.7406979867924,4657.0,30.0,527.8849748994658,124.00130532023805,528.4219203755706,279.90698271333054,unknown,unknown_stilhed_0163.wav
0.0036927713081240654,0.1099443715232202,2715.825240409834,6047.0,32.0,617.0354701049267,14.25573285436662,10.840260930834674,16.90332013416576,unknown,unknown_stilhed_0164.wav
0.0025163013488054276,0.15850990686917932,3070.729056273373,6283.0,50.0,257.7957556178591,14.098446370413662,11.037274583622082,16.819075015317903,unknown,unknown_stilhed_0165.wav
0.0032217083498835564,0.13200825051565723,2694.0116150204576,6004.0,50.0,531.6284705610786,19.612830129660402,11.589049284393674,17.19108374709289,unknown,unknown_stilhed_0166.wav
0.002865757793188095,0.14625914119632477,2862.3992597371794,6134.0,50.0,397.90597512148776,14.428353771616015,10.871967141801253,16.316213605977076,unknown,unknown_stilhed_0167.wav
0.0026437905617058277,0.15944746546659166,3015.9416210455634,6233.0,50.0,288.206791898578,15.738464488636492,10.483071693953248,17.052750280666583,unknown,unknown_stilhed_0168.wav
0.0037445712368935347,0.20538783673979624,2767.6935447538694,5376.0,50.0,324.3419694784336,72.74340243673062,134.02833926948813,72.26649707316471,unknown,unknown_stilhed_0169.wav
0.002603396773338318,0.1615100943808988,3062.84813609952,6257.0,50.0,247.7536751554352,14.950455164427243,11.021250648152833,16.611285540378766,unknown,unknown_stilhed_0170.wav
0.002888718619942665,0.13994624664041502,2750.9599617827425,6008.0,50.0,405.1779448954023,19.181538896266332,11.721916591592773,17.206819235576802,unknown,unknown_stilhed_0171.wav
0.002709653228521347,0.15350959434964687,3032.148521251986,6224.0,50.0,271.042533932653,13.896144238921197,11.092908824810799,16.275526727104843,unknown,unknown_stilhed_0172.wav
0.015916893258690834,0.08481780111256954,1555.816743599035,3710.0,42.0,6611.397386137082,98.85618347733443,88.3755126470644,32.4591106184381,unknown,unknown_stilhed_0173.wav
0.0029155134689062834,0.1308831801987624,2954.9957435973492,6185.0,50.0,401.91371483522795,15.38782657758687,10.977616366009261,16.301467012682387,unknown,unknown_stilhed_0174.wav
0.0026305855717509985,0.1599474967185449,2880.7307237518753,6085.0,50.0,297.7848000954241,15.584659857181153,13.164854814747516,18.401894494303594,unknown,unknown_stilhed_0175.wav
0.002580616855993867,0.1598224889055566,3052.369488511633,6267.0,50.0,259.4840031514159,16.39321113467811,11.487296112062927,16.132984973014725,unknown,unknown_stilhed_0176.wav
0.00270371837541461,0.14863428964310268,2975.2060936490107,6215.0,50.0,298.3123589162539,18.536340271020247,12.17662698863344,16.529487922639568,unknown,unknown_stilhed_0177.wav
0.0027506265323609114,0.15100943808988063,2997.1397505307846,6215.0,50.0,315.7870030309672,14.60303940641093,10.358156261670786,16.4952395267852,unknown,unknown_stilhed_0178.wav
0.003007437102496624,0.13888368023001438,2855.802502824386,6118.0,50.0,345.3570139586466,15.652938502755921,12.113632361595004,16.978923214860444,unknown,unknown_stilhed_0179.wav
0.03243998810648918,0.10050628164260267,1433.4300237409516,3218.0,443.0,47468.18642094851,2680.1081926836114,1354.082846430702,255.8629198562863,unknown,unknown_stilhed_0180.wav
0.003957560285925865,0.10388149259328708,2805.051086276677,6096.0,50.0,592.117698370168,19.263782449224372,12.37285695428778,18.777994478967766,unknown,unknown_stilhed_0181.wav
0.002595391357317567,0.1498843677729858,3070.6486556482987,6258.0,50.0,264.1989519926044,14.38773158738725,10.655800356670007,16.807123059980924,unknown,unknown_stilhed_0182.wav
0.002921650419011712,0.14725920370023127,3043.715162070406,6262.0,50.0,282.7839992683544,14.688782332136153,11.980364091943809,16.719786925934876,unknown,unknown_stilhed_0183.wav
0.002531633712351322,0.15900993812113257,3070.241767524216,6257.0,50.0,225.98531667476297,13.179479267163774,10.412400497438282,16.37596874344404,unknown,unknown_stilhed_0184.wav
0.002572271041572094,0.15300956309769362,3089.710714309206,6280.0,50.0,273.8788466303013,13.652992989219733,10.192663814326208,16.257204868760752,unknown,unknown_stilhed_0185.wav
0.002795261098071933,0.1469466841677605,3046.6087459069895,6312.0,50.0,324.9473896585846,13.691627396853908,10.696182913489805,16.47220781922143,unknown,unknown_stilhed_0186.wav
0.0026696084532886744,0.1476342271391962,3056.3040194410573,6278.0,50.0,283.27136983466164,14.979314984302324,11.743296676856538,16.700681216439804,unknown,unknown_stilhed_0187.wav
0.002804250456392765,0.1566972935808488,3037.0654303267333,6317.0,50.0,336.53424500954685,14.253941088672033,10.295830784432162,16.17835446202387,unknown,unknown_stilhed_0188.wav
0.0025486547965556383,0.15563472717044816,3080.9436114019054,6248.0,50.0,242.2534822206928,14.613864716147337,10.100015624562307,16.737319021011945,unknown,unknown_stilhed_0189.wav
0.002573000732809305,0.14769673104569037,3006.7356650178767,6209.0,50.0,294.58798249674913,13.917856766236923,10.670106423594806,16.748800675106423,unknown,unknown_stilhed_0190.wav
0.002895632991567254,0.1402587661728858,2758.139845357994,6047.0,50.0,360.71562452781046,29.005651410366823,11.8840800377804,17.239624661558636,unknown,unknown_stilhed_0191.wav
0.0025909235700964928,0.15838489905619102,3012.649540390721,6207.0,245.0,273.16076540115165,15.78560824935613,12.525011810239379,17.55455827000793,unknown,unknown_stilhed_0192.wav
0.0027891905046999454,0.1392587036689793,2899.745566070784,6190.0,50.0,349.66096027951744,14.549209937122091,10.764956654385008,16.132501527370632,unknown,unknown_stilhed_0193.wav
0.002582036890089512,0.15663478967435465,3103.458946941143,6305.0,50.0,260.62054752704756,13.61151741655732,11.172543246422793,16.366051302781074,unknown,unknown_stilhed_0194.wav
0.003378627821803093,0.12657041065066565,2876.1014095609803,6178.0,50.0,614.4388412006005,15.259548855955021,10.66182160432749,16.012179232294006,unknown,unknown_stilhed_0195.wav
0.0025482659693807364,0.1610725670354397,2979.6977325024814,6172.0,50.0,266.8729713671582,15.750765911880718,12.961536106097736,16.90946953605099,unknown,unknown_stilhed_0196.wav
0.002503545954823494,0.16838552409525595,3134.8626189721645,6310.0,50.0,232.95474861876704,13.839949945198505,10.905803799757935,16.616036882023245,unknown,unknown_stilhed_0197.wav
0.0026390349958091974,0.15325957872367024,3052.302725988264,6252.0,50.0,301.052616604691,14.391053410912932,11.412498454664146,16.218224095061366,unknown,unknown_stilhed_0198.wav
0.012961995787918568,0.1095068441777611,1467.1986754587106,3283.0,206.0,7943.437680291089,1076.5245160248085,149.0639103856596,68.76717776073906,unknown,unknown_stilhed_0199.wav
0.003924810327589512,0.09631851990749422,2911.6027182765974,6176.0,30.0,711.5256944326474,15.642944391647276,10.06519852739647,16.73447684428462,unknown,unknown_stilhed_0200.wav
0.02048361673951149,0.10369398087380462,1302.5717383896003,2451.0,387.0,21984.48070564708,7880.2558036946175,1663.7627764615809,170.72463863213363,unknown,unknown_tmlKlasse_0001.wav
0.024698257446289062,0.07156697293580849,1332.4645161088702,2750.0,382.0,26731.53005839777,8103.046815740085,710.454600963919,201.35452242400865,unknown,unknown_tmlKlasse_0002.wav
0.025491977110505104,0.07981748859303707,1417.4435565405863,3041.0,261.0,27172.63857258245,6666.9545795363865,1223.0757056266393,349.539028023252,unknown,unknown_tmlKlasse_0003.wav
0.021271174773573875,0.058941183823988996,1548.0616375664308,3518.0,210.0,6234.2806300150405,209.85106298236505,110.37053172566584,32.75395140307383,unknown,unknown_tmlKlasse_0004.wav
0.027882693335413933,0.11038189886867929,1631.373550382064,3078.0,314.0,22916.598378484425,14285.034645205888,4867.169512647092,676.5993163795554,unknown,unknown_tmlKlasse_0005.wav
0.010824657045304775,0.09000562535158448,1490.6457641485683,3351.0,567.0,2309.0805126309237,1693.249311288235,37.79153512820605,25.82962297779596,unknown,unknown_tmlKlasse_0006.wav
0.02095145918428898,0.06506656666041627,1425.5070838728598,3517.0,253.0,19179.827720009474,1433.1379830208452,155.52094046408564,121.59458082511134,unknown,unknown_tmlKlasse_0007.wav
0.022491689771413803,0.08306769173073317,1217.5800118040945,2294.0,397.0,10666.171269545532,11502.71469292661,662.4196674895649,73.2925741751605,unknown,unknown_tmlKlasse_0008.wav
0.008996122516691685,0.10481905119069942,2143.6917593003413,4795.0,50.0,1484.8690040296115,79.84219449884975,132.0235194091496,54.93077099595405,unknown,unknown_tmlKlasse_0009.wav
0.005377796478569508,0.11906994187136696,1861.2066535407798,4241.0,50.0,986.4109726854683,412.08284077368467,55.460117316026505,32.774521673332494,unknown,unknown_tmlKlasse_0010.wav
0.011878499761223793,0.11338208638039877,1589.0539819484636,3231.0,378.0,4437.480990143924,364.0044427838311,194.28295876193903,37.32003652575267,unknown,unknown_tmlKlasse_0011.wav
0.013608642853796482,0.09219326207887993,1356.8730622989924,3157.0,256.0,8937.103284091783,914.4575319507333,119.93258221531063,93.88455861764812,unknown,unknown_tmlKlasse_0012.wav
0.04424765333533287,0.07194199637477343,1073.169555462863,2037.0,432.0,57844.797106016325,14534.3563761979,1531.3785713392663,116.73213878839925,unknown,unknown_tmlKlasse_0013.wav
0.02732737734913826,0.07675479717482343,1196.5465992120373,2238.0,549.0,14493.023561196958,24679.570990576256,243.43407988215677,154.70962707505552,unknown,unknown_tmlKlasse_0014.wav
0.020224319770932198,0.1204450278142384,1841.9705733659157,3553.0,151.0,6644.737431821739,1244.298996041298,1470.937192137252,638.5412226330375,unknown,unknown_tmlKlasse_0015.wav
0.002643827348947525,0.1605100318769923,2667.8213320722084,5836.0,50.0,224.37633731562266,46.59507567732635,17.693553742167474,19.554469109012,unknown,unknown_tmlKlasse_0016.wav
0.016702132299542427,0.08188011750734421,1530.570588333606,3298.0,250.0,12358.565191488482,624.5834337409633,567.8399086415794,115.05126878918193,unknown,unknown_tmlKlasse_0017.wav
0.018409648910164833,0.056253515844740296,1331.5925343130234,3155.0,211.0,9130.579304188015,1037.3894934815787,49.360496812731256,32.55075081387601,unknown,unknown_tmlKlasse_0018.wav
0.04626227915287018,0.08181761360085005,1431.5540926101578,3113.0,533.0,40562.29236440494,36388.82119083938,1394.5682065288654,648.1839227235427,unknown,unknown_tmlKlasse_0019.wav
0.01550506055355072,0.08169260578786174,1471.0209335090012,3062.0,144.0,6240.641020728434,784.4228149576168,229.25876148870134,46.0390165308595,unknown,unknown_tmlKlasse_0020.wav
0.007873636670410633,0.08988061753859616,1481.2729867815274,3760.0,50.0,3308.33821085957,287.52213474482113,28.324895866240816,18.071154650304912,unknown,unknown_tmlKlasse_0021.wav
0.009054403752088547,0.11431964497781111,1625.580129920753,3537.0,50.0,3996.91980201926,442.9234366225164,155.61976033082425,57.19805292963018,unknown,unknown_tmlKlasse_0022.wav
0.00781796220690012,0.09425589099318707,1739.7255848871664,4053.0,50.0,2097.415611820977,161.13704531423505,87.63537733673557,35.46416311067483,unknown,unknown_tmlKlasse_0023.wav
0.03150079399347305,0.0743796487280455,1246.4596577843113,2507.0,474.0,30531.22118949375,915.1952010237981,150.59498688330984,35.51248463116842,unknown,unknown_tmlKlasse_0024.wav
0.009925328195095062,0.0939433714607163,1500.930289114421,3106.0,336.0,3778.468298500884,1950.2317465984156,126.59832415215799,40.56031582850176,unknown,unknown_tmlKlasse_0025.wav
0.017088359221816063,0.0854428401775111,1432.849474275566,3078.0,273.0,6989.706048145863,903.5533664971866,257.42215056596456,65.55654924024903,unknown,unknown_tmlKlasse_0026.wav
0.060486894100904465,0.10813175823488969,1562.6621497375215,3112.0,416.0,96558.94934753075,31326.239260366732,9621.22949435309,3281.44494373378,unknown,unknown_tmlKlasse_0027.wav
0.015538151375949383,0.15488468029251828,1887.6118299787665,4592.0,345.0,10943.032321401983,1466.6796283437216,239.55952278909405,86.95509341899223,unknown,unknown_tmlKlasse_0028.wav
0.006620044354349375,0.11738233639602476,1757.1457845244875,3766.0,50.0,1713.1680539064919,843.1057647054015,126.017312750701,34.891182846369745,unknown,unknown_tmlKlasse_0029.wav
0.02356048859655857,0.09031814488405525,1296.0508836642643,2311.0,506.0,10404.637609345125,20019.10535899656,2439.495225859378,290.62585220312315,unknown,unknown_tmlKlasse_0030.wav
0.00671883812174201,0.13407087942996437,1894.8252636259076,4316.0,50.0,1901.795449520242,168.83230085403252,95.12588983283999,39.83269038273956,unknown,unknown_tmlKlasse_0031.wav
0.007993399165570736,0.09969373085817863,1715.7515215921308,3926.0,50.0,1785.5042146899755,460.19945105452337,70.74992390002068,34.313138396913565,unknown,unknown_tmlKlasse_0032.wav
0.011184252798557281,0.09313082067629226,1427.896451424998,3350.0,415.0,8134.947068199839,170.60961799902935,51.81131704414832,24.46433712488796,unknown,unknown_tmlKlasse_0033.wav
0.022620897740125656,0.09119319957497343,1336.7562047795163,2517.0,322.0,25214.09398971966,9739.887855523777,2023.1385462847916,150.78434594438818,unknown,unknown_tmlKlasse_0034.wav
0.02301226183772087,0.08381773860866304,1288.4943010909055,2633.0,380.0,30040.49230896517,5279.907003840564,722.7783932175169,149.2868638631502,unknown,unknown_tmlKlasse_0035.wav
0.016688628122210503,0.08600537533595849,1298.038722070805,2617.0,492.0,8538.774025935165,4461.052066424553,301.617589975784,60.398282909455546,unknown,unknown_tmlKlasse_0036.wav
0.003515190677717328,0.1357584849053066,2325.759033813967,5452.0,50.0,493.1797338998444,47.849983796206914,17.4940008908533,23.76568753621614,unknown,unknown_tmlKlasse_0037.wav
0.019853318110108376,0.09438089880617538,1289.8997013381402,2588.0,397.0,17268.390066131593,1064.7856080392557,327.2475712965445,61.57945014261206,unknown,unknown_tmlKlasse_0038.wav
0.011411504819989204,0.12188261766360398,1658.881853549539,4222.0,292.0,3773.3666138289864,305.9193298063067,67.57762827145194,41.43197610944923,unknown,unknown_tmlKlasse_0039.wav
0.005778451915830374,0.10025626601662604,1975.8532935139756,5058.0,50.0,1272.9129225708632,79.70737787694705,20.866573967477727,20.820743845947312,unknown,unknown_tmlKlasse_0040.wav
0.0062561482191085815,0.11688230514407151,2055.738724858192,4540.0,50.0,1069.048352961894,122.75877733111197,89.99007760384211,37.67987546423514,unknown,unknown_tmlKlasse_0041.wav
0.00993864331394434,0.07737983623976498,1728.4468210229588,4286.0,117.0,2671.4257429136114,154.90594771405222,39.10216569847135,26.803342013257886,unknown,unknown_tmlKlasse_0042.wav
0.02980281040072441,0.08694293393337084,1327.4960444413762,2965.0,387.0,58175.208053273745,2344.5745896884555,619.1990179385505,244.42012131367676,unknown,unknown_tmlKlasse_0043.wav
0.019855603575706482,0.07262953934620914,1272.569910801406,2863.0,482.0,24348.856207787278,1660.1165189892652,215.18113862193366,93.57793777660821,unknown,unknown_tmlKlasse_0044.wav
0.009254797361791134,0.07925495343458966,1638.2593121497948,3995.0,163.0,4162.225166088931,330.2475966891611,39.77891174289956,50.027058471266415,unknown,unknown_tmlKlasse_0045.wav
0.02033091150224209,0.08256766047877992,1394.033145751396,2969.0,136.0,6257.675467462803,3846.2961956542513,124.6350696812327,60.6725031963082,unknown,unknown_tmlKlasse_0046.wav
0.019522149115800858,0.09438089880617538,1768.0986445532176,3422.0,206.0,11550.867286749764,3059.887652727959,940.3487432529424,761.0014837379174,unknown,unknown_tmlKlasse_0047.wav
0.023038510233163834,0.09794362147634227,1531.2874268274452,2969.0,143.0,10757.695705900082,8477.608497832865,1217.670693274356,264.5969432615788,unknown,unknown_tmlKlasse_0048.wav
0.021755248308181763,0.07606725420338771,1402.3497164180737,3279.0,549.0,9530.05724973721,13943.390484724816,137.77330348249563,127.41973856138245,unknown,unknown_tmlKlasse_0049.wav
0.009140039794147015,0.07644227764235265,1553.0522164370398,3802.0,263.0,3843.999712398639,104.17415190601,49.160806250630245,27.504463142664306,unknown,unknown_tmlKlasse_0050.wav
0.01395334955304861,0.11919494968435528,1866.274580776716,4025.0,344.0,5653.120522708064,179.9673468157098,140.0201497459687,167.96826891427668,unknown,unknown_tmlKlasse_0051.wav
0.008240860886871815,0.10756922307644227,1713.2331862624433,3783.0,787.0,1274.3645205749785,3252.9785171029694,58.66758642957347,60.27856131486352,unknown,unknown_tmlKlasse_0052.wav
0.03248288109898567,0.10256891055690981,1526.9999752103977,3157.0,604.0,23838.251818160832,35792.0790140389,1589.50768418713,559.6739334525163,unknown,unknown_tmlKlasse_0053.wav
0.013239461928606033,0.07081692605787862,1379.026952103643,3033.0,239.0,8565.915867070507,358.2514876123904,161.77708627431454,45.7664774265367,unknown,unknown_tmlKlasse_0054.wav
0.04740282893180847,0.09894368398024876,1415.893245648766,2973.0,679.0,69888.76327439306,46382.029275457135,4128.204891738362,1366.9200980023631,unknown,unknown_tmlKlasse_0055.wav
0.04145272821187973,0.0817551096943559,1031.278668584797,1496.0,396.0,45594.1245342476,67481.17438645527,472.33449460514646,313.520839193288,unknown,unknown_tmlKlasse_0056.wav
0.006224026437848806,0.09138071129445591,1953.9261641473272,4358.0,50.0,1191.1762275799492,278.98338075973203,84.34173350242477,35.45887909527541,unknown,unknown_tmlKlasse_0057.wav
0.05251513421535492,0.11300706294143384,1478.5485812839124,3027.0,407.0,94893.0835834936,38809.63779456796,16124.721919030002,5032.695777184443,unknown,unknown_tmlKlasse_0058.wav
0.017081469297409058,0.08281767610475654,1222.7744993060442,2574.0,159.0,12723.265969102787,3363.4951522521505,171.46252898758146,67.97250478804297,unknown,unknown_tmlKlasse_0059.wav
0.017342859879136086,0.10631914494655915,1269.833784895081,2046.0,633.0,2853.8400546257726,11995.450664421689,35.34375122500758,26.261542369784944,unknown,unknown_tmlKlasse_0060.wav
0.017670143395662308,0.07487967997999875,1270.086431912276,2756.0,420.0,15825.871582336102,3759.0590656017102,125.15771645614473,148.951372105273,unknown,unknown_tmlKlasse_0061.wav
0.019319631159305573,0.09556847302956435,1276.345614688283,2466.0,191.0,19569.011885258442,5401.909186582265,1186.119171462858,135.4101523674374,unknown,unknown_tmlKlasse_0062.wav
0.02808571420609951,0.10519407462966436,1738.3753565507473,3688.0,275.0,17558.795867048917,6473.988969465543,1160.5747924843013,689.4978037635407,unknown,unknown_tmlKlasse_0063.wav
0.03599986806511879,0.07469216826051628,1172.693613892161,2214.0,439.0,72098.39178876241,14541.31220356281,1904.323537545858,323.15458404920645,unknown,unknown_tmlKlasse_0064.wav
0.004751164466142654,0.13019563722732672,2255.9426311297157,5412.0,50.0,619.116744617356,56.72750345653856,25.516162932771568,24.127901061419426,unknown,unknown_tmlKlasse_0065.wav
0.024205219000577927,0.06725420338771174,1184.770843777059,2471.0,399.0,25190.19391698094,3765.711415539611,271.69634110630034,74.9372256540259,unknown,unknown_tmlKlasse_0066.wav
0.026804961264133453,0.0977561097568598,1468.0146282183705,2690.0,542.0,16655.408728035894,22456.866478602904,6563.000357309927,369.141159818834,unknown,unknown_tmlKlasse_0067.wav
0.028658313676714897,0.08475529720607539,1561.5124269385285,3460.0,330.0,10470.780143483396,6992.445388113846,322.9240522460957,252.37441508464474,unknown,unknown_tmlKlasse_0068.wav
0.01494072936475277,0.10019376211013188,1861.466315605736,4020.0,327.0,2917.9435286208754,1602.4762363115624,129.1335123905533,189.4624953642542,unknown,unknown_tmlKlasse_0069.wav
0.01102852076292038,0.09850615663478968,1374.0705968293983,3025.0,272.0,9533.903807358918,674.4759025815697,250.1298352604326,103.09754753094363,unknown,unknown_tmlKlasse_0070.wav
0.022326845675706863,0.09231826989186824,1268.3497867012325,2715.0,322.0,19759.706872858118,4248.989902075928,501.20337776413635,143.60679773623113,unknown,unknown_tmlKlasse_0071.wav
0.009844601154327393,0.08144259016188511,1469.9098603271254,3206.0,656.0,3183.4588276391855,1932.1731477175501,60.423347621170215,28.694594119777484,unknown,unknown_tmlKlasse_0072.wav
0.0030275776516646147,0.1382586411650728,2511.320844572467,5839.0,50.0,368.2764279307879,26.226097859249904,11.517347506428345,17.176436230570292,unknown,unknown_tmlKlasse_0073.wav
0.02213413454592228,0.10063128945559098,1514.7568070913671,2935.0,307.0,16483.930270304267,5811.761959698278,2373.7508257533173,444.33264744138717,unknown,unknown_tmlKlasse_0074.wav
0.04348454624414444,0.09763110194387149,1335.480623465232,2692.0,408.0,42035.048519155476,33463.17788525374,3840.092153226419,672.2222028837671,unknown,unknown_tmlKlasse_0075.wav
0.019158802926540375,0.07131695730983187,1294.0938246655314,2612.0,137.0,5690.508433463017,2018.5154520680667,86.85933631506497,26.473506718260776,unknown,unknown_tmlKlasse_0076.wav
0.01044175960123539,0.10931933245827864,1483.3686578030458,3196.0,200.0,4979.872047744491,1651.8561366219492,107.87702135958739,106.31180956614762,unknown,unknown_tmlKlasse_0077.wav
0.003417463041841984,0.14088380523782737,2427.2083497680537,5502.0,50.0,455.99129193664214,42.60627805917656,36.732097093914135,27.834993048570272,unknown,unknown_tmlKlasse_0078.wav
0.017333319410681725,0.10438152384524033,1296.9236197452087,2690.0,525.0,7799.750682777263,7833.361479551646,172.8258511098038,79.55895935901246,unknown,unknown_tmlKlasse_0079.wav
0.014439290389418602,0.15507219201200076,1797.8926196801792,4010.0,259.0,10119.62775466593,2945.122882990114,78.44203871054565,543.8902193695964,unknown,unknown_tmlKlasse_0080.wav
0.010194631293416023,0.09531845740358773,1584.306259936546,3713.0,455.0,4803.466468007298,686.5065781352341,55.39221025103646,55.876204990868516,unknown,unknown_tmlKlasse_0081.wav
0.04632527753710747,0.06694168385524095,1103.338912272581,2206.0,564.0,46537.109020665375,106104.44045934017,4045.7971523633214,204.5382305523891,unknown,unknown_tmlKlasse_0082.wav
0.008389787748456001,0.07531720732545784,1543.5671308810586,3837.0,98.0,2964.6553663607956,348.6620540011962,32.456192999642816,22.181688566781673,unknown,unknown_tmlKlasse_0083.wav
0.006519068963825703,0.12913307081692607,2364.9068770497834,5449.0,50.0,645.4551064622475,37.80073820672523,27.20951199956228,35.56091142132162,unknown,unknown_tmlKlasse_0084.wav
0.018590008839964867,0.09113069566847928,1320.563378092763,2671.0,340.0,15772.525438430974,2311.5332135257913,782.1489749291934,110.08810240915935,unknown,unknown_tmlKlasse_0085.wav
0.013285396620631218,0.11025689105569098,1587.8640475414256,3327.0,487.0,3215.5011125487727,1345.3638512396815,144.21165722166097,49.625004414977404,unknown,unknown_tmlKlasse_0086.wav
0.009149179793894291,0.10463153947121695,1480.362515562385,3373.0,50.0,4186.078855454221,1374.4122751772582,97.95358511773256,84.14339855200024,unknown,unknown_tmlKlasse_0087.wav
0.011024586856365204,0.09556847302956435,1435.740026677152,3098.0,138.0,5852.592199097917,1182.32638371705,292.97307655649604,68.22500098586816,unknown,unknown_tmlKlasse_0088.wav
0.03609113395214081,0.0828801800112507,1537.9063699183068,3452.0,403.0,43945.869780643785,23560.03620219115,709.7129475877866,1191.2543601750046,unknown,unknown_tmlKlasse_0089.wav
0.005794950295239687,0.11031939496218514,1725.852236510067,3956.0,50.0,1657.410705450527,469.49393100895725,48.552985900560955,27.540432677790363,unknown,unknown_tmlKlasse_0090.wav
0.017846310511231422,0.096631039439965,1762.4009057836467,3916.0,431.0,12876.864813674125,1488.842784469094,229.33858348499456,267.201280365309,unknown,unknown_tmlKlasse_0091.wav
0.02610013447701931,0.08025501593849615,1282.3806184136788,2731.0,654.0,9468.535492516621,23150.994149851926,229.53984724251654,176.3424729387629,unknown,unknown_tmlKlasse_0092.wav
0.012451578862965107,0.07050440652540783,1376.9308769862555,3003.0,200.0,6549.877099998828,703.1084252189339,97.53809648214781,27.933451522750318,unknown,unknown_tmlKlasse_0093.wav
0.011788776144385338,0.12238264891555722,1731.092422132204,3606.0,438.0,3621.4663783177375,2594.874254164992,503.8672894450317,248.82252591418828,unknown,unknown_tmlKlasse_0094.wav
0.024427250027656555,0.06269141821363836,1335.9301621839977,3033.0,248.0,13878.194661316491,545.9635486656764,170.31606768813094,82.19210426445979,unknown,unknown_tmlKlasse_0095.wav
0.007518594618886709,0.11538221138821177,1687.4131035775044,3963.0,208.0,3227.223356405023,180.25516737526155,83.72264853265064,38.55295185141939,unknown,unknown_tmlKlasse_0096.wav
0.03834240138530731,0.09756859803737733,1392.641819759367,2562.0,564.0,19117.018599758394,24762.06412034968,4198.424634013954,183.2684603540258,unknown,unknown_tmlKlasse_0097.wav
0.01122346892952919,0.0919432464529033,1521.130078593904,3254.0,168.0,7797.704443528958,598.7452023863274,259.3913035808406,52.238852376302425,unknown,unknown_tmlKlasse_0098.wav
0.009953130036592484,0.08138008625539096,1485.4627094775772,3504.0,209.0,3354.7570602686765,598.2735345174528,33.81747363740908,26.894177901264328,unknown,unknown_tmlKlasse_0099.wav
0.006407544948160648,0.10963185199074942,2412.699142887094,5524.0,50.0,716.1860824506578,96.92719846806264,27.144276310643427,41.95527005855207,unknown,unknown_tmlKlasse_0100.wav
0.01108254212886095,0.09481842615163448,1550.3301688840847,3428.0,391.0,4979.945952935841,675.6300505262508,117.11087881056933,47.06235765577121,unknown,unknown_tmlKlasse_0101.wav
0.022471196949481964,0.07294205887867991,1211.1864799346652,2518.0,417.0,21607.255975750075,5256.5999168399485,556.8231452290127,179.7685796542277,unknown,unknown_tmlKlasse_0102.wav
0.020131297409534454,0.06369148071754485,1163.735058081774,2548.0,374.0,17446.185100275245,3264.5167322243624,127.52860803036938,66.05198855287782,unknown,unknown_tmlKlasse_0103.wav
0.022311804816126823,0.06619163697731108,1234.5799124102602,2526.0,330.0,8729.515297800974,7099.464473962533,234.8186797501979,40.706400881312945,unknown,unknown_tmlKlasse_0104.wav
0.009154505096375942,0.09869366835427214,1468.5038619728082,3325.0,509.0,3974.7671071268696,2477.6366957627615,60.85820110049515,38.567227123895165,unknown,unknown_tmlKlasse_0105.wav
0.019775880500674248,0.08556784799049941,1299.8878935806365,2567.0,429.0,11556.296680885249,9611.79859802931,383.27984637260164,64.85309619382255,unknown,unknown_tmlKlasse_0106.wav
0.004353872034698725,0.11444465279079942,2278.2499811310645,5411.0,50.0,488.36344327885547,79.68330928831804,17.934270668057895,20.52416467634422,unknown,unknown_tmlKlasse_0107.wav
0.006901002023369074,0.07719232452028252,1709.3110469476273,4169.0,59.0,2112.2245361920495,237.25589657517932,39.23752909466404,24.951934300053964,unknown,unknown_tmlKlasse_0108.wav
0.013255245983600616,0.09613100818801175,1801.9908941269146,4085.0,244.0,3250.630603131714,1576.104241856498,60.26968083846158,86.96768215855475,unknown,unknown_tmlKlasse_0109.wav
0.003600058378651738,0.1296331020688793,2369.5459760727813,5671.0,50.0,548.7846763013597,36.14366786000269,16.63887512888101,19.587944561087717,unknown,unknown_tmlKlasse_0110.wav
0.020808126777410507,0.09613100818801175,1252.73340796886,2702.0,370.0,26603.735487979855,5353.590484040047,568.6427829896011,251.8561378612615,unknown,unknown_tmlKlasse_0111.wav
0.01928708888590336,0.10269391836989812,1381.6938754713706,2910.0,430.0,7332.4798742084895,6712.403017214458,330.5913978484267,189.40976127372792,unknown,unknown_tmlKlasse_0112.wav
0.0029705052729696035,0.17307331708231766,2759.505670484264,6045.0,50.0,258.15579574971736,147.17930181168052,60.815109956012805,36.78887351727871,unknown,unknown_tmlKlasse_0113.wav
0.047268085181713104,0.08319269954372148,1200.7007944392446,2475.0,210.0,77813.2332901836,37095.05901398388,3086.379942068492,650.9624014448475,unknown,unknown_tmlKlasse_0114.wav
0.02832135744392872,0.0796299768735546,1161.5983068226656,1822.0,708.0,16587.23785383372,33893.524313109825,678.2956882885347,64.43445294439282,unknown,unknown_tmlKlasse_0115.wav
0.02015877142548561,0.08588036752297018,1461.8553757453856,3188.0,343.0,28001.999341353552,1994.7946088305166,296.97847361974925,59.024583825604246,unknown,unknown_tmlKlasse_0116.wav
0.023805437609553337,0.07794237139821239,1156.4301690729264,1946.0,477.0,16794.363881526544,22307.111311026518,803.9437755985623,100.2821238731397,unknown,unknown_tmlKlasse_0117.wav
0.02192218415439129,0.07606725420338771,1060.9995782960057,2063.0,237.0,31103.415877832176,6491.041125449443,347.8226565312825,113.5523370600124,unknown,unknown_tmlKlasse_0118.wav
0.015977196395397186,0.13169573098318646,1842.7109371253287,3081.0,50.0,1609.2469535756131,2746.396801521538,2447.5221197350684,148.87714497076408,unknown,unknown_tmlKlasse_0119.wav
0.020510420203208923,0.08975560972560785,1319.6693690529853,2502.0,623.0,6465.584415101274,10542.178202684965,358.3193613800207,64.60639315957039,unknown,unknown_tmlKlasse_0120.wav
0.014251604676246643,0.0797549846865429,1299.2974180292385,2392.0,525.0,4216.1668166468335,3949.314637837461,155.71762366310998,24.370223889856433,unknown,unknown_tmlKlasse_0121.wav
0.029023705050349236,0.07894243390211889,1358.7350090309424,3035.0,277.0,21109.26318677857,7326.511140277816,779.7620996203917,431.4736713015006,unknown,unknown_tmlKlasse_0122.wav
0.023125410079956055,0.09688105506594162,1324.229933749794,2556.0,605.0,13483.439232669678,19956.65215519211,2174.442606782018,366.85298366250714,unknown,unknown_tmlKlasse_0123.wav
0.006353952456265688,0.11381961372585786,1975.2944092199582,4867.0,50.0,1297.698620019455,235.10832194857358,21.573652046967943,26.186492357812977,unknown,unknown_tmlKlasse_0124.wav
0.01961948722600937,0.08944309019313706,1424.5876899001892,3045.0,298.0,16733.111344044817,838.1593915412744,957.1777738483474,266.3995203543727,unknown,unknown_tmlKlasse_0125.wav
0.021535927429795265,0.08438027376711045,1287.5881476740644,2573.0,300.0,12021.260966158441,8184.629925752456,307.60710413991114,74.41188277017206,unknown,unknown_tmlKlasse_0126.wav
0.008243664167821407,0.0716919807487968,1713.6774290462554,4102.0,59.0,1791.7336493311,520.210311114009,57.56342207990973,25.16719161149711,unknown,unknown_tmlKlasse_0127.wav
0.03692866861820221,0.10931933245827864,1344.726767259363,2478.0,489.0,18611.084909884223,43502.8318794596,1992.1735862596142,410.45697731893875,unknown,unknown_tmlKlasse_0128.wav
0.016513697803020477,0.06881680105006563,1258.7930501660987,2827.0,115.0,10615.37533505294,2877.660076735201,145.0908911955521,75.71382006223735,unknown,unknown_tmlKlasse_0129.wav
0.04151490330696106,0.0950684417776111,1263.7374227387388,2427.0,623.0,25566.491002537325,55732.1953480486,5250.22072766054,394.0726453995512,unknown,unknown_tmlKlasse_0130.wav
0.03316378593444824,0.11031939496218514,1775.2806180208106,4034.0,301.0,16110.805561309833,20147.394465001737,832.4641204024606,602.8469602287466,unknown,unknown_tmlKlasse_0131.wav
0.01287822425365448,0.0722545159072442,1272.5399344311863,2635.0,241.0,7432.482240335824,1040.6850874901459,124.97741348484328,33.04190345601255,unknown,unknown_tmlKlasse_0132.wav
0.004502263851463795,0.14669666854178387,2430.2696809484873,4942.0,62.0,823.0403675213743,160.09778639324404,183.73287856081276,102.82670762763372,unknown,unknown_tmlKlasse_0133.wav
0.03457137942314148,0.09919369960622539,1655.4709237354325,3399.0,315.0,22450.142969355133,11405.689872679828,1025.5501850084831,655.8870474872784,unknown,unknown_tmlKlasse_0134.wav
0.02412467822432518,0.09031814488405525,1341.3756303567452,2935.0,342.0,19217.814508688054,3688.711620505157,352.30789073830636,133.8518729152618,unknown,unknown_tmlKlasse_0135.wav
0.008259179070591927,0.1099443715232202,2096.684946959587,4548.0,50.0,1121.5964387310355,211.63947414987106,41.384348028413456,71.07768669556621,unknown,unknown_tmlKlasse_0136.wav
0.02162262611091137,0.1051315707231702,1278.3798558089209,2919.0,237.0,20815.18731004054,350.53109345121356,203.90324398406085,62.055492178488215,unknown,unknown_tmlKlasse_0137.wav
0.03813368082046509,0.08181761360085005,1282.4023080297293,2631.0,464.0,60260.06950649234,14418.504602927624,1406.04308696358,261.9937252376304,unknown,unknown_tmlKlasse_0138.wav
0.02350376732647419,0.07794237139821239,1136.1838121980154,2368.0,382.0,42812.642976838,3803.3147795701957,537.1340603338664,90.25489433943014,unknown,unknown_tmlKlasse_0139.wav
0.015611930750310421,0.07837989874367148,1482.0830195996919,3288.0,281.0,12320.95178173114,782.674491590838,295.77791536049665,235.71507405045682,unknown,unknown_tmlKlasse_0140.wav
0.007161696907132864,0.13025814113382087,1748.3620879394853,4154.0,351.0,2544.08937908807,282.73525552269996,47.745420093540936,28.063819432117704,unknown,unknown_tmlKlasse_0141.wav
0.015424445271492004,0.0881305081567598,1447.0462409596319,2792.0,460.0,5920.193225436598,1581.865181600246,592.1158227670705,65.77368059763423,unknown,unknown_tmlKlasse_0142.wav
0.02288885973393917,0.10763172698293644,1327.017912847327,2736.0,237.0,7560.492546706344,4510.7693112928355,75.68930114458882,40.84630435821191,unknown,unknown_tmlKlasse_0143.wav
0.027012113481760025,0.07662978936183512,1196.4147147596548,2415.0,500.0,14505.117244141653,5945.5010198749815,125.5539103142539,57.613898744681435,unknown,unknown_tmlKlasse_0144.wav
0.008437395095825195,0.10500656291018189,1992.2710626197259,4966.0,50.0,936.5681839570566,100.84130288284524,30.711673512022266,18.97097626526603,unknown,unknown_tmlKlasse_0145.wav
0.015594626776874065,0.09550596912307019,1623.2626974855623,3512.0,240.0,7404.316048812474,1083.6318246708956,246.8167189355911,152.69301947103716,unknown,unknown_tmlKlasse_0146.wav
0.0226222425699234,0.06869179323707732,1194.460322544937,2474.0,209.0,21684.654866311605,4135.616003517283,352.7424492754215,68.74172515001374,unknown,unknown_tmlKlasse_0147.wav
0.019065340980887413,0.08356772298268642,1305.6124949573295,2480.0,356.0,15547.853757885237,2613.1692708515734,366.2226576308728,74.5881238883649,unknown,unknown_tmlKlasse_0148.wav
0.005091389175504446,0.13938371148196763,2247.7644734049295,5215.0,50.0,622.7960307602827,99.68728670208698,45.29477718477987,29.730913878244348,unknown,unknown_tmlKlasse_0149.wav
0.010803758166730404,0.06825426589161823,1422.3740978156056,3457.0,279.0,5570.844013371289,264.08324322475374,33.63700412502868,23.71572141700932,unknown,unknown_tmlKlasse_0150.wav
0.019884204491972923,0.07306706669166822,1294.7993619821473,2866.0,241.0,18396.25144698186,433.19530710181465,201.58714684179597,69.71485303037795,unknown,unknown_tmlKlasse_0151.wav
0.0280856154859066,0.08263016438527408,1262.7446001400551,2683.0,380.0,25922.96048503265,10460.012592744335,663.6779466870717,300.5955124376089,unknown,unknown_tmlKlasse_0152.wav
0.01158821675926447,0.09913119569973124,1611.1609081103552,3711.0,50.0,2269.4237361004207,3198.9321812397675,73.95035917300129,92.12514427723815,unknown,unknown_tmlKlasse_0153.wav
0.043482035398483276,0.08244265266579161,1275.2756582516188,2588.0,407.0,51944.525789323816,25287.0444610064,3083.1721317739502,588.2843864477126,unknown,unknown_tmlKlasse_0154.wav
0.06426619738340378,0.06900431276954809,1160.1189137948343,2492.0,390.0,139617.85872096615,22507.71959356872,1287.7288017436758,1657.5703250754048,unknown,unknown_tmlKlasse_0155.wav
0.0071547492407262325,0.09788111756984812,1802.4095298743996,4419.0,50.0,1396.801627684537,242.42267275881477,34.27448680015398,26.182377043261162,unknown,unknown_tmlKlasse_0156.wav
0.04001303017139435,0.10269391836989812,1339.5021592978992,2514.0,180.0,43916.44120587784,50282.24758057048,12456.68855040978,1127.1279669667917,unknown,unknown_tmlKlasse_0157.wav
0.01161739882081747,0.07756734795924745,1435.9206414268074,3278.0,288.0,6084.331793031919,1092.7408530138734,83.9006893150721,50.47370645244324,unknown,unknown_tmlKlasse_0158.wav
0.011076301336288452,0.0993187074192137,1474.8814004812148,3283.0,197.0,3171.1686191977583,2458.2788154523546,49.30556337124656,28.411279076222588,unknown,unknown_tmlKlasse_0159.wav
0.014904394745826721,0.053565847865491595,1424.5541020370981,3285.0,295.0,8856.28610597542,428.7037598963526,65.57923294091265,53.42192199690538,unknown,unknown_tmlKlasse_0160.wav
0.015279431827366352,0.07031689480592537,1256.6856348997687,2879.0,173.0,14712.333926246696,1269.0582261327477,91.71081354030655,51.349326601004734,unknown,unknown_tmlKlasse_0161.wav
0.017130378633737564,0.0912557034814676,1549.024721934033,3310.0,341.0,9878.794037798041,788.0688787497024,407.0258838766193,106.38862055904778,unknown,unknown_tmlKlasse_0162.wav
0.06384003162384033,0.08394274642165135,1252.4445733184727,2359.0,436.0,108074.89980714713,89662.19445852962,10125.55813492736,854.5166985288043,unknown,unknown_tmlKlasse_0163.wav
0.018495773896574974,0.10363147696731045,1464.194672547163,3033.0,712.0,7643.6155506876785,6493.368367467464,292.75122317003763,142.7250043295286,unknown,unknown_tmlKlasse_0164.wav
0.04256167262792587,0.10494405900368774,1712.1562265493926,3974.0,117.0,2072.781004454803,621.7971005477466,63.99353442574692,36.15477267917026,unknown,unknown_tmlKlasse_0165.wav
0.02834196761250496,0.07531720732545784,1112.9049154555378,2017.0,511.0,33283.80674114801,26917.469446186125,565.5844090645232,105.28731741247258,unknown,unknown_tmlKlasse_0166.wav
0.02922629378736019,0.07750484405275329,1487.017538855873,3487.0,344.0,33602.947264888804,4401.878177258273,711.4894772087351,423.4853351974573,unknown,unknown_tmlKlasse_0167.wav
0.006086158100515604,0.10694418401150071,1841.180544898716,4374.0,50.0,1219.819469192772,316.1207889781411,47.34395816457432,28.09460498463303,unknown,unknown_tmlKlasse_0168.wav
0.02675456367433071,0.09338083630226889,1288.6415701226451,2671.0,406.0,17276.393481001764,17030.458453639854,1166.8572566556336,166.65479232238465,unknown,unknown_tmlKlasse_0169.wav
0.018201380968093872,0.1041315082192637,1502.29103253017,3422.0,309.0,11013.892513338054,7966.758968039241,80.11659228925272,343.60198756845824,unknown,unknown_tmlKlasse_0170.wav
0.01994672231376171,0.07531720732545784,1211.1013995994488,2403.0,546.0,9229.772488831426,13674.543933687326,478.3300304166284,71.92309353238136,unknown,unknown_tmlKlasse_0171.wav
0.06312312185764313,0.07044190261891368,1046.5560288539446,2049.0,347.0,118580.97722971348,19277.976158100806,1147.4738664388815,321.84867823540435,unknown,unknown_tmlKlasse_0172.wav
0.012046273797750473,0.06975435964747796,1446.0483176877508,3233.0,238.0,6302.302088569237,1108.9383959367337,93.68748559290611,33.62750050929081,unknown,unknown_tmlKlasse_0173.wav
0.0053498949855566025,0.0956309769360585,1943.043116213031,5039.0,50.0,1327.6390988625858,58.60184043357303,16.97848520333354,17.799439200213715,unknown,unknown_tmlKlasse_0174.wav
0.009505122900009155,0.11188199262453903,1908.3288529255474,4471.0,334.0,1893.3952109027862,116.67677393005364,63.88090292144024,27.573384007644012,unknown,unknown_tmlKlasse_0175.wav
0.006635454948991537,0.12132008250515658,1882.43256962297,3735.0,274.0,2447.0339990727143,203.86626383230407,270.3057886527778,56.03160308379761,unknown,unknown_tmlKlasse_0176.wav
0.012638379819691181,0.18369898118632413,2064.456718534003,3470.0,50.0,609.4746187088858,1365.3552316475066,1012.4569417924899,158.87046098788932,unknown,unknown_tmlKlasse_0177.wav
0.022393664345145226,0.06975435964747796,1366.888655475245,2924.0,143.0,13500.343868665896,4007.453630887987,262.50876111588224,94.80011527590315,unknown,unknown_tmlKlasse_0178.wav
0.018000710755586624,0.08225514094630915,1316.1040461682394,2551.0,412.0,7590.840200987096,6157.6319385419865,350.0478131551298,78.9881781387626,unknown,unknown_tmlKlasse_0179.wav
0.018714936450123787,0.06281642602662667,1332.6830799626814,2868.0,214.0,9672.85701490127,2211.4260746882146,81.8846752341478,44.36610397467852,unknown,unknown_tmlKlasse_0180.wav
0.014202355407178402,0.08194262141383836,1478.1821118266016,3043.0,300.0,7316.306141976584,1771.6437356862348,352.80600126884985,132.42054809871078,unknown,unknown_tmlKlasse_0181.wav
0.004129169974476099,0.12925807862991437,2255.9234049768284,5493.0,50.0,821.3367750054239,32.371355558025556,17.200758615051267,19.198073984698073,unknown,unknown_tmlKlasse_0182.wav
0.016429264098405838,0.09569348084255266,1530.4674947633314,3280.0,452.0,5269.990178773919,1345.9811171839738,247.2539127455384,70.43010120194569,unknown,unknown_tmlKlasse_0183.wav
0.008117897436022758,0.0763797737358585,1544.2253473774883,3943.0,50.0,2667.3433761048245,310.38838381996857,21.541553598898144,18.470539895895456,unknown,unknown_tmlKlasse_0184.wav
0.022227497771382332,0.08381773860866304,1430.2094539293848,3140.0,252.0,11102.460543020128,2106.878113159678,256.91728804862385,114.1733209861136,unknown,unknown_tmlKlasse_0185.wav
0.01265711523592472,0.10169385586599163,1218.8326057816441,3209.0,249.0,14089.525578982795,527.068076274731,32.10265006151273,83.7907433730154,unknown,unknown_tmlKlasse_0186.wav
0.016037896275520325,0.07875492218263641,1418.8977901817045,2948.0,340.0,11184.425613052665,1636.051681915699,877.2137335049582,172.69405038973105,unknown,unknown_tmlKlasse_0187.wav
0.010489754378795624,0.10431901993874618,1558.1570495424974,3710.0,319.0,5654.430862539478,149.24042918490971,135.5448890085772,30.016802492835097,unknown,unknown_tmlKlasse_0188.wav
0.037334904074668884,0.08519282455153447,1247.8125934311156,2412.0,301.0,35258.61502122287,29531.89508920234,3123.1911368235824,674.7089784076948,unknown,unknown_tmlKlasse_0189.wav
0.010271085426211357,0.10281892618288643,1873.7842372071314,3923.0,50.0,2710.469408525241,512.8255427773298,320.7709948232195,122.6440726399178,unknown,unknown_tmlKlasse_0190.wav
0.004700975492596626,0.11013188324270266,2079.965176425122,5220.0,50.0,1104.3475355537644,42.572513275446425,22.834159386963876,21.1494497878932,unknown,unknown_tmlKlasse_0191.wav
0.026358189061284065,0.07894243390211889,1482.451577828243,2936.0,177.0,28161.011452325536,5153.069242674161,2145.6947949484456,334.2632210846256,unknown,unknown_tmlKlasse_0192.wav
0.0030682708602398634,0.13325832864554035,2516.227818296342,5778.0,50.0,378.3878630137068,33.77867558740825,15.522652425593279,17.728077992881467,unknown,unknown_tmlKlasse_0193.wav
0.020011618733406067,0.07525470341896369,1299.2544114471955,2644.0,150.0,8169.238280388896,5178.823445048416,439.5205403577351,94.67128591938445,unknown,unknown_tmlKlasse_0194.wav
0.016656965017318726,0.07044190261891368,1286.0309587429447,2481.0,117.0,15265.407517900958,2832.487602679815,275.00571401429704,43.872352787520846,unknown,unknown_tmlKlasse_0195.wav
0.016134990379214287,0.06562910181886368,1334.5450686215706,2778.0,198.0,8877.524331760691,5915.322654992193,197.57235182393558,75.55978382699081,unknown,unknown_tmlKlasse_0196.wav
0.01838143728673458,0.0977561097568598,1495.0757519196052,3290.0,526.0,6514.405114016783,12869.126429031836,337.4550830487024,198.67145930320362,unknown,unknown_tmlKlasse_0197.wav
0.008897129446268082,0.10631914494655915,1746.0634128549364,4162.0,506.0,2631.1596521630336,2244.8228477496473,208.983280612031,57.16386756536227,unknown,unknown_tmlKlasse_0198.wav
0.05219680443406105,0.08244265266579161,1267.018286483709,2591.0,495.0,88651.5284866783,41637.47020711754,5915.383833400037,990.8128130951555,unknown,unknown_tmlKlasse_0199.wav
0.037459783256053925,0.07887992999562472,1090.9784535449116,2082.0,385.0,51177.58024248073,24189.517814324925,975.7737650680488,211.24342286004295,unknown,unknown_tmlKlasse_0200.wav
